mouse,session,trial,result,geno
Mouse01 (N16-2g-11M),1,1,1,1
Mouse01 (N16-2g-11M),1,2,0,1
Mouse01 (N16-2g-11M),1,3,0,1
Mouse01 (N16-2g-11M),1,4,0,1
Mouse01 (N16-2g-11M),1,5,1,1
Mouse01 (N16-2g-11M),1,6,1,1
Mouse01 (N16-2g-11M),1,7,1,1
Mouse01 (N16-2g-11M),1,8,1,1
Mouse01 (N16-2g-11M),1,9,1,1
Mouse01 (N16-2g-11M),1,10,0,1
Mouse01 (N16-2g-11M),1,11,0,1
Mouse01 (N16-2g-11M),1,12,0,1
Mouse01 (N16-2g-11M),1,13,0,1
Mouse01 (N16-2g-11M),1,14,0,1
Mouse01 (N16-2g-11M),1,15,0,1
Mouse01 (N16-2g-11M),1,16,0,1
Mouse01 (N16-2g-11M),1,17,1,1
Mouse01 (N16-2g-11M),1,18,1,1
Mouse01 (N16-2g-11M),1,19,1,1
Mouse01 (N16-2g-11M),1,20,0,1
Mouse01 (N16-2g-11M),1,21,0,1
Mouse01 (N16-2g-11M),1,22,0,1
Mouse01 (N16-2g-11M),1,23,0,1
Mouse01 (N16-2g-11M),1,24,1,1
Mouse01 (N16-2g-11M),1,25,1,1
Mouse01 (N16-2g-11M),1,26,1,1
Mouse01 (N16-2g-11M),1,27,1,1
Mouse01 (N16-2g-11M),1,28,0,1
Mouse01 (N16-2g-11M),1,29,1,1
Mouse01 (N16-2g-11M),1,30,0,1
Mouse01 (N16-2g-11M),1,31,0,1
Mouse01 (N16-2g-11M),1,32,1,1
Mouse01 (N16-2g-11M),1,33,0,1
Mouse01 (N16-2g-11M),1,34,1,1
Mouse01 (N16-2g-11M),1,35,0,1
Mouse01 (N16-2g-11M),1,36,0,1
Mouse01 (N16-2g-11M),1,37,0,1
Mouse01 (N16-2g-11M),1,38,1,1
Mouse01 (N16-2g-11M),1,39,1,1
Mouse01 (N16-2g-11M),1,40,1,1
Mouse01 (N16-2g-11M),1,41,1,1
Mouse01 (N16-2g-11M),1,42,1,1
Mouse01 (N16-2g-11M),1,43,1,1
Mouse01 (N16-2g-11M),1,44,1,1
Mouse01 (N16-2g-11M),1,45,1,1
Mouse01 (N16-2g-11M),1,46,0,1
Mouse01 (N16-2g-11M),1,47,1,1
Mouse01 (N16-2g-11M),1,48,0,1
Mouse01 (N16-2g-11M),1,49,1,1
Mouse01 (N16-2g-11M),1,50,0,1
Mouse01 (N16-2g-11M),1,51,0,1
Mouse01 (N16-2g-11M),1,52,0,1
Mouse01 (N16-2g-11M),1,53,1,1
Mouse01 (N16-2g-11M),1,54,0,1
Mouse01 (N16-2g-11M),1,55,0,1
Mouse01 (N16-2g-11M),1,56,0,1
Mouse01 (N16-2g-11M),1,57,1,1
Mouse01 (N16-2g-11M),1,58,1,1
Mouse01 (N16-2g-11M),1,59,0,1
Mouse01 (N16-2g-11M),1,60,0,1
Mouse01 (N16-2g-11M),1,61,0,1
Mouse01 (N16-2g-11M),1,62,0,1
Mouse01 (N16-2g-11M),1,63,0,1
Mouse01 (N16-2g-11M),1,64,0,1
Mouse01 (N16-2g-11M),1,65,0,1
Mouse01 (N16-2g-11M),1,66,1,1
Mouse01 (N16-2g-11M),1,67,1,1
Mouse01 (N16-2g-11M),1,68,0,1
Mouse01 (N16-2g-11M),1,69,1,1
Mouse01 (N16-2g-11M),1,70,0,1
Mouse01 (N16-2g-11M),1,71,0,1
Mouse01 (N16-2g-11M),1,72,0,1
Mouse01 (N16-2g-11M),1,73,0,1
Mouse01 (N16-2g-11M),1,74,1,1
Mouse01 (N16-2g-11M),1,75,1,1
Mouse01 (N16-2g-11M),1,76,1,1
Mouse01 (N16-2g-11M),1,77,1,1
Mouse01 (N16-2g-11M),1,78,0,1
Mouse01 (N16-2g-11M),1,79,0,1
Mouse01 (N16-2g-11M),1,80,0,1
Mouse01 (N16-2g-11M),1,81,1,1
Mouse01 (N16-2g-11M),1,82,1,1
Mouse01 (N16-2g-11M),1,83,0,1
Mouse01 (N16-2g-11M),1,84,1,1
Mouse01 (N16-2g-11M),1,85,1,1
Mouse01 (N16-2g-11M),1,86,1,1
Mouse01 (N16-2g-11M),1,87,0,1
Mouse01 (N16-2g-11M),1,88,0,1
Mouse01 (N16-2g-11M),1,89,0,1
Mouse01 (N16-2g-11M),1,90,1,1
Mouse01 (N16-2g-11M),1,91,0,1
Mouse01 (N16-2g-11M),1,92,1,1
Mouse01 (N16-2g-11M),1,93,0,1
Mouse01 (N16-2g-11M),1,94,0,1
Mouse01 (N16-2g-11M),1,95,1,1
Mouse01 (N16-2g-11M),1,96,1,1
Mouse01 (N16-2g-11M),1,97,1,1
Mouse01 (N16-2g-11M),1,98,1,1
Mouse01 (N16-2g-11M),1,99,0,1
Mouse01 (N16-2g-11M),1,100,1,1
Mouse01 (N16-2g-11M),1,101,0,1
Mouse01 (N16-2g-11M),1,102,0,1
Mouse01 (N16-2g-11M),1,103,0,1
Mouse01 (N16-2g-11M),1,104,0,1
Mouse01 (N16-2g-11M),1,105,1,1
Mouse01 (N16-2g-11M),1,106,1,1
Mouse01 (N16-2g-11M),1,107,1,1
Mouse01 (N16-2g-11M),1,108,0,1
Mouse01 (N16-2g-11M),1,109,0,1
Mouse01 (N16-2g-11M),1,110,0,1
Mouse01 (N16-2g-11M),1,111,0,1
Mouse01 (N16-2g-11M),1,112,1,1
Mouse01 (N16-2g-11M),1,113,1,1
Mouse01 (N16-2g-11M),1,114,1,1
Mouse01 (N16-2g-11M),1,115,1,1
Mouse01 (N16-2g-11M),1,116,0,1
Mouse01 (N16-2g-11M),1,117,0,1
Mouse01 (N16-2g-11M),1,118,0,1
Mouse01 (N16-2g-11M),1,119,0,1
Mouse01 (N16-2g-11M),1,120,1,1
Mouse01 (N16-2g-11M),1,121,0,1
Mouse01 (N16-2g-11M),1,122,1,1
Mouse01 (N16-2g-11M),1,123,1,1
Mouse01 (N16-2g-11M),1,124,0,1
Mouse01 (N16-2g-11M),1,125,1,1
Mouse01 (N16-2g-11M),1,126,1,1
Mouse01 (N16-2g-11M),1,127,0,1
Mouse01 (N16-2g-11M),1,128,0,1
Mouse01 (N16-2g-11M),1,129,0,1
Mouse01 (N16-2g-11M),1,130,1,1
Mouse01 (N16-2g-11M),1,131,1,1
Mouse01 (N16-2g-11M),1,132,0,1
Mouse01 (N16-2g-11M),1,133,1,1
Mouse01 (N16-2g-11M),1,134,1,1
Mouse01 (N16-2g-11M),1,135,0,1
Mouse01 (N16-2g-11M),1,136,1,1
Mouse01 (N16-2g-11M),1,137,1,1
Mouse01 (N16-2g-11M),1,138,0,1
Mouse01 (N16-2g-11M),1,139,1,1
Mouse01 (N16-2g-11M),1,140,1,1
Mouse01 (N16-2g-11M),1,141,0,1
Mouse01 (N16-2g-11M),1,142,0,1
Mouse01 (N16-2g-11M),1,143,1,1
Mouse01 (N16-2g-11M),1,144,1,1
Mouse01 (N16-2g-11M),1,145,0,1
Mouse01 (N16-2g-11M),1,146,0,1
Mouse01 (N16-2g-11M),1,147,0,1
Mouse01 (N16-2g-11M),1,148,0,1
Mouse01 (N16-2g-11M),1,149,1,1
Mouse01 (N16-2g-11M),1,150,0,1
Mouse01 (N16-2g-11M),1,151,0,1
Mouse01 (N16-2g-11M),1,152,1,1
Mouse01 (N16-2g-11M),1,153,1,1
Mouse01 (N16-2g-11M),1,154,0,1
Mouse01 (N16-2g-11M),1,155,0,1
Mouse01 (N16-2g-11M),1,156,0,1
Mouse01 (N16-2g-11M),1,157,0,1
Mouse01 (N16-2g-11M),1,158,1,1
Mouse01 (N16-2g-11M),1,159,1,1
Mouse01 (N16-2g-11M),1,160,0,1
Mouse01 (N16-2g-11M),1,161,0,1
Mouse01 (N16-2g-11M),1,162,0,1
Mouse01 (N16-2g-11M),1,163,0,1
Mouse01 (N16-2g-11M),1,164,0,1
Mouse01 (N16-2g-11M),1,165,0,1
Mouse01 (N16-2g-11M),1,166,0,1
Mouse01 (N16-2g-11M),1,167,1,1
Mouse01 (N16-2g-11M),1,168,1,1
Mouse01 (N16-2g-11M),1,169,0,1
Mouse01 (N16-2g-11M),1,170,1,1
Mouse01 (N16-2g-11M),1,171,1,1
Mouse01 (N16-2g-11M),1,172,1,1
Mouse01 (N16-2g-11M),1,173,1,1
Mouse01 (N16-2g-11M),1,174,0,1
Mouse01 (N16-2g-11M),1,175,1,1
Mouse01 (N16-2g-11M),1,176,1,1
Mouse01 (N16-2g-11M),1,177,1,1
Mouse01 (N16-2g-11M),1,178,1,1
Mouse01 (N16-2g-11M),1,179,1,1
Mouse01 (N16-2g-11M),1,180,0,1
Mouse01 (N16-2g-11M),1,181,1,1
Mouse01 (N16-2g-11M),1,182,1,1
Mouse01 (N16-2g-11M),1,183,0,1
Mouse01 (N16-2g-11M),1,184,0,1
Mouse01 (N16-2g-11M),1,185,1,1
Mouse01 (N16-2g-11M),1,186,0,1
Mouse01 (N16-2g-11M),1,187,0,1
Mouse01 (N16-2g-11M),1,188,0,1
Mouse01 (N16-2g-11M),1,189,0,1
Mouse01 (N16-2g-11M),1,190,0,1
Mouse01 (N16-2g-11M),1,191,0,1
Mouse01 (N16-2g-11M),1,192,0,1
Mouse01 (N16-2g-11M),1,193,1,1
Mouse01 (N16-2g-11M),1,194,1,1
Mouse01 (N16-2g-11M),1,195,1,1
Mouse01 (N16-2g-11M),1,196,0,1
Mouse01 (N16-2g-11M),1,197,0,1
Mouse01 (N16-2g-11M),1,198,0,1
Mouse01 (N16-2g-11M),1,199,0,1
Mouse01 (N16-2g-11M),1,200,0,1
Mouse01 (N16-2g-11M),1,201,1,1
Mouse01 (N16-2g-11M),1,202,0,1
Mouse01 (N16-2g-11M),1,203,0,1
Mouse01 (N16-2g-11M),1,204,0,1
Mouse01 (N16-2g-11M),1,205,1,1
Mouse01 (N16-2g-11M),1,206,1,1
Mouse01 (N16-2g-11M),1,207,1,1
Mouse01 (N16-2g-11M),1,208,0,1
Mouse01 (N16-2g-11M),1,209,1,1
Mouse01 (N16-2g-11M),1,210,1,1
Mouse01 (N16-2g-11M),1,211,1,1
Mouse01 (N16-2g-11M),1,212,1,1
Mouse01 (N16-2g-11M),1,213,0,1
Mouse01 (N16-2g-11M),1,214,1,1
Mouse01 (N16-2g-11M),1,215,1,1
Mouse01 (N16-2g-11M),1,216,1,1
Mouse01 (N16-2g-11M),1,217,1,1
Mouse01 (N16-2g-11M),1,218,1,1
Mouse01 (N16-2g-11M),1,219,1,1
Mouse01 (N16-2g-11M),1,220,1,1
Mouse01 (N16-2g-11M),1,221,1,1
Mouse01 (N16-2g-11M),1,222,0,1
Mouse01 (N16-2g-11M),1,223,1,1
Mouse01 (N16-2g-11M),1,224,1,1
Mouse01 (N16-2g-11M),1,225,1,1
Mouse01 (N16-2g-11M),1,226,1,1
Mouse01 (N16-2g-11M),1,227,1,1
Mouse01 (N16-2g-11M),1,228,0,1
Mouse01 (N16-2g-11M),1,229,1,1
Mouse01 (N16-2g-11M),1,230,1,1
Mouse01 (N16-2g-11M),1,231,1,1
Mouse01 (N16-2g-11M),1,232,1,1
Mouse01 (N16-2g-11M),1,233,0,1
Mouse01 (N16-2g-11M),1,234,1,1
Mouse01 (N16-2g-11M),1,235,1,1
Mouse01 (N16-2g-11M),1,236,0,1
Mouse01 (N16-2g-11M),1,237,0,1
Mouse01 (N16-2g-11M),1,238,1,1
Mouse01 (N16-2g-11M),1,239,0,1
Mouse01 (N16-2g-11M),1,240,0,1
Mouse01 (N16-2g-11M),1,241,0,1
Mouse01 (N16-2g-11M),1,242,0,1
Mouse01 (N16-2g-11M),1,243,0,1
Mouse01 (N16-2g-11M),1,244,0,1
Mouse01 (N16-2g-11M),1,245,1,1
Mouse01 (N16-2g-11M),1,246,1,1
Mouse01 (N16-2g-11M),1,247,1,1
Mouse01 (N16-2g-11M),1,248,0,1
Mouse01 (N16-2g-11M),1,249,1,1
Mouse01 (N16-2g-11M),1,250,0,1
Mouse01 (N16-2g-11M),1,251,0,1
Mouse01 (N16-2g-11M),1,252,1,1
Mouse01 (N16-2g-11M),1,253,1,1
Mouse01 (N16-2g-11M),1,254,1,1
Mouse01 (N16-2g-11M),1,255,0,1
Mouse01 (N16-2g-11M),1,256,0,1
Mouse01 (N16-2g-11M),1,257,0,1
Mouse01 (N16-2g-11M),1,258,0,1
Mouse01 (N16-2g-11M),1,259,1,1
Mouse01 (N16-2g-11M),1,260,1,1
Mouse01 (N16-2g-11M),1,261,1,1
Mouse01 (N16-2g-11M),1,262,0,1
Mouse01 (N16-2g-11M),1,263,0,1
Mouse01 (N16-2g-11M),1,264,0,1
Mouse01 (N16-2g-11M),1,265,0,1
Mouse01 (N16-2g-11M),1,266,0,1
Mouse01 (N16-2g-11M),1,267,0,1
Mouse01 (N16-2g-11M),1,268,0,1
Mouse01 (N16-2g-11M),1,269,1,1
Mouse01 (N16-2g-11M),1,270,1,1
Mouse01 (N16-2g-11M),1,271,1,1
Mouse01 (N16-2g-11M),1,272,1,1
Mouse01 (N16-2g-11M),1,273,1,1
Mouse01 (N16-2g-11M),1,274,1,1
Mouse01 (N16-2g-11M),1,275,0,1
Mouse01 (N16-2g-11M),1,276,0,1
Mouse01 (N16-2g-11M),1,277,0,1
Mouse01 (N16-2g-11M),1,278,1,1
Mouse01 (N16-2g-11M),1,279,1,1
Mouse01 (N16-2g-11M),1,280,0,1
Mouse01 (N16-2g-11M),1,281,1,1
Mouse01 (N16-2g-11M),1,282,1,1
Mouse01 (N16-2g-11M),1,283,1,1
Mouse01 (N16-2g-11M),1,284,0,1
Mouse01 (N16-2g-11M),1,285,0,1
Mouse01 (N16-2g-11M),1,286,0,1
Mouse01 (N16-2g-11M),1,287,0,1
Mouse01 (N16-2g-11M),1,288,1,1
Mouse01 (N16-2g-11M),1,289,1,1
Mouse01 (N16-2g-11M),1,290,1,1
Mouse01 (N16-2g-11M),1,291,0,1
Mouse01 (N16-2g-11M),1,292,0,1
Mouse01 (N16-2g-11M),1,293,1,1
Mouse01 (N16-2g-11M),1,294,1,1
Mouse01 (N16-2g-11M),1,295,1,1
Mouse01 (N16-2g-11M),1,296,0,1
Mouse01 (N16-2g-11M),1,297,0,1
Mouse01 (N16-2g-11M),1,298,0,1
Mouse01 (N16-2g-11M),1,299,1,1
Mouse01 (N16-2g-11M),1,300,1,1
Mouse01 (N16-2g-11M),1,301,0,1
Mouse01 (N16-2g-11M),1,302,0,1
Mouse01 (N16-2g-11M),1,303,0,1
Mouse01 (N16-2g-11M),1,304,0,1
Mouse01 (N16-2g-11M),1,305,0,1
Mouse01 (N16-2g-11M),1,306,0,1
Mouse01 (N16-2g-11M),1,307,1,1
Mouse01 (N16-2g-11M),2,1,0,1
Mouse01 (N16-2g-11M),2,2,1,1
Mouse01 (N16-2g-11M),2,3,0,1
Mouse01 (N16-2g-11M),2,4,0,1
Mouse01 (N16-2g-11M),2,5,1,1
Mouse01 (N16-2g-11M),2,6,0,1
Mouse01 (N16-2g-11M),2,7,0,1
Mouse01 (N16-2g-11M),2,8,0,1
Mouse01 (N16-2g-11M),2,9,1,1
Mouse01 (N16-2g-11M),2,10,1,1
Mouse01 (N16-2g-11M),2,11,1,1
Mouse01 (N16-2g-11M),2,12,0,1
Mouse01 (N16-2g-11M),2,13,1,1
Mouse01 (N16-2g-11M),2,14,1,1
Mouse01 (N16-2g-11M),2,15,0,1
Mouse01 (N16-2g-11M),2,16,0,1
Mouse01 (N16-2g-11M),2,17,1,1
Mouse01 (N16-2g-11M),2,18,0,1
Mouse01 (N16-2g-11M),2,19,1,1
Mouse01 (N16-2g-11M),2,20,0,1
Mouse01 (N16-2g-11M),2,21,0,1
Mouse01 (N16-2g-11M),2,22,1,1
Mouse01 (N16-2g-11M),2,23,1,1
Mouse01 (N16-2g-11M),2,24,0,1
Mouse01 (N16-2g-11M),2,25,1,1
Mouse01 (N16-2g-11M),2,26,0,1
Mouse01 (N16-2g-11M),2,27,0,1
Mouse01 (N16-2g-11M),2,28,0,1
Mouse01 (N16-2g-11M),2,29,1,1
Mouse01 (N16-2g-11M),2,30,0,1
Mouse01 (N16-2g-11M),2,31,1,1
Mouse01 (N16-2g-11M),2,32,1,1
Mouse01 (N16-2g-11M),2,33,1,1
Mouse01 (N16-2g-11M),2,34,0,1
Mouse01 (N16-2g-11M),2,35,1,1
Mouse01 (N16-2g-11M),2,36,1,1
Mouse01 (N16-2g-11M),2,37,0,1
Mouse01 (N16-2g-11M),2,38,1,1
Mouse01 (N16-2g-11M),2,39,1,1
Mouse01 (N16-2g-11M),2,40,0,1
Mouse01 (N16-2g-11M),2,41,0,1
Mouse01 (N16-2g-11M),2,42,1,1
Mouse01 (N16-2g-11M),2,43,1,1
Mouse01 (N16-2g-11M),2,44,0,1
Mouse01 (N16-2g-11M),2,45,1,1
Mouse01 (N16-2g-11M),2,46,0,1
Mouse01 (N16-2g-11M),2,47,0,1
Mouse01 (N16-2g-11M),2,48,1,1
Mouse01 (N16-2g-11M),2,49,1,1
Mouse01 (N16-2g-11M),2,50,1,1
Mouse01 (N16-2g-11M),2,51,0,1
Mouse01 (N16-2g-11M),2,52,1,1
Mouse01 (N16-2g-11M),2,53,0,1
Mouse01 (N16-2g-11M),2,54,1,1
Mouse01 (N16-2g-11M),2,55,0,1
Mouse01 (N16-2g-11M),2,56,0,1
Mouse01 (N16-2g-11M),2,57,1,1
Mouse01 (N16-2g-11M),2,58,1,1
Mouse01 (N16-2g-11M),2,59,1,1
Mouse01 (N16-2g-11M),2,60,1,1
Mouse01 (N16-2g-11M),2,61,1,1
Mouse01 (N16-2g-11M),2,62,0,1
Mouse01 (N16-2g-11M),2,63,1,1
Mouse01 (N16-2g-11M),2,64,0,1
Mouse01 (N16-2g-11M),2,65,0,1
Mouse01 (N16-2g-11M),2,66,1,1
Mouse01 (N16-2g-11M),2,67,1,1
Mouse01 (N16-2g-11M),2,68,0,1
Mouse01 (N16-2g-11M),2,69,1,1
Mouse01 (N16-2g-11M),2,70,0,1
Mouse01 (N16-2g-11M),2,71,0,1
Mouse01 (N16-2g-11M),2,72,0,1
Mouse01 (N16-2g-11M),2,73,1,1
Mouse01 (N16-2g-11M),2,74,1,1
Mouse01 (N16-2g-11M),2,75,1,1
Mouse01 (N16-2g-11M),2,76,0,1
Mouse01 (N16-2g-11M),2,77,0,1
Mouse01 (N16-2g-11M),2,78,0,1
Mouse01 (N16-2g-11M),2,79,0,1
Mouse01 (N16-2g-11M),2,80,1,1
Mouse01 (N16-2g-11M),2,81,1,1
Mouse01 (N16-2g-11M),2,82,1,1
Mouse01 (N16-2g-11M),2,83,1,1
Mouse01 (N16-2g-11M),2,84,1,1
Mouse01 (N16-2g-11M),2,85,0,1
Mouse01 (N16-2g-11M),2,86,1,1
Mouse01 (N16-2g-11M),2,87,0,1
Mouse01 (N16-2g-11M),2,88,1,1
Mouse01 (N16-2g-11M),2,89,0,1
Mouse01 (N16-2g-11M),2,90,1,1
Mouse01 (N16-2g-11M),2,91,1,1
Mouse01 (N16-2g-11M),2,92,1,1
Mouse01 (N16-2g-11M),2,93,0,1
Mouse01 (N16-2g-11M),2,94,1,1
Mouse01 (N16-2g-11M),2,95,1,1
Mouse01 (N16-2g-11M),2,96,1,1
Mouse01 (N16-2g-11M),2,97,0,1
Mouse01 (N16-2g-11M),2,98,1,1
Mouse01 (N16-2g-11M),2,99,0,1
Mouse01 (N16-2g-11M),2,100,1,1
Mouse01 (N16-2g-11M),2,101,1,1
Mouse01 (N16-2g-11M),2,102,1,1
Mouse01 (N16-2g-11M),2,103,1,1
Mouse01 (N16-2g-11M),2,104,1,1
Mouse01 (N16-2g-11M),2,105,0,1
Mouse01 (N16-2g-11M),2,106,0,1
Mouse01 (N16-2g-11M),2,107,0,1
Mouse01 (N16-2g-11M),2,108,1,1
Mouse01 (N16-2g-11M),2,109,0,1
Mouse01 (N16-2g-11M),2,110,0,1
Mouse01 (N16-2g-11M),2,111,0,1
Mouse01 (N16-2g-11M),2,112,1,1
Mouse01 (N16-2g-11M),2,113,0,1
Mouse01 (N16-2g-11M),2,114,1,1
Mouse01 (N16-2g-11M),2,115,1,1
Mouse01 (N16-2g-11M),2,116,1,1
Mouse01 (N16-2g-11M),2,117,1,1
Mouse01 (N16-2g-11M),2,118,1,1
Mouse01 (N16-2g-11M),2,119,0,1
Mouse01 (N16-2g-11M),2,120,1,1
Mouse01 (N16-2g-11M),2,121,1,1
Mouse01 (N16-2g-11M),2,122,0,1
Mouse01 (N16-2g-11M),2,123,1,1
Mouse01 (N16-2g-11M),2,124,0,1
Mouse01 (N16-2g-11M),2,125,0,1
Mouse01 (N16-2g-11M),2,126,0,1
Mouse01 (N16-2g-11M),2,127,1,1
Mouse01 (N16-2g-11M),2,128,1,1
Mouse01 (N16-2g-11M),2,129,1,1
Mouse01 (N16-2g-11M),2,130,1,1
Mouse01 (N16-2g-11M),2,131,1,1
Mouse01 (N16-2g-11M),2,132,1,1
Mouse01 (N16-2g-11M),2,133,1,1
Mouse01 (N16-2g-11M),2,134,0,1
Mouse01 (N16-2g-11M),2,135,0,1
Mouse01 (N16-2g-11M),2,136,1,1
Mouse01 (N16-2g-11M),2,137,0,1
Mouse01 (N16-2g-11M),2,138,0,1
Mouse01 (N16-2g-11M),2,139,1,1
Mouse01 (N16-2g-11M),2,140,1,1
Mouse01 (N16-2g-11M),2,141,1,1
Mouse01 (N16-2g-11M),2,142,1,1
Mouse01 (N16-2g-11M),2,143,1,1
Mouse01 (N16-2g-11M),2,144,0,1
Mouse01 (N16-2g-11M),2,145,1,1
Mouse01 (N16-2g-11M),2,146,1,1
Mouse01 (N16-2g-11M),2,147,1,1
Mouse01 (N16-2g-11M),2,148,0,1
Mouse01 (N16-2g-11M),2,149,0,1
Mouse01 (N16-2g-11M),2,150,0,1
Mouse01 (N16-2g-11M),2,151,0,1
Mouse01 (N16-2g-11M),2,152,0,1
Mouse01 (N16-2g-11M),2,153,1,1
Mouse01 (N16-2g-11M),2,154,1,1
Mouse01 (N16-2g-11M),2,155,0,1
Mouse01 (N16-2g-11M),2,156,1,1
Mouse01 (N16-2g-11M),2,157,1,1
Mouse01 (N16-2g-11M),2,158,1,1
Mouse01 (N16-2g-11M),2,159,1,1
Mouse01 (N16-2g-11M),2,160,1,1
Mouse01 (N16-2g-11M),2,161,0,1
Mouse01 (N16-2g-11M),2,162,0,1
Mouse01 (N16-2g-11M),2,163,1,1
Mouse01 (N16-2g-11M),2,164,1,1
Mouse01 (N16-2g-11M),2,165,1,1
Mouse01 (N16-2g-11M),2,166,0,1
Mouse01 (N16-2g-11M),2,167,0,1
Mouse01 (N16-2g-11M),2,168,1,1
Mouse01 (N16-2g-11M),2,169,0,1
Mouse01 (N16-2g-11M),2,170,1,1
Mouse01 (N16-2g-11M),2,171,0,1
Mouse01 (N16-2g-11M),2,172,1,1
Mouse01 (N16-2g-11M),2,173,1,1
Mouse01 (N16-2g-11M),2,174,1,1
Mouse01 (N16-2g-11M),2,175,0,1
Mouse01 (N16-2g-11M),2,176,0,1
Mouse01 (N16-2g-11M),2,177,1,1
Mouse01 (N16-2g-11M),2,178,1,1
Mouse01 (N16-2g-11M),2,179,0,1
Mouse01 (N16-2g-11M),2,180,0,1
Mouse01 (N16-2g-11M),2,181,0,1
Mouse01 (N16-2g-11M),2,182,1,1
Mouse01 (N16-2g-11M),2,183,1,1
Mouse01 (N16-2g-11M),2,184,1,1
Mouse01 (N16-2g-11M),2,185,1,1
Mouse01 (N16-2g-11M),2,186,1,1
Mouse01 (N16-2g-11M),2,187,1,1
Mouse01 (N16-2g-11M),2,188,0,1
Mouse01 (N16-2g-11M),2,189,0,1
Mouse01 (N16-2g-11M),2,190,1,1
Mouse01 (N16-2g-11M),2,191,0,1
Mouse01 (N16-2g-11M),2,192,0,1
Mouse01 (N16-2g-11M),2,193,1,1
Mouse01 (N16-2g-11M),2,194,1,1
Mouse01 (N16-2g-11M),2,195,0,1
Mouse01 (N16-2g-11M),2,196,0,1
Mouse01 (N16-2g-11M),2,197,0,1
Mouse01 (N16-2g-11M),2,198,1,1
Mouse01 (N16-2g-11M),2,199,1,1
Mouse01 (N16-2g-11M),2,200,0,1
Mouse01 (N16-2g-11M),2,201,0,1
Mouse01 (N16-2g-11M),2,202,1,1
Mouse01 (N16-2g-11M),2,203,1,1
Mouse01 (N16-2g-11M),2,204,0,1
Mouse01 (N16-2g-11M),2,205,1,1
Mouse01 (N16-2g-11M),2,206,1,1
Mouse01 (N16-2g-11M),2,207,0,1
Mouse01 (N16-2g-11M),2,208,0,1
Mouse01 (N16-2g-11M),2,209,0,1
Mouse01 (N16-2g-11M),2,210,1,1
Mouse01 (N16-2g-11M),2,211,0,1
Mouse01 (N16-2g-11M),2,212,1,1
Mouse01 (N16-2g-11M),2,213,0,1
Mouse01 (N16-2g-11M),2,214,1,1
Mouse01 (N16-2g-11M),2,215,0,1
Mouse01 (N16-2g-11M),2,216,0,1
Mouse01 (N16-2g-11M),2,217,0,1
Mouse01 (N16-2g-11M),2,218,1,1
Mouse01 (N16-2g-11M),2,219,1,1
Mouse01 (N16-2g-11M),2,220,1,1
Mouse01 (N16-2g-11M),2,221,0,1
Mouse01 (N16-2g-11M),2,222,1,1
Mouse01 (N16-2g-11M),2,223,1,1
Mouse01 (N16-2g-11M),2,224,0,1
Mouse01 (N16-2g-11M),2,225,0,1
Mouse01 (N16-2g-11M),2,226,0,1
Mouse01 (N16-2g-11M),2,227,0,1
Mouse01 (N16-2g-11M),2,228,1,1
Mouse01 (N16-2g-11M),2,229,1,1
Mouse01 (N16-2g-11M),2,230,0,1
Mouse01 (N16-2g-11M),2,231,1,1
Mouse01 (N16-2g-11M),2,232,1,1
Mouse01 (N16-2g-11M),2,233,0,1
Mouse01 (N16-2g-11M),2,234,1,1
Mouse01 (N16-2g-11M),2,235,0,1
Mouse01 (N16-2g-11M),2,236,0,1
Mouse01 (N16-2g-11M),2,237,0,1
Mouse01 (N16-2g-11M),2,238,1,1
Mouse01 (N16-2g-11M),2,239,1,1
Mouse01 (N16-2g-11M),2,240,0,1
Mouse01 (N16-2g-11M),2,241,1,1
Mouse01 (N16-2g-11M),2,242,0,1
Mouse01 (N16-2g-11M),2,243,1,1
Mouse01 (N16-2g-11M),2,244,1,1
Mouse01 (N16-2g-11M),2,245,0,1
Mouse01 (N16-2g-11M),2,246,0,1
Mouse01 (N16-2g-11M),2,247,1,1
Mouse01 (N16-2g-11M),2,248,0,1
Mouse01 (N16-2g-11M),2,249,0,1
Mouse01 (N16-2g-11M),2,250,0,1
Mouse01 (N16-2g-11M),2,251,1,1
Mouse01 (N16-2g-11M),2,252,0,1
Mouse01 (N16-2g-11M),2,253,1,1
Mouse01 (N16-2g-11M),2,254,1,1
Mouse01 (N16-2g-11M),2,255,1,1
Mouse01 (N16-2g-11M),2,256,0,1
Mouse01 (N16-2g-11M),2,257,0,1
Mouse01 (N16-2g-11M),2,258,0,1
Mouse01 (N16-2g-11M),2,259,1,1
Mouse01 (N16-2g-11M),2,260,1,1
Mouse01 (N16-2g-11M),2,261,0,1
Mouse01 (N16-2g-11M),2,262,0,1
Mouse01 (N16-2g-11M),2,263,0,1
Mouse01 (N16-2g-11M),2,264,0,1
Mouse01 (N16-2g-11M),2,265,0,1
Mouse01 (N16-2g-11M),2,266,0,1
Mouse01 (N16-2g-11M),2,267,1,1
Mouse01 (N16-2g-11M),2,268,1,1
Mouse01 (N16-2g-11M),2,269,1,1
Mouse01 (N16-2g-11M),2,270,0,1
Mouse01 (N16-2g-11M),2,271,0,1
Mouse01 (N16-2g-11M),2,272,1,1
Mouse01 (N16-2g-11M),2,273,0,1
Mouse01 (N16-2g-11M),2,274,0,1
Mouse01 (N16-2g-11M),2,275,1,1
Mouse01 (N16-2g-11M),2,276,0,1
Mouse01 (N16-2g-11M),2,277,1,1
Mouse01 (N16-2g-11M),2,278,0,1
Mouse01 (N16-2g-11M),2,279,0,1
Mouse01 (N16-2g-11M),2,280,0,1
Mouse01 (N16-2g-11M),2,281,0,1
Mouse01 (N16-2g-11M),2,282,1,1
Mouse01 (N16-2g-11M),2,283,1,1
Mouse01 (N16-2g-11M),3,1,0,1
Mouse01 (N16-2g-11M),3,2,1,1
Mouse01 (N16-2g-11M),3,3,0,1
Mouse01 (N16-2g-11M),3,4,1,1
Mouse01 (N16-2g-11M),3,5,1,1
Mouse01 (N16-2g-11M),3,6,1,1
Mouse01 (N16-2g-11M),3,7,0,1
Mouse01 (N16-2g-11M),3,8,0,1
Mouse01 (N16-2g-11M),3,9,1,1
Mouse01 (N16-2g-11M),3,10,1,1
Mouse01 (N16-2g-11M),3,11,1,1
Mouse01 (N16-2g-11M),3,12,0,1
Mouse01 (N16-2g-11M),3,13,1,1
Mouse01 (N16-2g-11M),3,14,0,1
Mouse01 (N16-2g-11M),3,15,1,1
Mouse01 (N16-2g-11M),3,16,0,1
Mouse01 (N16-2g-11M),3,17,0,1
Mouse01 (N16-2g-11M),3,18,0,1
Mouse01 (N16-2g-11M),3,19,1,1
Mouse01 (N16-2g-11M),3,20,1,1
Mouse01 (N16-2g-11M),3,21,0,1
Mouse01 (N16-2g-11M),3,22,1,1
Mouse01 (N16-2g-11M),3,23,1,1
Mouse01 (N16-2g-11M),3,24,0,1
Mouse01 (N16-2g-11M),3,25,1,1
Mouse01 (N16-2g-11M),3,26,1,1
Mouse01 (N16-2g-11M),3,27,1,1
Mouse01 (N16-2g-11M),3,28,0,1
Mouse01 (N16-2g-11M),3,29,0,1
Mouse01 (N16-2g-11M),3,30,1,1
Mouse01 (N16-2g-11M),3,31,1,1
Mouse01 (N16-2g-11M),3,32,0,1
Mouse01 (N16-2g-11M),3,33,1,1
Mouse01 (N16-2g-11M),3,34,1,1
Mouse01 (N16-2g-11M),3,35,0,1
Mouse01 (N16-2g-11M),3,36,0,1
Mouse01 (N16-2g-11M),3,37,1,1
Mouse01 (N16-2g-11M),3,38,1,1
Mouse01 (N16-2g-11M),3,39,1,1
Mouse01 (N16-2g-11M),3,40,0,1
Mouse01 (N16-2g-11M),3,41,1,1
Mouse01 (N16-2g-11M),3,42,1,1
Mouse01 (N16-2g-11M),3,43,1,1
Mouse01 (N16-2g-11M),3,44,1,1
Mouse01 (N16-2g-11M),3,45,0,1
Mouse01 (N16-2g-11M),3,46,1,1
Mouse01 (N16-2g-11M),3,47,1,1
Mouse01 (N16-2g-11M),3,48,0,1
Mouse01 (N16-2g-11M),3,49,1,1
Mouse01 (N16-2g-11M),3,50,0,1
Mouse01 (N16-2g-11M),3,51,1,1
Mouse01 (N16-2g-11M),3,52,0,1
Mouse01 (N16-2g-11M),3,53,1,1
Mouse01 (N16-2g-11M),3,54,1,1
Mouse01 (N16-2g-11M),3,55,0,1
Mouse01 (N16-2g-11M),3,56,0,1
Mouse01 (N16-2g-11M),3,57,1,1
Mouse01 (N16-2g-11M),3,58,1,1
Mouse01 (N16-2g-11M),3,59,1,1
Mouse01 (N16-2g-11M),3,60,1,1
Mouse01 (N16-2g-11M),3,61,0,1
Mouse01 (N16-2g-11M),3,62,0,1
Mouse01 (N16-2g-11M),3,63,0,1
Mouse01 (N16-2g-11M),3,64,1,1
Mouse01 (N16-2g-11M),3,65,0,1
Mouse01 (N16-2g-11M),3,66,1,1
Mouse01 (N16-2g-11M),3,67,1,1
Mouse01 (N16-2g-11M),3,68,1,1
Mouse01 (N16-2g-11M),3,69,0,1
Mouse01 (N16-2g-11M),3,70,1,1
Mouse01 (N16-2g-11M),3,71,1,1
Mouse01 (N16-2g-11M),3,72,0,1
Mouse01 (N16-2g-11M),3,73,1,1
Mouse01 (N16-2g-11M),3,74,0,1
Mouse01 (N16-2g-11M),3,75,0,1
Mouse01 (N16-2g-11M),3,76,0,1
Mouse01 (N16-2g-11M),3,77,0,1
Mouse01 (N16-2g-11M),3,78,1,1
Mouse01 (N16-2g-11M),3,79,0,1
Mouse01 (N16-2g-11M),3,80,0,1
Mouse01 (N16-2g-11M),3,81,1,1
Mouse01 (N16-2g-11M),3,82,1,1
Mouse01 (N16-2g-11M),3,83,1,1
Mouse01 (N16-2g-11M),3,84,1,1
Mouse01 (N16-2g-11M),3,85,0,1
Mouse01 (N16-2g-11M),3,86,1,1
Mouse01 (N16-2g-11M),3,87,1,1
Mouse01 (N16-2g-11M),3,88,0,1
Mouse01 (N16-2g-11M),3,89,1,1
Mouse01 (N16-2g-11M),3,90,0,1
Mouse01 (N16-2g-11M),3,91,1,1
Mouse01 (N16-2g-11M),3,92,1,1
Mouse01 (N16-2g-11M),3,93,0,1
Mouse01 (N16-2g-11M),3,94,1,1
Mouse01 (N16-2g-11M),3,95,0,1
Mouse01 (N16-2g-11M),3,96,0,1
Mouse01 (N16-2g-11M),3,97,1,1
Mouse01 (N16-2g-11M),3,98,1,1
Mouse01 (N16-2g-11M),3,99,1,1
Mouse01 (N16-2g-11M),3,100,0,1
Mouse01 (N16-2g-11M),3,101,1,1
Mouse01 (N16-2g-11M),3,102,1,1
Mouse01 (N16-2g-11M),3,103,1,1
Mouse01 (N16-2g-11M),3,104,1,1
Mouse01 (N16-2g-11M),3,105,1,1
Mouse01 (N16-2g-11M),3,106,1,1
Mouse01 (N16-2g-11M),3,107,1,1
Mouse01 (N16-2g-11M),3,108,1,1
Mouse01 (N16-2g-11M),3,109,0,1
Mouse01 (N16-2g-11M),3,110,1,1
Mouse01 (N16-2g-11M),3,111,0,1
Mouse01 (N16-2g-11M),3,112,1,1
Mouse01 (N16-2g-11M),3,113,0,1
Mouse01 (N16-2g-11M),3,114,1,1
Mouse01 (N16-2g-11M),3,115,1,1
Mouse01 (N16-2g-11M),3,116,1,1
Mouse01 (N16-2g-11M),3,117,1,1
Mouse01 (N16-2g-11M),3,118,1,1
Mouse01 (N16-2g-11M),3,119,1,1
Mouse01 (N16-2g-11M),3,120,1,1
Mouse01 (N16-2g-11M),3,121,1,1
Mouse01 (N16-2g-11M),3,122,1,1
Mouse01 (N16-2g-11M),3,123,1,1
Mouse01 (N16-2g-11M),3,124,0,1
Mouse01 (N16-2g-11M),3,125,0,1
Mouse01 (N16-2g-11M),3,126,1,1
Mouse01 (N16-2g-11M),3,127,1,1
Mouse01 (N16-2g-11M),3,128,0,1
Mouse01 (N16-2g-11M),3,129,1,1
Mouse01 (N16-2g-11M),3,130,0,1
Mouse01 (N16-2g-11M),3,131,1,1
Mouse01 (N16-2g-11M),3,132,1,1
Mouse01 (N16-2g-11M),3,133,1,1
Mouse01 (N16-2g-11M),3,134,0,1
Mouse01 (N16-2g-11M),3,135,1,1
Mouse01 (N16-2g-11M),3,136,1,1
Mouse01 (N16-2g-11M),3,137,1,1
Mouse01 (N16-2g-11M),3,138,0,1
Mouse01 (N16-2g-11M),3,139,0,1
Mouse01 (N16-2g-11M),3,140,1,1
Mouse01 (N16-2g-11M),3,141,0,1
Mouse01 (N16-2g-11M),3,142,0,1
Mouse01 (N16-2g-11M),3,143,1,1
Mouse01 (N16-2g-11M),3,144,1,1
Mouse01 (N16-2g-11M),3,145,1,1
Mouse01 (N16-2g-11M),3,146,1,1
Mouse01 (N16-2g-11M),3,147,1,1
Mouse01 (N16-2g-11M),3,148,1,1
Mouse01 (N16-2g-11M),3,149,0,1
Mouse01 (N16-2g-11M),3,150,1,1
Mouse01 (N16-2g-11M),3,151,1,1
Mouse01 (N16-2g-11M),3,152,1,1
Mouse01 (N16-2g-11M),3,153,0,1
Mouse01 (N16-2g-11M),3,154,1,1
Mouse01 (N16-2g-11M),3,155,1,1
Mouse01 (N16-2g-11M),3,156,1,1
Mouse01 (N16-2g-11M),3,157,1,1
Mouse01 (N16-2g-11M),3,158,0,1
Mouse01 (N16-2g-11M),3,159,1,1
Mouse01 (N16-2g-11M),3,160,1,1
Mouse01 (N16-2g-11M),3,161,1,1
Mouse01 (N16-2g-11M),3,162,1,1
Mouse01 (N16-2g-11M),3,163,1,1
Mouse01 (N16-2g-11M),3,164,0,1
Mouse01 (N16-2g-11M),3,165,1,1
Mouse01 (N16-2g-11M),3,166,1,1
Mouse01 (N16-2g-11M),3,167,1,1
Mouse01 (N16-2g-11M),3,168,1,1
Mouse01 (N16-2g-11M),3,169,1,1
Mouse01 (N16-2g-11M),3,170,1,1
Mouse01 (N16-2g-11M),3,171,1,1
Mouse01 (N16-2g-11M),3,172,1,1
Mouse01 (N16-2g-11M),3,173,1,1
Mouse01 (N16-2g-11M),3,174,1,1
Mouse01 (N16-2g-11M),3,175,0,1
Mouse01 (N16-2g-11M),3,176,1,1
Mouse01 (N16-2g-11M),3,177,1,1
Mouse01 (N16-2g-11M),3,178,0,1
Mouse01 (N16-2g-11M),3,179,1,1
Mouse01 (N16-2g-11M),3,180,1,1
Mouse01 (N16-2g-11M),3,181,1,1
Mouse01 (N16-2g-11M),3,182,1,1
Mouse01 (N16-2g-11M),3,183,1,1
Mouse01 (N16-2g-11M),3,184,1,1
Mouse01 (N16-2g-11M),3,185,1,1
Mouse01 (N16-2g-11M),3,186,1,1
Mouse01 (N16-2g-11M),3,187,1,1
Mouse01 (N16-2g-11M),3,188,1,1
Mouse01 (N16-2g-11M),3,189,0,1
Mouse01 (N16-2g-11M),3,190,1,1
Mouse01 (N16-2g-11M),3,191,0,1
Mouse01 (N16-2g-11M),3,192,1,1
Mouse01 (N16-2g-11M),3,193,1,1
Mouse01 (N16-2g-11M),3,194,1,1
Mouse01 (N16-2g-11M),3,195,0,1
Mouse01 (N16-2g-11M),3,196,1,1
Mouse01 (N16-2g-11M),3,197,0,1
Mouse01 (N16-2g-11M),3,198,1,1
Mouse01 (N16-2g-11M),3,199,1,1
Mouse01 (N16-2g-11M),3,200,1,1
Mouse01 (N16-2g-11M),3,201,1,1
Mouse01 (N16-2g-11M),3,202,1,1
Mouse01 (N16-2g-11M),3,203,1,1
Mouse01 (N16-2g-11M),3,204,1,1
Mouse01 (N16-2g-11M),3,205,1,1
Mouse01 (N16-2g-11M),3,206,0,1
Mouse01 (N16-2g-11M),3,207,0,1
Mouse01 (N16-2g-11M),3,208,1,1
Mouse01 (N16-2g-11M),3,209,1,1
Mouse01 (N16-2g-11M),3,210,1,1
Mouse01 (N16-2g-11M),3,211,1,1
Mouse01 (N16-2g-11M),3,212,1,1
Mouse01 (N16-2g-11M),3,213,1,1
Mouse01 (N16-2g-11M),3,214,1,1
Mouse01 (N16-2g-11M),3,215,0,1
Mouse01 (N16-2g-11M),3,216,0,1
Mouse01 (N16-2g-11M),3,217,1,1
Mouse01 (N16-2g-11M),3,218,0,1
Mouse01 (N16-2g-11M),3,219,1,1
Mouse02 (N13-2g-22M),1,1,1,1
Mouse02 (N13-2g-22M),1,2,1,1
Mouse02 (N13-2g-22M),1,3,0,1
Mouse02 (N13-2g-22M),1,4,1,1
Mouse02 (N13-2g-22M),1,5,0,1
Mouse02 (N13-2g-22M),1,6,1,1
Mouse02 (N13-2g-22M),1,7,0,1
Mouse02 (N13-2g-22M),1,8,1,1
Mouse02 (N13-2g-22M),1,9,0,1
Mouse02 (N13-2g-22M),1,10,0,1
Mouse02 (N13-2g-22M),1,11,1,1
Mouse02 (N13-2g-22M),1,12,1,1
Mouse02 (N13-2g-22M),1,13,1,1
Mouse02 (N13-2g-22M),1,14,0,1
Mouse02 (N13-2g-22M),1,15,1,1
Mouse02 (N13-2g-22M),1,16,1,1
Mouse02 (N13-2g-22M),1,17,1,1
Mouse02 (N13-2g-22M),1,18,0,1
Mouse02 (N13-2g-22M),1,19,1,1
Mouse02 (N13-2g-22M),1,20,0,1
Mouse02 (N13-2g-22M),1,21,0,1
Mouse02 (N13-2g-22M),1,22,1,1
Mouse02 (N13-2g-22M),1,23,0,1
Mouse02 (N13-2g-22M),1,24,0,1
Mouse02 (N13-2g-22M),1,25,1,1
Mouse02 (N13-2g-22M),1,26,1,1
Mouse02 (N13-2g-22M),1,27,1,1
Mouse02 (N13-2g-22M),1,28,1,1
Mouse02 (N13-2g-22M),1,29,0,1
Mouse02 (N13-2g-22M),1,30,1,1
Mouse02 (N13-2g-22M),1,31,1,1
Mouse02 (N13-2g-22M),1,32,1,1
Mouse02 (N13-2g-22M),1,33,0,1
Mouse02 (N13-2g-22M),1,34,0,1
Mouse02 (N13-2g-22M),1,35,0,1
Mouse02 (N13-2g-22M),1,36,0,1
Mouse02 (N13-2g-22M),1,37,1,1
Mouse02 (N13-2g-22M),1,38,1,1
Mouse02 (N13-2g-22M),1,39,1,1
Mouse02 (N13-2g-22M),1,40,0,1
Mouse02 (N13-2g-22M),1,41,1,1
Mouse02 (N13-2g-22M),1,42,1,1
Mouse02 (N13-2g-22M),1,43,0,1
Mouse02 (N13-2g-22M),1,44,0,1
Mouse02 (N13-2g-22M),1,45,1,1
Mouse02 (N13-2g-22M),1,46,0,1
Mouse02 (N13-2g-22M),1,47,0,1
Mouse02 (N13-2g-22M),1,48,0,1
Mouse02 (N13-2g-22M),1,49,1,1
Mouse02 (N13-2g-22M),1,50,0,1
Mouse02 (N13-2g-22M),1,51,1,1
Mouse02 (N13-2g-22M),1,52,0,1
Mouse02 (N13-2g-22M),1,53,0,1
Mouse02 (N13-2g-22M),1,54,1,1
Mouse02 (N13-2g-22M),1,55,0,1
Mouse02 (N13-2g-22M),1,56,0,1
Mouse02 (N13-2g-22M),1,57,1,1
Mouse02 (N13-2g-22M),1,58,1,1
Mouse02 (N13-2g-22M),1,59,1,1
Mouse02 (N13-2g-22M),1,60,1,1
Mouse02 (N13-2g-22M),1,61,0,1
Mouse02 (N13-2g-22M),1,62,0,1
Mouse02 (N13-2g-22M),1,63,1,1
Mouse02 (N13-2g-22M),1,64,0,1
Mouse02 (N13-2g-22M),1,65,1,1
Mouse02 (N13-2g-22M),1,66,1,1
Mouse02 (N13-2g-22M),1,67,1,1
Mouse02 (N13-2g-22M),1,68,0,1
Mouse02 (N13-2g-22M),1,69,0,1
Mouse02 (N13-2g-22M),1,70,0,1
Mouse02 (N13-2g-22M),1,71,0,1
Mouse02 (N13-2g-22M),1,72,1,1
Mouse02 (N13-2g-22M),1,73,0,1
Mouse02 (N13-2g-22M),1,74,0,1
Mouse02 (N13-2g-22M),1,75,1,1
Mouse02 (N13-2g-22M),1,76,1,1
Mouse02 (N13-2g-22M),1,77,1,1
Mouse02 (N13-2g-22M),1,78,0,1
Mouse02 (N13-2g-22M),1,79,0,1
Mouse02 (N13-2g-22M),1,80,1,1
Mouse02 (N13-2g-22M),1,81,1,1
Mouse02 (N13-2g-22M),1,82,0,1
Mouse02 (N13-2g-22M),1,83,1,1
Mouse02 (N13-2g-22M),1,84,1,1
Mouse02 (N13-2g-22M),1,85,1,1
Mouse02 (N13-2g-22M),1,86,1,1
Mouse02 (N13-2g-22M),1,87,1,1
Mouse02 (N13-2g-22M),1,88,0,1
Mouse02 (N13-2g-22M),1,89,0,1
Mouse02 (N13-2g-22M),1,90,1,1
Mouse02 (N13-2g-22M),1,91,1,1
Mouse02 (N13-2g-22M),1,92,0,1
Mouse02 (N13-2g-22M),1,93,1,1
Mouse02 (N13-2g-22M),1,94,1,1
Mouse02 (N13-2g-22M),1,95,1,1
Mouse02 (N13-2g-22M),1,96,1,1
Mouse02 (N13-2g-22M),1,97,1,1
Mouse02 (N13-2g-22M),1,98,1,1
Mouse02 (N13-2g-22M),1,99,0,1
Mouse02 (N13-2g-22M),1,100,1,1
Mouse02 (N13-2g-22M),1,101,1,1
Mouse02 (N13-2g-22M),1,102,1,1
Mouse02 (N13-2g-22M),1,103,0,1
Mouse02 (N13-2g-22M),1,104,1,1
Mouse02 (N13-2g-22M),1,105,0,1
Mouse02 (N13-2g-22M),1,106,1,1
Mouse02 (N13-2g-22M),1,107,1,1
Mouse02 (N13-2g-22M),1,108,0,1
Mouse02 (N13-2g-22M),1,109,1,1
Mouse02 (N13-2g-22M),1,110,1,1
Mouse02 (N13-2g-22M),1,111,0,1
Mouse02 (N13-2g-22M),1,112,0,1
Mouse02 (N13-2g-22M),1,113,0,1
Mouse02 (N13-2g-22M),1,114,0,1
Mouse02 (N13-2g-22M),1,115,1,1
Mouse02 (N13-2g-22M),1,116,0,1
Mouse02 (N13-2g-22M),1,117,0,1
Mouse02 (N13-2g-22M),1,118,0,1
Mouse02 (N13-2g-22M),1,119,1,1
Mouse02 (N13-2g-22M),1,120,0,1
Mouse02 (N13-2g-22M),1,121,0,1
Mouse02 (N13-2g-22M),1,122,1,1
Mouse02 (N13-2g-22M),1,123,0,1
Mouse02 (N13-2g-22M),1,124,0,1
Mouse02 (N13-2g-22M),1,125,1,1
Mouse02 (N13-2g-22M),1,126,1,1
Mouse02 (N13-2g-22M),1,127,1,1
Mouse02 (N13-2g-22M),1,128,1,1
Mouse02 (N13-2g-22M),1,129,1,1
Mouse02 (N13-2g-22M),1,130,1,1
Mouse02 (N13-2g-22M),1,131,1,1
Mouse02 (N13-2g-22M),1,132,0,1
Mouse02 (N13-2g-22M),1,133,1,1
Mouse02 (N13-2g-22M),1,134,0,1
Mouse02 (N13-2g-22M),1,135,0,1
Mouse02 (N13-2g-22M),1,136,0,1
Mouse02 (N13-2g-22M),1,137,0,1
Mouse02 (N13-2g-22M),1,138,1,1
Mouse02 (N13-2g-22M),1,139,1,1
Mouse02 (N13-2g-22M),1,140,0,1
Mouse02 (N13-2g-22M),1,141,0,1
Mouse02 (N13-2g-22M),1,142,1,1
Mouse02 (N13-2g-22M),1,143,0,1
Mouse02 (N13-2g-22M),1,144,1,1
Mouse02 (N13-2g-22M),1,145,1,1
Mouse02 (N13-2g-22M),2,1,1,1
Mouse02 (N13-2g-22M),2,2,0,1
Mouse02 (N13-2g-22M),2,3,1,1
Mouse02 (N13-2g-22M),2,4,1,1
Mouse02 (N13-2g-22M),2,5,0,1
Mouse02 (N13-2g-22M),2,6,0,1
Mouse02 (N13-2g-22M),2,7,0,1
Mouse02 (N13-2g-22M),2,8,0,1
Mouse02 (N13-2g-22M),2,9,1,1
Mouse02 (N13-2g-22M),2,10,0,1
Mouse02 (N13-2g-22M),2,11,0,1
Mouse02 (N13-2g-22M),2,12,1,1
Mouse02 (N13-2g-22M),2,13,1,1
Mouse02 (N13-2g-22M),2,14,0,1
Mouse02 (N13-2g-22M),2,15,0,1
Mouse02 (N13-2g-22M),2,16,1,1
Mouse02 (N13-2g-22M),2,17,0,1
Mouse02 (N13-2g-22M),2,18,1,1
Mouse02 (N13-2g-22M),2,19,0,1
Mouse02 (N13-2g-22M),2,20,0,1
Mouse02 (N13-2g-22M),2,21,0,1
Mouse02 (N13-2g-22M),2,22,0,1
Mouse02 (N13-2g-22M),2,23,0,1
Mouse02 (N13-2g-22M),2,24,0,1
Mouse02 (N13-2g-22M),2,25,1,1
Mouse02 (N13-2g-22M),2,26,1,1
Mouse02 (N13-2g-22M),2,27,1,1
Mouse02 (N13-2g-22M),2,28,0,1
Mouse02 (N13-2g-22M),2,29,1,1
Mouse02 (N13-2g-22M),2,30,1,1
Mouse02 (N13-2g-22M),2,31,1,1
Mouse02 (N13-2g-22M),2,32,0,1
Mouse02 (N13-2g-22M),2,33,1,1
Mouse02 (N13-2g-22M),2,34,1,1
Mouse02 (N13-2g-22M),2,35,0,1
Mouse02 (N13-2g-22M),2,36,0,1
Mouse02 (N13-2g-22M),2,37,0,1
Mouse02 (N13-2g-22M),2,38,1,1
Mouse02 (N13-2g-22M),2,39,1,1
Mouse02 (N13-2g-22M),2,40,1,1
Mouse02 (N13-2g-22M),2,41,0,1
Mouse02 (N13-2g-22M),2,42,0,1
Mouse02 (N13-2g-22M),2,43,1,1
Mouse02 (N13-2g-22M),2,44,0,1
Mouse02 (N13-2g-22M),2,45,1,1
Mouse02 (N13-2g-22M),2,46,0,1
Mouse02 (N13-2g-22M),2,47,1,1
Mouse02 (N13-2g-22M),2,48,0,1
Mouse02 (N13-2g-22M),2,49,1,1
Mouse02 (N13-2g-22M),2,50,1,1
Mouse02 (N13-2g-22M),2,51,1,1
Mouse02 (N13-2g-22M),2,52,1,1
Mouse02 (N13-2g-22M),2,53,0,1
Mouse02 (N13-2g-22M),2,54,1,1
Mouse02 (N13-2g-22M),2,55,0,1
Mouse02 (N13-2g-22M),2,56,0,1
Mouse02 (N13-2g-22M),2,57,0,1
Mouse02 (N13-2g-22M),2,58,1,1
Mouse02 (N13-2g-22M),2,59,0,1
Mouse02 (N13-2g-22M),2,60,1,1
Mouse02 (N13-2g-22M),2,61,0,1
Mouse02 (N13-2g-22M),2,62,0,1
Mouse02 (N13-2g-22M),2,63,1,1
Mouse02 (N13-2g-22M),2,64,0,1
Mouse02 (N13-2g-22M),2,65,0,1
Mouse02 (N13-2g-22M),2,66,1,1
Mouse02 (N13-2g-22M),2,67,1,1
Mouse02 (N13-2g-22M),2,68,0,1
Mouse02 (N13-2g-22M),2,69,1,1
Mouse02 (N13-2g-22M),2,70,1,1
Mouse02 (N13-2g-22M),2,71,1,1
Mouse02 (N13-2g-22M),2,72,0,1
Mouse02 (N13-2g-22M),2,73,0,1
Mouse02 (N13-2g-22M),2,74,0,1
Mouse02 (N13-2g-22M),2,75,1,1
Mouse02 (N13-2g-22M),2,76,1,1
Mouse02 (N13-2g-22M),2,77,1,1
Mouse02 (N13-2g-22M),2,78,0,1
Mouse02 (N13-2g-22M),2,79,0,1
Mouse02 (N13-2g-22M),2,80,1,1
Mouse02 (N13-2g-22M),2,81,1,1
Mouse02 (N13-2g-22M),2,82,0,1
Mouse02 (N13-2g-22M),2,83,1,1
Mouse02 (N13-2g-22M),2,84,1,1
Mouse02 (N13-2g-22M),2,85,0,1
Mouse02 (N13-2g-22M),2,86,0,1
Mouse02 (N13-2g-22M),2,87,1,1
Mouse02 (N13-2g-22M),2,88,1,1
Mouse02 (N13-2g-22M),2,89,0,1
Mouse02 (N13-2g-22M),2,90,1,1
Mouse02 (N13-2g-22M),2,91,0,1
Mouse02 (N13-2g-22M),2,92,1,1
Mouse02 (N13-2g-22M),2,93,0,1
Mouse02 (N13-2g-22M),2,94,0,1
Mouse02 (N13-2g-22M),2,95,1,1
Mouse02 (N13-2g-22M),2,96,1,1
Mouse02 (N13-2g-22M),2,97,1,1
Mouse02 (N13-2g-22M),2,98,1,1
Mouse02 (N13-2g-22M),2,99,0,1
Mouse02 (N13-2g-22M),2,100,0,1
Mouse02 (N13-2g-22M),2,101,0,1
Mouse02 (N13-2g-22M),2,102,1,1
Mouse02 (N13-2g-22M),2,103,1,1
Mouse02 (N13-2g-22M),2,104,0,1
Mouse02 (N13-2g-22M),2,105,1,1
Mouse02 (N13-2g-22M),2,106,0,1
Mouse02 (N13-2g-22M),2,107,1,1
Mouse02 (N13-2g-22M),2,108,0,1
Mouse02 (N13-2g-22M),2,109,0,1
Mouse02 (N13-2g-22M),2,110,1,1
Mouse02 (N13-2g-22M),2,111,0,1
Mouse02 (N13-2g-22M),2,112,0,1
Mouse02 (N13-2g-22M),2,113,0,1
Mouse02 (N13-2g-22M),2,114,1,1
Mouse02 (N13-2g-22M),2,115,0,1
Mouse02 (N13-2g-22M),2,116,1,1
Mouse02 (N13-2g-22M),2,117,1,1
Mouse02 (N13-2g-22M),2,118,0,1
Mouse02 (N13-2g-22M),2,119,0,1
Mouse02 (N13-2g-22M),2,120,0,1
Mouse02 (N13-2g-22M),2,121,0,1
Mouse02 (N13-2g-22M),2,122,1,1
Mouse02 (N13-2g-22M),2,123,0,1
Mouse02 (N13-2g-22M),2,124,0,1
Mouse02 (N13-2g-22M),2,125,1,1
Mouse02 (N13-2g-22M),2,126,1,1
Mouse02 (N13-2g-22M),2,127,1,1
Mouse02 (N13-2g-22M),2,128,0,1
Mouse02 (N13-2g-22M),2,129,1,1
Mouse02 (N13-2g-22M),2,130,0,1
Mouse02 (N13-2g-22M),2,131,0,1
Mouse02 (N13-2g-22M),2,132,0,1
Mouse02 (N13-2g-22M),2,133,0,1
Mouse02 (N13-2g-22M),2,134,0,1
Mouse02 (N13-2g-22M),2,135,1,1
Mouse02 (N13-2g-22M),2,136,0,1
Mouse02 (N13-2g-22M),2,137,1,1
Mouse02 (N13-2g-22M),2,138,1,1
Mouse02 (N13-2g-22M),2,139,1,1
Mouse02 (N13-2g-22M),2,140,1,1
Mouse02 (N13-2g-22M),2,141,1,1
Mouse02 (N13-2g-22M),2,142,0,1
Mouse02 (N13-2g-22M),2,143,0,1
Mouse02 (N13-2g-22M),2,144,0,1
Mouse02 (N13-2g-22M),2,145,1,1
Mouse02 (N13-2g-22M),2,146,0,1
Mouse02 (N13-2g-22M),2,147,1,1
Mouse02 (N13-2g-22M),2,148,0,1
Mouse02 (N13-2g-22M),2,149,1,1
Mouse02 (N13-2g-22M),2,150,0,1
Mouse02 (N13-2g-22M),2,151,1,1
Mouse02 (N13-2g-22M),2,152,0,1
Mouse02 (N13-2g-22M),2,153,1,1
Mouse02 (N13-2g-22M),2,154,0,1
Mouse02 (N13-2g-22M),2,155,1,1
Mouse02 (N13-2g-22M),2,156,0,1
Mouse02 (N13-2g-22M),2,157,0,1
Mouse02 (N13-2g-22M),2,158,1,1
Mouse02 (N13-2g-22M),2,159,1,1
Mouse02 (N13-2g-22M),2,160,0,1
Mouse02 (N13-2g-22M),2,161,1,1
Mouse02 (N13-2g-22M),2,162,1,1
Mouse02 (N13-2g-22M),2,163,1,1
Mouse02 (N13-2g-22M),3,1,1,1
Mouse02 (N13-2g-22M),3,2,0,1
Mouse02 (N13-2g-22M),3,3,0,1
Mouse02 (N13-2g-22M),3,4,0,1
Mouse02 (N13-2g-22M),3,5,0,1
Mouse02 (N13-2g-22M),3,6,0,1
Mouse02 (N13-2g-22M),3,7,1,1
Mouse02 (N13-2g-22M),3,8,1,1
Mouse02 (N13-2g-22M),3,9,1,1
Mouse02 (N13-2g-22M),3,10,1,1
Mouse02 (N13-2g-22M),3,11,1,1
Mouse02 (N13-2g-22M),3,12,1,1
Mouse02 (N13-2g-22M),3,13,1,1
Mouse02 (N13-2g-22M),3,14,1,1
Mouse02 (N13-2g-22M),3,15,1,1
Mouse02 (N13-2g-22M),3,16,0,1
Mouse02 (N13-2g-22M),3,17,1,1
Mouse02 (N13-2g-22M),3,18,0,1
Mouse02 (N13-2g-22M),3,19,1,1
Mouse02 (N13-2g-22M),3,20,0,1
Mouse02 (N13-2g-22M),3,21,0,1
Mouse02 (N13-2g-22M),3,22,1,1
Mouse02 (N13-2g-22M),3,23,1,1
Mouse02 (N13-2g-22M),3,24,0,1
Mouse02 (N13-2g-22M),3,25,0,1
Mouse02 (N13-2g-22M),3,26,1,1
Mouse02 (N13-2g-22M),3,27,1,1
Mouse02 (N13-2g-22M),3,28,1,1
Mouse02 (N13-2g-22M),3,29,1,1
Mouse02 (N13-2g-22M),3,30,0,1
Mouse02 (N13-2g-22M),3,31,1,1
Mouse02 (N13-2g-22M),3,32,0,1
Mouse02 (N13-2g-22M),3,33,0,1
Mouse02 (N13-2g-22M),3,34,1,1
Mouse02 (N13-2g-22M),3,35,0,1
Mouse02 (N13-2g-22M),3,36,0,1
Mouse02 (N13-2g-22M),3,37,0,1
Mouse02 (N13-2g-22M),3,38,1,1
Mouse02 (N13-2g-22M),3,39,1,1
Mouse02 (N13-2g-22M),3,40,1,1
Mouse02 (N13-2g-22M),3,41,1,1
Mouse02 (N13-2g-22M),3,42,0,1
Mouse02 (N13-2g-22M),3,43,0,1
Mouse02 (N13-2g-22M),3,44,1,1
Mouse02 (N13-2g-22M),3,45,1,1
Mouse02 (N13-2g-22M),3,46,0,1
Mouse02 (N13-2g-22M),3,47,0,1
Mouse02 (N13-2g-22M),3,48,1,1
Mouse02 (N13-2g-22M),3,49,1,1
Mouse02 (N13-2g-22M),3,50,0,1
Mouse02 (N13-2g-22M),3,51,1,1
Mouse02 (N13-2g-22M),3,52,1,1
Mouse02 (N13-2g-22M),3,53,0,1
Mouse02 (N13-2g-22M),3,54,1,1
Mouse02 (N13-2g-22M),3,55,1,1
Mouse02 (N13-2g-22M),3,56,1,1
Mouse02 (N13-2g-22M),3,57,1,1
Mouse02 (N13-2g-22M),3,58,1,1
Mouse02 (N13-2g-22M),3,59,1,1
Mouse02 (N13-2g-22M),3,60,1,1
Mouse02 (N13-2g-22M),3,61,0,1
Mouse02 (N13-2g-22M),3,62,1,1
Mouse02 (N13-2g-22M),3,63,0,1
Mouse02 (N13-2g-22M),3,64,1,1
Mouse02 (N13-2g-22M),3,65,1,1
Mouse02 (N13-2g-22M),3,66,1,1
Mouse02 (N13-2g-22M),3,67,1,1
Mouse02 (N13-2g-22M),3,68,0,1
Mouse02 (N13-2g-22M),3,69,0,1
Mouse02 (N13-2g-22M),3,70,1,1
Mouse02 (N13-2g-22M),3,71,1,1
Mouse02 (N13-2g-22M),3,72,1,1
Mouse02 (N13-2g-22M),3,73,0,1
Mouse02 (N13-2g-22M),3,74,1,1
Mouse02 (N13-2g-22M),3,75,1,1
Mouse02 (N13-2g-22M),3,76,1,1
Mouse02 (N13-2g-22M),3,77,1,1
Mouse02 (N13-2g-22M),3,78,1,1
Mouse02 (N13-2g-22M),3,79,0,1
Mouse02 (N13-2g-22M),3,80,1,1
Mouse02 (N13-2g-22M),3,81,1,1
Mouse02 (N13-2g-22M),3,82,1,1
Mouse02 (N13-2g-22M),3,83,1,1
Mouse02 (N13-2g-22M),3,84,1,1
Mouse02 (N13-2g-22M),3,85,1,1
Mouse02 (N13-2g-22M),3,86,1,1
Mouse02 (N13-2g-22M),3,87,1,1
Mouse02 (N13-2g-22M),3,88,1,1
Mouse02 (N13-2g-22M),3,89,1,1
Mouse02 (N13-2g-22M),3,90,1,1
Mouse02 (N13-2g-22M),3,91,1,1
Mouse02 (N13-2g-22M),3,92,1,1
Mouse02 (N13-2g-22M),3,93,0,1
Mouse02 (N13-2g-22M),3,94,1,1
Mouse02 (N13-2g-22M),3,95,1,1
Mouse02 (N13-2g-22M),3,96,0,1
Mouse02 (N13-2g-22M),3,97,1,1
Mouse02 (N13-2g-22M),3,98,1,1
Mouse02 (N13-2g-22M),3,99,0,1
Mouse02 (N13-2g-22M),3,100,1,1
Mouse02 (N13-2g-22M),3,101,1,1
Mouse02 (N13-2g-22M),3,102,1,1
Mouse02 (N13-2g-22M),3,103,1,1
Mouse02 (N13-2g-22M),3,104,1,1
Mouse02 (N13-2g-22M),3,105,1,1
Mouse02 (N13-2g-22M),3,106,0,1
Mouse02 (N13-2g-22M),3,107,1,1
Mouse02 (N13-2g-22M),3,108,0,1
Mouse02 (N13-2g-22M),3,109,1,1
Mouse02 (N13-2g-22M),3,110,0,1
Mouse02 (N13-2g-22M),3,111,0,1
Mouse02 (N13-2g-22M),3,112,1,1
Mouse02 (N13-2g-22M),3,113,1,1
Mouse02 (N13-2g-22M),3,114,1,1
Mouse02 (N13-2g-22M),3,115,1,1
Mouse02 (N13-2g-22M),3,116,0,1
Mouse02 (N13-2g-22M),3,117,1,1
Mouse02 (N13-2g-22M),4,1,0,1
Mouse02 (N13-2g-22M),4,2,1,1
Mouse02 (N13-2g-22M),4,3,0,1
Mouse02 (N13-2g-22M),4,4,1,1
Mouse02 (N13-2g-22M),4,5,1,1
Mouse02 (N13-2g-22M),4,6,1,1
Mouse02 (N13-2g-22M),4,7,1,1
Mouse02 (N13-2g-22M),4,8,1,1
Mouse02 (N13-2g-22M),4,9,1,1
Mouse02 (N13-2g-22M),4,10,1,1
Mouse02 (N13-2g-22M),4,11,1,1
Mouse02 (N13-2g-22M),4,12,0,1
Mouse02 (N13-2g-22M),4,13,1,1
Mouse02 (N13-2g-22M),4,14,1,1
Mouse02 (N13-2g-22M),4,15,0,1
Mouse02 (N13-2g-22M),4,16,1,1
Mouse02 (N13-2g-22M),4,17,1,1
Mouse02 (N13-2g-22M),4,18,1,1
Mouse02 (N13-2g-22M),4,19,1,1
Mouse02 (N13-2g-22M),4,20,1,1
Mouse02 (N13-2g-22M),4,21,1,1
Mouse02 (N13-2g-22M),4,22,0,1
Mouse02 (N13-2g-22M),4,23,0,1
Mouse02 (N13-2g-22M),4,24,1,1
Mouse02 (N13-2g-22M),4,25,1,1
Mouse02 (N13-2g-22M),4,26,1,1
Mouse02 (N13-2g-22M),4,27,1,1
Mouse02 (N13-2g-22M),4,28,1,1
Mouse02 (N13-2g-22M),4,29,0,1
Mouse02 (N13-2g-22M),4,30,1,1
Mouse02 (N13-2g-22M),4,31,1,1
Mouse02 (N13-2g-22M),4,32,0,1
Mouse02 (N13-2g-22M),4,33,1,1
Mouse02 (N13-2g-22M),4,34,1,1
Mouse02 (N13-2g-22M),4,35,0,1
Mouse02 (N13-2g-22M),4,36,0,1
Mouse02 (N13-2g-22M),4,37,1,1
Mouse02 (N13-2g-22M),4,38,1,1
Mouse02 (N13-2g-22M),4,39,1,1
Mouse02 (N13-2g-22M),4,40,1,1
Mouse02 (N13-2g-22M),4,41,1,1
Mouse02 (N13-2g-22M),4,42,0,1
Mouse02 (N13-2g-22M),4,43,1,1
Mouse02 (N13-2g-22M),4,44,0,1
Mouse02 (N13-2g-22M),4,45,1,1
Mouse02 (N13-2g-22M),4,46,0,1
Mouse02 (N13-2g-22M),4,47,1,1
Mouse02 (N13-2g-22M),4,48,0,1
Mouse02 (N13-2g-22M),4,49,1,1
Mouse02 (N13-2g-22M),4,50,1,1
Mouse02 (N13-2g-22M),4,51,1,1
Mouse02 (N13-2g-22M),4,52,1,1
Mouse02 (N13-2g-22M),4,53,1,1
Mouse02 (N13-2g-22M),4,54,1,1
Mouse02 (N13-2g-22M),4,55,1,1
Mouse02 (N13-2g-22M),4,56,1,1
Mouse02 (N13-2g-22M),4,57,0,1
Mouse02 (N13-2g-22M),4,58,1,1
Mouse02 (N13-2g-22M),4,59,1,1
Mouse02 (N13-2g-22M),4,60,1,1
Mouse02 (N13-2g-22M),4,61,1,1
Mouse02 (N13-2g-22M),4,62,1,1
Mouse02 (N13-2g-22M),4,63,1,1
Mouse02 (N13-2g-22M),4,64,1,1
Mouse02 (N13-2g-22M),4,65,1,1
Mouse02 (N13-2g-22M),4,66,1,1
Mouse02 (N13-2g-22M),4,67,1,1
Mouse02 (N13-2g-22M),4,68,0,1
Mouse02 (N13-2g-22M),4,69,0,1
Mouse02 (N13-2g-22M),4,70,1,1
Mouse02 (N13-2g-22M),4,71,1,1
Mouse02 (N13-2g-22M),4,72,1,1
Mouse02 (N13-2g-22M),4,73,1,1
Mouse02 (N13-2g-22M),4,74,1,1
Mouse02 (N13-2g-22M),4,75,0,1
Mouse02 (N13-2g-22M),4,76,0,1
Mouse02 (N13-2g-22M),4,77,1,1
Mouse02 (N13-2g-22M),4,78,1,1
Mouse02 (N13-2g-22M),4,79,1,1
Mouse02 (N13-2g-22M),4,80,1,1
Mouse02 (N13-2g-22M),4,81,0,1
Mouse02 (N13-2g-22M),4,82,1,1
Mouse02 (N13-2g-22M),4,83,0,1
Mouse02 (N13-2g-22M),4,84,1,1
Mouse02 (N13-2g-22M),4,85,1,1
Mouse02 (N13-2g-22M),4,86,1,1
Mouse02 (N13-2g-22M),4,87,1,1
Mouse02 (N13-2g-22M),4,88,1,1
Mouse02 (N13-2g-22M),4,89,1,1
Mouse02 (N13-2g-22M),4,90,0,1
Mouse02 (N13-2g-22M),4,91,1,1
Mouse02 (N13-2g-22M),4,92,1,1
Mouse02 (N13-2g-22M),4,93,0,1
Mouse02 (N13-2g-22M),4,94,1,1
Mouse02 (N13-2g-22M),4,95,1,1
Mouse02 (N13-2g-22M),4,96,1,1
Mouse02 (N13-2g-22M),4,97,1,1
Mouse02 (N13-2g-22M),4,98,1,1
Mouse02 (N13-2g-22M),4,99,1,1
Mouse02 (N13-2g-22M),4,100,1,1
Mouse02 (N13-2g-22M),4,101,1,1
Mouse02 (N13-2g-22M),4,102,1,1
Mouse02 (N13-2g-22M),4,103,0,1
Mouse02 (N13-2g-22M),4,104,1,1
Mouse03 (N10-2g-36M),1,1,1,1
Mouse03 (N10-2g-36M),1,2,1,1
Mouse03 (N10-2g-36M),1,3,0,1
Mouse03 (N10-2g-36M),1,4,1,1
Mouse03 (N10-2g-36M),1,5,1,1
Mouse03 (N10-2g-36M),1,6,0,1
Mouse03 (N10-2g-36M),1,7,1,1
Mouse03 (N10-2g-36M),1,8,1,1
Mouse03 (N10-2g-36M),1,9,0,1
Mouse03 (N10-2g-36M),1,10,1,1
Mouse03 (N10-2g-36M),1,11,1,1
Mouse03 (N10-2g-36M),1,12,0,1
Mouse03 (N10-2g-36M),1,13,1,1
Mouse03 (N10-2g-36M),1,14,1,1
Mouse03 (N10-2g-36M),1,15,0,1
Mouse03 (N10-2g-36M),1,16,1,1
Mouse03 (N10-2g-36M),1,17,1,1
Mouse03 (N10-2g-36M),1,18,1,1
Mouse03 (N10-2g-36M),1,19,0,1
Mouse03 (N10-2g-36M),1,20,0,1
Mouse03 (N10-2g-36M),1,21,1,1
Mouse03 (N10-2g-36M),1,22,1,1
Mouse03 (N10-2g-36M),1,23,1,1
Mouse03 (N10-2g-36M),1,24,1,1
Mouse03 (N10-2g-36M),1,25,0,1
Mouse03 (N10-2g-36M),1,26,1,1
Mouse03 (N10-2g-36M),1,27,0,1
Mouse03 (N10-2g-36M),1,28,1,1
Mouse03 (N10-2g-36M),1,29,1,1
Mouse03 (N10-2g-36M),1,30,0,1
Mouse03 (N10-2g-36M),1,31,0,1
Mouse03 (N10-2g-36M),1,32,0,1
Mouse03 (N10-2g-36M),1,33,1,1
Mouse03 (N10-2g-36M),1,34,1,1
Mouse03 (N10-2g-36M),1,35,1,1
Mouse03 (N10-2g-36M),1,36,1,1
Mouse03 (N10-2g-36M),1,37,0,1
Mouse03 (N10-2g-36M),1,38,0,1
Mouse03 (N10-2g-36M),1,39,1,1
Mouse03 (N10-2g-36M),1,40,1,1
Mouse03 (N10-2g-36M),1,41,0,1
Mouse03 (N10-2g-36M),1,42,0,1
Mouse03 (N10-2g-36M),1,43,0,1
Mouse03 (N10-2g-36M),1,44,1,1
Mouse03 (N10-2g-36M),1,45,0,1
Mouse03 (N10-2g-36M),1,46,0,1
Mouse03 (N10-2g-36M),1,47,0,1
Mouse03 (N10-2g-36M),1,48,1,1
Mouse03 (N10-2g-36M),1,49,1,1
Mouse03 (N10-2g-36M),1,50,1,1
Mouse03 (N10-2g-36M),1,51,1,1
Mouse03 (N10-2g-36M),1,52,0,1
Mouse03 (N10-2g-36M),1,53,0,1
Mouse03 (N10-2g-36M),1,54,1,1
Mouse03 (N10-2g-36M),1,55,1,1
Mouse03 (N10-2g-36M),1,56,0,1
Mouse03 (N10-2g-36M),1,57,1,1
Mouse03 (N10-2g-36M),1,58,1,1
Mouse03 (N10-2g-36M),1,59,1,1
Mouse03 (N10-2g-36M),1,60,1,1
Mouse03 (N10-2g-36M),1,61,1,1
Mouse03 (N10-2g-36M),1,62,0,1
Mouse03 (N10-2g-36M),1,63,1,1
Mouse03 (N10-2g-36M),1,64,0,1
Mouse03 (N10-2g-36M),1,65,1,1
Mouse03 (N10-2g-36M),1,66,1,1
Mouse03 (N10-2g-36M),1,67,1,1
Mouse03 (N10-2g-36M),1,68,0,1
Mouse03 (N10-2g-36M),1,69,1,1
Mouse03 (N10-2g-36M),1,70,0,1
Mouse03 (N10-2g-36M),1,71,1,1
Mouse03 (N10-2g-36M),1,72,1,1
Mouse03 (N10-2g-36M),1,73,1,1
Mouse03 (N10-2g-36M),1,74,1,1
Mouse03 (N10-2g-36M),1,75,0,1
Mouse03 (N10-2g-36M),1,76,0,1
Mouse03 (N10-2g-36M),1,77,0,1
Mouse03 (N10-2g-36M),1,78,1,1
Mouse03 (N10-2g-36M),1,79,0,1
Mouse03 (N10-2g-36M),1,80,1,1
Mouse03 (N10-2g-36M),1,81,0,1
Mouse03 (N10-2g-36M),1,82,0,1
Mouse03 (N10-2g-36M),1,83,1,1
Mouse03 (N10-2g-36M),1,84,1,1
Mouse03 (N10-2g-36M),1,85,0,1
Mouse03 (N10-2g-36M),1,86,1,1
Mouse03 (N10-2g-36M),1,87,0,1
Mouse03 (N10-2g-36M),1,88,0,1
Mouse03 (N10-2g-36M),1,89,0,1
Mouse03 (N10-2g-36M),1,90,1,1
Mouse03 (N10-2g-36M),1,91,0,1
Mouse03 (N10-2g-36M),1,92,1,1
Mouse03 (N10-2g-36M),1,93,1,1
Mouse03 (N10-2g-36M),1,94,0,1
Mouse03 (N10-2g-36M),1,95,0,1
Mouse03 (N10-2g-36M),1,96,1,1
Mouse03 (N10-2g-36M),1,97,1,1
Mouse03 (N10-2g-36M),1,98,0,1
Mouse03 (N10-2g-36M),1,99,0,1
Mouse03 (N10-2g-36M),1,100,1,1
Mouse03 (N10-2g-36M),1,101,0,1
Mouse03 (N10-2g-36M),1,102,1,1
Mouse03 (N10-2g-36M),1,103,0,1
Mouse03 (N10-2g-36M),1,104,1,1
Mouse03 (N10-2g-36M),1,105,0,1
Mouse03 (N10-2g-36M),1,106,1,1
Mouse03 (N10-2g-36M),1,107,1,1
Mouse03 (N10-2g-36M),1,108,0,1
Mouse03 (N10-2g-36M),1,109,0,1
Mouse03 (N10-2g-36M),1,110,0,1
Mouse03 (N10-2g-36M),1,111,0,1
Mouse03 (N10-2g-36M),1,112,0,1
Mouse03 (N10-2g-36M),1,113,1,1
Mouse03 (N10-2g-36M),1,114,0,1
Mouse03 (N10-2g-36M),1,115,1,1
Mouse03 (N10-2g-36M),1,116,0,1
Mouse03 (N10-2g-36M),1,117,0,1
Mouse03 (N10-2g-36M),1,118,0,1
Mouse03 (N10-2g-36M),1,119,0,1
Mouse03 (N10-2g-36M),1,120,1,1
Mouse03 (N10-2g-36M),1,121,1,1
Mouse03 (N10-2g-36M),1,122,0,1
Mouse03 (N10-2g-36M),1,123,0,1
Mouse03 (N10-2g-36M),1,124,0,1
Mouse03 (N10-2g-36M),1,125,0,1
Mouse03 (N10-2g-36M),1,126,1,1
Mouse03 (N10-2g-36M),1,127,1,1
Mouse03 (N10-2g-36M),1,128,0,1
Mouse03 (N10-2g-36M),1,129,0,1
Mouse03 (N10-2g-36M),1,130,1,1
Mouse03 (N10-2g-36M),1,131,1,1
Mouse03 (N10-2g-36M),1,132,0,1
Mouse03 (N10-2g-36M),1,133,1,1
Mouse03 (N10-2g-36M),1,134,1,1
Mouse03 (N10-2g-36M),1,135,1,1
Mouse03 (N10-2g-36M),1,136,0,1
Mouse03 (N10-2g-36M),1,137,1,1
Mouse03 (N10-2g-36M),1,138,1,1
Mouse03 (N10-2g-36M),1,139,0,1
Mouse03 (N10-2g-36M),1,140,0,1
Mouse03 (N10-2g-36M),1,141,1,1
Mouse03 (N10-2g-36M),1,142,0,1
Mouse03 (N10-2g-36M),1,143,0,1
Mouse03 (N10-2g-36M),1,144,0,1
Mouse03 (N10-2g-36M),1,145,0,1
Mouse03 (N10-2g-36M),1,146,0,1
Mouse03 (N10-2g-36M),1,147,0,1
Mouse03 (N10-2g-36M),1,148,0,1
Mouse03 (N10-2g-36M),1,149,0,1
Mouse03 (N10-2g-36M),1,150,1,1
Mouse03 (N10-2g-36M),1,151,1,1
Mouse03 (N10-2g-36M),1,152,0,1
Mouse03 (N10-2g-36M),1,153,1,1
Mouse03 (N10-2g-36M),1,154,0,1
Mouse03 (N10-2g-36M),1,155,1,1
Mouse03 (N10-2g-36M),2,1,1,1
Mouse03 (N10-2g-36M),2,2,0,1
Mouse03 (N10-2g-36M),2,3,1,1
Mouse03 (N10-2g-36M),2,4,1,1
Mouse03 (N10-2g-36M),2,5,0,1
Mouse03 (N10-2g-36M),2,6,0,1
Mouse03 (N10-2g-36M),2,7,1,1
Mouse03 (N10-2g-36M),2,8,1,1
Mouse03 (N10-2g-36M),2,9,0,1
Mouse03 (N10-2g-36M),2,10,1,1
Mouse03 (N10-2g-36M),2,11,0,1
Mouse03 (N10-2g-36M),2,12,0,1
Mouse03 (N10-2g-36M),2,13,0,1
Mouse03 (N10-2g-36M),2,14,1,1
Mouse03 (N10-2g-36M),2,15,1,1
Mouse03 (N10-2g-36M),2,16,0,1
Mouse03 (N10-2g-36M),2,17,1,1
Mouse03 (N10-2g-36M),2,18,0,1
Mouse03 (N10-2g-36M),2,19,1,1
Mouse03 (N10-2g-36M),2,20,0,1
Mouse03 (N10-2g-36M),2,21,0,1
Mouse03 (N10-2g-36M),2,22,1,1
Mouse03 (N10-2g-36M),2,23,1,1
Mouse03 (N10-2g-36M),2,24,0,1
Mouse03 (N10-2g-36M),2,25,0,1
Mouse03 (N10-2g-36M),2,26,0,1
Mouse03 (N10-2g-36M),2,27,1,1
Mouse03 (N10-2g-36M),2,28,1,1
Mouse03 (N10-2g-36M),2,29,0,1
Mouse03 (N10-2g-36M),2,30,0,1
Mouse03 (N10-2g-36M),2,31,0,1
Mouse03 (N10-2g-36M),2,32,1,1
Mouse03 (N10-2g-36M),2,33,0,1
Mouse03 (N10-2g-36M),2,34,0,1
Mouse03 (N10-2g-36M),2,35,1,1
Mouse03 (N10-2g-36M),2,36,1,1
Mouse03 (N10-2g-36M),2,37,0,1
Mouse03 (N10-2g-36M),2,38,0,1
Mouse03 (N10-2g-36M),2,39,1,1
Mouse03 (N10-2g-36M),2,40,0,1
Mouse03 (N10-2g-36M),2,41,1,1
Mouse03 (N10-2g-36M),2,42,0,1
Mouse03 (N10-2g-36M),2,43,0,1
Mouse03 (N10-2g-36M),2,44,1,1
Mouse03 (N10-2g-36M),2,45,0,1
Mouse03 (N10-2g-36M),2,46,1,1
Mouse03 (N10-2g-36M),2,47,0,1
Mouse03 (N10-2g-36M),2,48,0,1
Mouse03 (N10-2g-36M),2,49,0,1
Mouse03 (N10-2g-36M),2,50,0,1
Mouse03 (N10-2g-36M),2,51,0,1
Mouse03 (N10-2g-36M),2,52,0,1
Mouse03 (N10-2g-36M),2,53,1,1
Mouse03 (N10-2g-36M),2,54,1,1
Mouse03 (N10-2g-36M),2,55,0,1
Mouse03 (N10-2g-36M),2,56,1,1
Mouse03 (N10-2g-36M),2,57,1,1
Mouse03 (N10-2g-36M),2,58,1,1
Mouse03 (N10-2g-36M),2,59,0,1
Mouse03 (N10-2g-36M),2,60,0,1
Mouse03 (N10-2g-36M),2,61,1,1
Mouse03 (N10-2g-36M),2,62,0,1
Mouse03 (N10-2g-36M),2,63,0,1
Mouse03 (N10-2g-36M),2,64,0,1
Mouse03 (N10-2g-36M),2,65,1,1
Mouse03 (N10-2g-36M),2,66,0,1
Mouse03 (N10-2g-36M),2,67,0,1
Mouse03 (N10-2g-36M),2,68,1,1
Mouse03 (N10-2g-36M),2,69,0,1
Mouse03 (N10-2g-36M),2,70,0,1
Mouse03 (N10-2g-36M),2,71,0,1
Mouse03 (N10-2g-36M),2,72,1,1
Mouse03 (N10-2g-36M),2,73,1,1
Mouse03 (N10-2g-36M),2,74,0,1
Mouse03 (N10-2g-36M),2,75,0,1
Mouse03 (N10-2g-36M),2,76,0,1
Mouse03 (N10-2g-36M),2,77,0,1
Mouse03 (N10-2g-36M),2,78,1,1
Mouse03 (N10-2g-36M),2,79,0,1
Mouse03 (N10-2g-36M),2,80,1,1
Mouse03 (N10-2g-36M),2,81,1,1
Mouse03 (N10-2g-36M),2,82,0,1
Mouse03 (N10-2g-36M),2,83,1,1
Mouse03 (N10-2g-36M),2,84,1,1
Mouse03 (N10-2g-36M),2,85,0,1
Mouse03 (N10-2g-36M),2,86,0,1
Mouse03 (N10-2g-36M),2,87,0,1
Mouse03 (N10-2g-36M),2,88,1,1
Mouse03 (N10-2g-36M),2,89,1,1
Mouse03 (N10-2g-36M),2,90,0,1
Mouse03 (N10-2g-36M),2,91,0,1
Mouse03 (N10-2g-36M),2,92,1,1
Mouse03 (N10-2g-36M),2,93,0,1
Mouse03 (N10-2g-36M),2,94,1,1
Mouse03 (N10-2g-36M),2,95,1,1
Mouse03 (N10-2g-36M),2,96,0,1
Mouse03 (N10-2g-36M),2,97,1,1
Mouse03 (N10-2g-36M),2,98,0,1
Mouse03 (N10-2g-36M),2,99,1,1
Mouse03 (N10-2g-36M),2,100,0,1
Mouse03 (N10-2g-36M),2,101,0,1
Mouse03 (N10-2g-36M),2,102,1,1
Mouse03 (N10-2g-36M),2,103,0,1
Mouse03 (N10-2g-36M),2,104,0,1
Mouse03 (N10-2g-36M),2,105,0,1
Mouse03 (N10-2g-36M),2,106,0,1
Mouse03 (N10-2g-36M),2,107,0,1
Mouse03 (N10-2g-36M),2,108,1,1
Mouse03 (N10-2g-36M),2,109,1,1
Mouse03 (N10-2g-36M),2,110,0,1
Mouse03 (N10-2g-36M),2,111,1,1
Mouse03 (N10-2g-36M),2,112,0,1
Mouse03 (N10-2g-36M),2,113,1,1
Mouse03 (N10-2g-36M),2,114,1,1
Mouse03 (N10-2g-36M),2,115,1,1
Mouse03 (N10-2g-36M),2,116,1,1
Mouse03 (N10-2g-36M),2,117,1,1
Mouse03 (N10-2g-36M),2,118,0,1
Mouse03 (N10-2g-36M),2,119,0,1
Mouse03 (N10-2g-36M),2,120,1,1
Mouse03 (N10-2g-36M),2,121,1,1
Mouse03 (N10-2g-36M),2,122,0,1
Mouse03 (N10-2g-36M),2,123,1,1
Mouse03 (N10-2g-36M),2,124,1,1
Mouse03 (N10-2g-36M),2,125,0,1
Mouse03 (N10-2g-36M),2,126,1,1
Mouse03 (N10-2g-36M),2,127,1,1
Mouse03 (N10-2g-36M),2,128,1,1
Mouse03 (N10-2g-36M),2,129,0,1
Mouse03 (N10-2g-36M),2,130,0,1
Mouse03 (N10-2g-36M),2,131,1,1
Mouse03 (N10-2g-36M),2,132,1,1
Mouse03 (N10-2g-36M),2,133,0,1
Mouse03 (N10-2g-36M),2,134,0,1
Mouse03 (N10-2g-36M),2,135,0,1
Mouse03 (N10-2g-36M),2,136,1,1
Mouse03 (N10-2g-36M),2,137,0,1
Mouse03 (N10-2g-36M),2,138,1,1
Mouse03 (N10-2g-36M),2,139,0,1
Mouse03 (N10-2g-36M),2,140,0,1
Mouse03 (N10-2g-36M),2,141,1,1
Mouse03 (N10-2g-36M),2,142,0,1
Mouse03 (N10-2g-36M),2,143,0,1
Mouse03 (N10-2g-36M),2,144,1,1
Mouse03 (N10-2g-36M),2,145,1,1
Mouse03 (N10-2g-36M),2,146,0,1
Mouse03 (N10-2g-36M),2,147,1,1
Mouse03 (N10-2g-36M),2,148,0,1
Mouse03 (N10-2g-36M),2,149,0,1
Mouse03 (N10-2g-36M),2,150,1,1
Mouse03 (N10-2g-36M),2,151,0,1
Mouse03 (N10-2g-36M),2,152,1,1
Mouse03 (N10-2g-36M),2,153,1,1
Mouse03 (N10-2g-36M),2,154,0,1
Mouse03 (N10-2g-36M),2,155,0,1
Mouse03 (N10-2g-36M),2,156,1,1
Mouse03 (N10-2g-36M),2,157,0,1
Mouse03 (N10-2g-36M),2,158,1,1
Mouse03 (N10-2g-36M),2,159,0,1
Mouse03 (N10-2g-36M),2,160,1,1
Mouse03 (N10-2g-36M),2,161,1,1
Mouse03 (N10-2g-36M),2,162,1,1
Mouse03 (N10-2g-36M),2,163,0,1
Mouse03 (N10-2g-36M),2,164,0,1
Mouse03 (N10-2g-36M),2,165,1,1
Mouse03 (N10-2g-36M),2,166,1,1
Mouse03 (N10-2g-36M),2,167,0,1
Mouse03 (N10-2g-36M),2,168,0,1
Mouse03 (N10-2g-36M),2,169,1,1
Mouse03 (N10-2g-36M),2,170,1,1
Mouse03 (N10-2g-36M),2,171,0,1
Mouse03 (N10-2g-36M),2,172,1,1
Mouse03 (N10-2g-36M),3,1,1,1
Mouse03 (N10-2g-36M),3,2,1,1
Mouse03 (N10-2g-36M),3,3,0,1
Mouse03 (N10-2g-36M),3,4,1,1
Mouse03 (N10-2g-36M),3,5,0,1
Mouse03 (N10-2g-36M),3,6,1,1
Mouse03 (N10-2g-36M),3,7,1,1
Mouse03 (N10-2g-36M),3,8,0,1
Mouse03 (N10-2g-36M),3,9,1,1
Mouse03 (N10-2g-36M),3,10,1,1
Mouse03 (N10-2g-36M),3,11,1,1
Mouse03 (N10-2g-36M),3,12,0,1
Mouse03 (N10-2g-36M),3,13,0,1
Mouse03 (N10-2g-36M),3,14,1,1
Mouse03 (N10-2g-36M),3,15,1,1
Mouse03 (N10-2g-36M),3,16,0,1
Mouse03 (N10-2g-36M),3,17,0,1
Mouse03 (N10-2g-36M),3,18,1,1
Mouse03 (N10-2g-36M),3,19,0,1
Mouse03 (N10-2g-36M),3,20,1,1
Mouse03 (N10-2g-36M),3,21,1,1
Mouse03 (N10-2g-36M),3,22,1,1
Mouse03 (N10-2g-36M),3,23,1,1
Mouse03 (N10-2g-36M),3,24,1,1
Mouse03 (N10-2g-36M),3,25,1,1
Mouse03 (N10-2g-36M),3,26,1,1
Mouse03 (N10-2g-36M),3,27,1,1
Mouse03 (N10-2g-36M),3,28,1,1
Mouse03 (N10-2g-36M),3,29,1,1
Mouse03 (N10-2g-36M),3,30,0,1
Mouse03 (N10-2g-36M),3,31,1,1
Mouse03 (N10-2g-36M),3,32,0,1
Mouse03 (N10-2g-36M),3,33,1,1
Mouse03 (N10-2g-36M),3,34,0,1
Mouse03 (N10-2g-36M),3,35,0,1
Mouse03 (N10-2g-36M),3,36,1,1
Mouse03 (N10-2g-36M),3,37,1,1
Mouse03 (N10-2g-36M),3,38,0,1
Mouse03 (N10-2g-36M),3,39,1,1
Mouse03 (N10-2g-36M),3,40,0,1
Mouse03 (N10-2g-36M),3,41,1,1
Mouse03 (N10-2g-36M),3,42,1,1
Mouse03 (N10-2g-36M),3,43,1,1
Mouse03 (N10-2g-36M),3,44,1,1
Mouse03 (N10-2g-36M),3,45,1,1
Mouse03 (N10-2g-36M),3,46,0,1
Mouse03 (N10-2g-36M),3,47,1,1
Mouse03 (N10-2g-36M),3,48,1,1
Mouse03 (N10-2g-36M),3,49,0,1
Mouse03 (N10-2g-36M),3,50,0,1
Mouse03 (N10-2g-36M),3,51,0,1
Mouse03 (N10-2g-36M),3,52,0,1
Mouse03 (N10-2g-36M),3,53,0,1
Mouse03 (N10-2g-36M),3,54,1,1
Mouse03 (N10-2g-36M),3,55,1,1
Mouse03 (N10-2g-36M),3,56,1,1
Mouse03 (N10-2g-36M),3,57,0,1
Mouse03 (N10-2g-36M),3,58,0,1
Mouse03 (N10-2g-36M),3,59,1,1
Mouse03 (N10-2g-36M),3,60,1,1
Mouse03 (N10-2g-36M),3,61,0,1
Mouse03 (N10-2g-36M),3,62,1,1
Mouse03 (N10-2g-36M),3,63,0,1
Mouse03 (N10-2g-36M),3,64,1,1
Mouse03 (N10-2g-36M),3,65,0,1
Mouse03 (N10-2g-36M),3,66,1,1
Mouse03 (N10-2g-36M),3,67,1,1
Mouse03 (N10-2g-36M),3,68,0,1
Mouse03 (N10-2g-36M),3,69,1,1
Mouse03 (N10-2g-36M),3,70,0,1
Mouse03 (N10-2g-36M),3,71,0,1
Mouse03 (N10-2g-36M),3,72,0,1
Mouse03 (N10-2g-36M),3,73,1,1
Mouse03 (N10-2g-36M),3,74,0,1
Mouse03 (N10-2g-36M),3,75,1,1
Mouse03 (N10-2g-36M),3,76,0,1
Mouse03 (N10-2g-36M),3,77,1,1
Mouse03 (N10-2g-36M),3,78,1,1
Mouse03 (N10-2g-36M),3,79,1,1
Mouse03 (N10-2g-36M),3,80,0,1
Mouse03 (N10-2g-36M),3,81,0,1
Mouse03 (N10-2g-36M),3,82,1,1
Mouse03 (N10-2g-36M),3,83,0,1
Mouse03 (N10-2g-36M),3,84,1,1
Mouse03 (N10-2g-36M),3,85,0,1
Mouse03 (N10-2g-36M),3,86,0,1
Mouse03 (N10-2g-36M),3,87,1,1
Mouse03 (N10-2g-36M),3,88,1,1
Mouse03 (N10-2g-36M),3,89,0,1
Mouse03 (N10-2g-36M),3,90,1,1
Mouse03 (N10-2g-36M),3,91,1,1
Mouse03 (N10-2g-36M),3,92,0,1
Mouse03 (N10-2g-36M),3,93,1,1
Mouse03 (N10-2g-36M),3,94,1,1
Mouse03 (N10-2g-36M),3,95,1,1
Mouse03 (N10-2g-36M),3,96,1,1
Mouse03 (N10-2g-36M),3,97,1,1
Mouse03 (N10-2g-36M),3,98,1,1
Mouse03 (N10-2g-36M),3,99,0,1
Mouse03 (N10-2g-36M),3,100,1,1
Mouse03 (N10-2g-36M),3,101,1,1
Mouse03 (N10-2g-36M),3,102,1,1
Mouse03 (N10-2g-36M),3,103,1,1
Mouse03 (N10-2g-36M),3,104,1,1
Mouse03 (N10-2g-36M),3,105,1,1
Mouse03 (N10-2g-36M),3,106,0,1
Mouse03 (N10-2g-36M),3,107,1,1
Mouse03 (N10-2g-36M),3,108,0,1
Mouse03 (N10-2g-36M),3,109,1,1
Mouse03 (N10-2g-36M),3,110,1,1
Mouse03 (N10-2g-36M),3,111,0,1
Mouse03 (N10-2g-36M),3,112,0,1
Mouse03 (N10-2g-36M),3,113,0,1
Mouse03 (N10-2g-36M),3,114,1,1
Mouse03 (N10-2g-36M),3,115,0,1
Mouse03 (N10-2g-36M),3,116,0,1
Mouse03 (N10-2g-36M),3,117,1,1
Mouse03 (N10-2g-36M),3,118,0,1
Mouse03 (N10-2g-36M),3,119,0,1
Mouse03 (N10-2g-36M),3,120,1,1
Mouse03 (N10-2g-36M),3,121,1,1
Mouse03 (N10-2g-36M),3,122,0,1
Mouse03 (N10-2g-36M),3,123,1,1
Mouse03 (N10-2g-36M),3,124,1,1
Mouse03 (N10-2g-36M),3,125,0,1
Mouse03 (N10-2g-36M),3,126,1,1
Mouse03 (N10-2g-36M),3,127,1,1
Mouse03 (N10-2g-36M),3,128,1,1
Mouse03 (N10-2g-36M),3,129,0,1
Mouse03 (N10-2g-36M),3,130,1,1
Mouse03 (N10-2g-36M),3,131,1,1
Mouse03 (N10-2g-36M),4,1,1,1
Mouse03 (N10-2g-36M),4,2,1,1
Mouse03 (N10-2g-36M),4,3,1,1
Mouse03 (N10-2g-36M),4,4,1,1
Mouse03 (N10-2g-36M),4,5,1,1
Mouse03 (N10-2g-36M),4,6,1,1
Mouse03 (N10-2g-36M),4,7,1,1
Mouse03 (N10-2g-36M),4,8,1,1
Mouse03 (N10-2g-36M),4,9,1,1
Mouse03 (N10-2g-36M),4,10,1,1
Mouse03 (N10-2g-36M),4,11,1,1
Mouse03 (N10-2g-36M),4,12,1,1
Mouse03 (N10-2g-36M),4,13,1,1
Mouse03 (N10-2g-36M),4,14,1,1
Mouse03 (N10-2g-36M),4,15,0,1
Mouse03 (N10-2g-36M),4,16,1,1
Mouse03 (N10-2g-36M),4,17,1,1
Mouse03 (N10-2g-36M),4,18,1,1
Mouse03 (N10-2g-36M),4,19,0,1
Mouse03 (N10-2g-36M),4,20,1,1
Mouse03 (N10-2g-36M),4,21,1,1
Mouse03 (N10-2g-36M),4,22,1,1
Mouse03 (N10-2g-36M),4,23,1,1
Mouse03 (N10-2g-36M),4,24,1,1
Mouse03 (N10-2g-36M),4,25,1,1
Mouse03 (N10-2g-36M),4,26,0,1
Mouse03 (N10-2g-36M),4,27,1,1
Mouse03 (N10-2g-36M),4,28,1,1
Mouse03 (N10-2g-36M),4,29,1,1
Mouse03 (N10-2g-36M),4,30,0,1
Mouse03 (N10-2g-36M),4,31,1,1
Mouse03 (N10-2g-36M),4,32,1,1
Mouse03 (N10-2g-36M),4,33,1,1
Mouse03 (N10-2g-36M),4,34,1,1
Mouse03 (N10-2g-36M),4,35,0,1
Mouse03 (N10-2g-36M),4,36,1,1
Mouse03 (N10-2g-36M),4,37,1,1
Mouse03 (N10-2g-36M),4,38,1,1
Mouse03 (N10-2g-36M),4,39,0,1
Mouse03 (N10-2g-36M),4,40,1,1
Mouse03 (N10-2g-36M),4,41,1,1
Mouse03 (N10-2g-36M),4,42,1,1
Mouse03 (N10-2g-36M),4,43,1,1
Mouse03 (N10-2g-36M),4,44,1,1
Mouse03 (N10-2g-36M),4,45,0,1
Mouse03 (N10-2g-36M),4,46,1,1
Mouse03 (N10-2g-36M),4,47,0,1
Mouse03 (N10-2g-36M),4,48,1,1
Mouse03 (N10-2g-36M),4,49,0,1
Mouse03 (N10-2g-36M),4,50,1,1
Mouse03 (N10-2g-36M),4,51,1,1
Mouse03 (N10-2g-36M),4,52,1,1
Mouse03 (N10-2g-36M),4,53,1,1
Mouse03 (N10-2g-36M),4,54,1,1
Mouse03 (N10-2g-36M),4,55,0,1
Mouse03 (N10-2g-36M),4,56,1,1
Mouse03 (N10-2g-36M),4,57,1,1
Mouse03 (N10-2g-36M),4,58,1,1
Mouse03 (N10-2g-36M),4,59,1,1
Mouse03 (N10-2g-36M),4,60,1,1
Mouse03 (N10-2g-36M),4,61,1,1
Mouse03 (N10-2g-36M),4,62,1,1
Mouse03 (N10-2g-36M),4,63,1,1
Mouse03 (N10-2g-36M),4,64,1,1
Mouse03 (N10-2g-36M),4,65,1,1
Mouse03 (N10-2g-36M),4,66,1,1
Mouse03 (N10-2g-36M),4,67,1,1
Mouse03 (N10-2g-36M),4,68,1,1
Mouse03 (N10-2g-36M),4,69,1,1
Mouse03 (N10-2g-36M),4,70,0,1
Mouse03 (N10-2g-36M),4,71,1,1
Mouse03 (N10-2g-36M),4,72,1,1
Mouse03 (N10-2g-36M),4,73,1,1
Mouse03 (N10-2g-36M),4,74,1,1
Mouse03 (N10-2g-36M),4,75,1,1
Mouse03 (N10-2g-36M),4,76,1,1
Mouse03 (N10-2g-36M),4,77,1,1
Mouse03 (N10-2g-36M),4,78,1,1
Mouse03 (N10-2g-36M),4,79,1,1
Mouse03 (N10-2g-36M),4,80,1,1
Mouse03 (N10-2g-36M),4,81,1,1
Mouse03 (N10-2g-36M),4,82,1,1
Mouse03 (N10-2g-36M),4,83,1,1
Mouse03 (N10-2g-36M),4,84,1,1
Mouse03 (N10-2g-36M),4,85,0,1
Mouse03 (N10-2g-36M),4,86,0,1
Mouse03 (N10-2g-36M),4,87,0,1
Mouse03 (N10-2g-36M),4,88,1,1
Mouse03 (N10-2g-36M),4,89,1,1
Mouse03 (N10-2g-36M),4,90,0,1
Mouse03 (N10-2g-36M),4,91,1,1
Mouse03 (N10-2g-36M),4,92,1,1
Mouse03 (N10-2g-36M),4,93,0,1
Mouse03 (N10-2g-36M),4,94,1,1
Mouse03 (N10-2g-36M),4,95,1,1
Mouse03 (N10-2g-36M),4,96,0,1
Mouse03 (N10-2g-36M),4,97,1,1
Mouse04 (N33-2g-3M),1,1,1,1
Mouse04 (N33-2g-3M),1,2,0,1
Mouse04 (N33-2g-3M),1,3,1,1
Mouse04 (N33-2g-3M),1,4,1,1
Mouse04 (N33-2g-3M),1,5,0,1
Mouse04 (N33-2g-3M),1,6,0,1
Mouse04 (N33-2g-3M),1,7,1,1
Mouse04 (N33-2g-3M),1,8,0,1
Mouse04 (N33-2g-3M),1,9,1,1
Mouse04 (N33-2g-3M),1,10,0,1
Mouse04 (N33-2g-3M),1,11,1,1
Mouse04 (N33-2g-3M),1,12,0,1
Mouse04 (N33-2g-3M),1,13,0,1
Mouse04 (N33-2g-3M),1,14,1,1
Mouse04 (N33-2g-3M),1,15,0,1
Mouse04 (N33-2g-3M),1,16,0,1
Mouse04 (N33-2g-3M),1,17,1,1
Mouse04 (N33-2g-3M),1,18,1,1
Mouse04 (N33-2g-3M),1,19,1,1
Mouse04 (N33-2g-3M),1,20,1,1
Mouse04 (N33-2g-3M),1,21,1,1
Mouse04 (N33-2g-3M),1,22,1,1
Mouse04 (N33-2g-3M),1,23,1,1
Mouse04 (N33-2g-3M),1,24,0,1
Mouse04 (N33-2g-3M),1,25,1,1
Mouse04 (N33-2g-3M),1,26,0,1
Mouse04 (N33-2g-3M),1,27,1,1
Mouse04 (N33-2g-3M),1,28,0,1
Mouse04 (N33-2g-3M),1,29,1,1
Mouse04 (N33-2g-3M),1,30,0,1
Mouse04 (N33-2g-3M),1,31,1,1
Mouse04 (N33-2g-3M),1,32,0,1
Mouse04 (N33-2g-3M),1,33,0,1
Mouse04 (N33-2g-3M),1,34,0,1
Mouse04 (N33-2g-3M),1,35,0,1
Mouse04 (N33-2g-3M),1,36,1,1
Mouse04 (N33-2g-3M),1,37,1,1
Mouse04 (N33-2g-3M),1,38,1,1
Mouse04 (N33-2g-3M),1,39,0,1
Mouse04 (N33-2g-3M),1,40,0,1
Mouse04 (N33-2g-3M),1,41,0,1
Mouse04 (N33-2g-3M),1,42,1,1
Mouse04 (N33-2g-3M),1,43,1,1
Mouse04 (N33-2g-3M),1,44,0,1
Mouse04 (N33-2g-3M),1,45,1,1
Mouse04 (N33-2g-3M),1,46,0,1
Mouse04 (N33-2g-3M),1,47,0,1
Mouse04 (N33-2g-3M),1,48,1,1
Mouse04 (N33-2g-3M),1,49,0,1
Mouse04 (N33-2g-3M),1,50,1,1
Mouse04 (N33-2g-3M),1,51,1,1
Mouse04 (N33-2g-3M),1,52,0,1
Mouse04 (N33-2g-3M),1,53,0,1
Mouse04 (N33-2g-3M),1,54,0,1
Mouse04 (N33-2g-3M),1,55,1,1
Mouse04 (N33-2g-3M),1,56,1,1
Mouse04 (N33-2g-3M),1,57,0,1
Mouse04 (N33-2g-3M),1,58,0,1
Mouse04 (N33-2g-3M),1,59,1,1
Mouse04 (N33-2g-3M),1,60,1,1
Mouse04 (N33-2g-3M),1,61,1,1
Mouse04 (N33-2g-3M),1,62,1,1
Mouse04 (N33-2g-3M),1,63,0,1
Mouse04 (N33-2g-3M),1,64,1,1
Mouse04 (N33-2g-3M),1,65,0,1
Mouse04 (N33-2g-3M),1,66,1,1
Mouse04 (N33-2g-3M),1,67,1,1
Mouse04 (N33-2g-3M),1,68,0,1
Mouse04 (N33-2g-3M),1,69,0,1
Mouse04 (N33-2g-3M),1,70,0,1
Mouse04 (N33-2g-3M),1,71,0,1
Mouse04 (N33-2g-3M),1,72,1,1
Mouse04 (N33-2g-3M),1,73,0,1
Mouse04 (N33-2g-3M),1,74,0,1
Mouse04 (N33-2g-3M),1,75,0,1
Mouse04 (N33-2g-3M),1,76,1,1
Mouse04 (N33-2g-3M),1,77,1,1
Mouse04 (N33-2g-3M),1,78,0,1
Mouse04 (N33-2g-3M),1,79,0,1
Mouse04 (N33-2g-3M),1,80,0,1
Mouse04 (N33-2g-3M),1,81,1,1
Mouse04 (N33-2g-3M),1,82,1,1
Mouse04 (N33-2g-3M),1,83,0,1
Mouse04 (N33-2g-3M),1,84,1,1
Mouse04 (N33-2g-3M),1,85,0,1
Mouse04 (N33-2g-3M),1,86,0,1
Mouse04 (N33-2g-3M),1,87,1,1
Mouse04 (N33-2g-3M),1,88,1,1
Mouse04 (N33-2g-3M),1,89,0,1
Mouse04 (N33-2g-3M),1,90,1,1
Mouse04 (N33-2g-3M),1,91,0,1
Mouse04 (N33-2g-3M),1,92,1,1
Mouse04 (N33-2g-3M),1,93,1,1
Mouse04 (N33-2g-3M),1,94,1,1
Mouse04 (N33-2g-3M),1,95,1,1
Mouse04 (N33-2g-3M),1,96,1,1
Mouse04 (N33-2g-3M),1,97,0,1
Mouse04 (N33-2g-3M),1,98,0,1
Mouse04 (N33-2g-3M),1,99,1,1
Mouse04 (N33-2g-3M),1,100,1,1
Mouse04 (N33-2g-3M),1,101,0,1
Mouse04 (N33-2g-3M),1,102,0,1
Mouse04 (N33-2g-3M),1,103,1,1
Mouse04 (N33-2g-3M),1,104,0,1
Mouse04 (N33-2g-3M),1,105,1,1
Mouse04 (N33-2g-3M),1,106,0,1
Mouse04 (N33-2g-3M),1,107,1,1
Mouse04 (N33-2g-3M),1,108,1,1
Mouse04 (N33-2g-3M),1,109,0,1
Mouse04 (N33-2g-3M),1,110,0,1
Mouse04 (N33-2g-3M),1,111,1,1
Mouse04 (N33-2g-3M),1,112,0,1
Mouse04 (N33-2g-3M),1,113,1,1
Mouse04 (N33-2g-3M),1,114,0,1
Mouse04 (N33-2g-3M),1,115,1,1
Mouse04 (N33-2g-3M),1,116,1,1
Mouse04 (N33-2g-3M),1,117,0,1
Mouse04 (N33-2g-3M),1,118,0,1
Mouse04 (N33-2g-3M),1,119,0,1
Mouse04 (N33-2g-3M),1,120,1,1
Mouse04 (N33-2g-3M),1,121,1,1
Mouse04 (N33-2g-3M),1,122,1,1
Mouse04 (N33-2g-3M),1,123,1,1
Mouse04 (N33-2g-3M),1,124,0,1
Mouse04 (N33-2g-3M),1,125,0,1
Mouse04 (N33-2g-3M),1,126,0,1
Mouse04 (N33-2g-3M),1,127,1,1
Mouse04 (N33-2g-3M),1,128,1,1
Mouse04 (N33-2g-3M),1,129,0,1
Mouse04 (N33-2g-3M),1,130,1,1
Mouse04 (N33-2g-3M),1,131,1,1
Mouse04 (N33-2g-3M),1,132,0,1
Mouse04 (N33-2g-3M),1,133,1,1
Mouse04 (N33-2g-3M),1,134,1,1
Mouse04 (N33-2g-3M),1,135,1,1
Mouse04 (N33-2g-3M),1,136,1,1
Mouse04 (N33-2g-3M),1,137,0,1
Mouse04 (N33-2g-3M),1,138,0,1
Mouse04 (N33-2g-3M),1,139,1,1
Mouse04 (N33-2g-3M),1,140,0,1
Mouse04 (N33-2g-3M),1,141,1,1
Mouse04 (N33-2g-3M),1,142,1,1
Mouse04 (N33-2g-3M),1,143,1,1
Mouse04 (N33-2g-3M),1,144,1,1
Mouse04 (N33-2g-3M),1,145,0,1
Mouse04 (N33-2g-3M),1,146,0,1
Mouse04 (N33-2g-3M),1,147,1,1
Mouse04 (N33-2g-3M),1,148,1,1
Mouse04 (N33-2g-3M),1,149,0,1
Mouse04 (N33-2g-3M),1,150,1,1
Mouse04 (N33-2g-3M),2,1,1,1
Mouse04 (N33-2g-3M),2,2,1,1
Mouse04 (N33-2g-3M),2,3,1,1
Mouse04 (N33-2g-3M),2,4,0,1
Mouse04 (N33-2g-3M),2,5,1,1
Mouse04 (N33-2g-3M),2,6,0,1
Mouse04 (N33-2g-3M),2,7,1,1
Mouse04 (N33-2g-3M),2,8,1,1
Mouse04 (N33-2g-3M),2,9,1,1
Mouse04 (N33-2g-3M),2,10,0,1
Mouse04 (N33-2g-3M),2,11,1,1
Mouse04 (N33-2g-3M),2,12,1,1
Mouse04 (N33-2g-3M),2,13,1,1
Mouse04 (N33-2g-3M),2,14,0,1
Mouse04 (N33-2g-3M),2,15,1,1
Mouse04 (N33-2g-3M),2,16,1,1
Mouse04 (N33-2g-3M),2,17,0,1
Mouse04 (N33-2g-3M),2,18,1,1
Mouse04 (N33-2g-3M),2,19,0,1
Mouse04 (N33-2g-3M),2,20,1,1
Mouse04 (N33-2g-3M),2,21,1,1
Mouse04 (N33-2g-3M),2,22,1,1
Mouse04 (N33-2g-3M),2,23,1,1
Mouse04 (N33-2g-3M),2,24,0,1
Mouse04 (N33-2g-3M),2,25,1,1
Mouse04 (N33-2g-3M),2,26,1,1
Mouse04 (N33-2g-3M),2,27,1,1
Mouse04 (N33-2g-3M),2,28,1,1
Mouse04 (N33-2g-3M),2,29,0,1
Mouse04 (N33-2g-3M),2,30,1,1
Mouse04 (N33-2g-3M),2,31,1,1
Mouse04 (N33-2g-3M),2,32,0,1
Mouse04 (N33-2g-3M),2,33,1,1
Mouse04 (N33-2g-3M),2,34,1,1
Mouse04 (N33-2g-3M),2,35,0,1
Mouse04 (N33-2g-3M),2,36,0,1
Mouse04 (N33-2g-3M),2,37,1,1
Mouse04 (N33-2g-3M),2,38,1,1
Mouse04 (N33-2g-3M),2,39,1,1
Mouse04 (N33-2g-3M),2,40,1,1
Mouse04 (N33-2g-3M),2,41,1,1
Mouse04 (N33-2g-3M),2,42,1,1
Mouse04 (N33-2g-3M),2,43,0,1
Mouse04 (N33-2g-3M),2,44,1,1
Mouse04 (N33-2g-3M),2,45,0,1
Mouse04 (N33-2g-3M),2,46,1,1
Mouse04 (N33-2g-3M),2,47,1,1
Mouse04 (N33-2g-3M),2,48,0,1
Mouse04 (N33-2g-3M),2,49,1,1
Mouse04 (N33-2g-3M),2,50,0,1
Mouse04 (N33-2g-3M),2,51,1,1
Mouse04 (N33-2g-3M),2,52,1,1
Mouse04 (N33-2g-3M),2,53,1,1
Mouse04 (N33-2g-3M),2,54,1,1
Mouse04 (N33-2g-3M),2,55,1,1
Mouse04 (N33-2g-3M),2,56,1,1
Mouse04 (N33-2g-3M),2,57,0,1
Mouse04 (N33-2g-3M),2,58,1,1
Mouse04 (N33-2g-3M),2,59,1,1
Mouse04 (N33-2g-3M),2,60,0,1
Mouse04 (N33-2g-3M),2,61,1,1
Mouse04 (N33-2g-3M),2,62,1,1
Mouse04 (N33-2g-3M),2,63,0,1
Mouse04 (N33-2g-3M),2,64,1,1
Mouse04 (N33-2g-3M),2,65,0,1
Mouse04 (N33-2g-3M),2,66,1,1
Mouse04 (N33-2g-3M),2,67,1,1
Mouse04 (N33-2g-3M),2,68,0,1
Mouse04 (N33-2g-3M),2,69,1,1
Mouse04 (N33-2g-3M),2,70,1,1
Mouse04 (N33-2g-3M),2,71,0,1
Mouse04 (N33-2g-3M),2,72,1,1
Mouse04 (N33-2g-3M),2,73,1,1
Mouse04 (N33-2g-3M),2,74,1,1
Mouse04 (N33-2g-3M),2,75,1,1
Mouse04 (N33-2g-3M),2,76,1,1
Mouse04 (N33-2g-3M),2,77,0,1
Mouse04 (N33-2g-3M),2,78,0,1
Mouse04 (N33-2g-3M),2,79,1,1
Mouse04 (N33-2g-3M),2,80,0,1
Mouse04 (N33-2g-3M),2,81,1,1
Mouse04 (N33-2g-3M),2,82,0,1
Mouse04 (N33-2g-3M),2,83,1,1
Mouse04 (N33-2g-3M),2,84,1,1
Mouse04 (N33-2g-3M),2,85,0,1
Mouse04 (N33-2g-3M),2,86,1,1
Mouse04 (N33-2g-3M),2,87,1,1
Mouse04 (N33-2g-3M),2,88,1,1
Mouse04 (N33-2g-3M),2,89,1,1
Mouse04 (N33-2g-3M),2,90,1,1
Mouse04 (N33-2g-3M),2,91,0,1
Mouse04 (N33-2g-3M),2,92,1,1
Mouse04 (N33-2g-3M),2,93,1,1
Mouse04 (N33-2g-3M),2,94,1,1
Mouse04 (N33-2g-3M),2,95,1,1
Mouse04 (N33-2g-3M),2,96,1,1
Mouse04 (N33-2g-3M),2,97,1,1
Mouse04 (N33-2g-3M),2,98,0,1
Mouse04 (N33-2g-3M),2,99,0,1
Mouse04 (N33-2g-3M),2,100,1,1
Mouse04 (N33-2g-3M),2,101,0,1
Mouse04 (N33-2g-3M),2,102,1,1
Mouse04 (N33-2g-3M),2,103,0,1
Mouse04 (N33-2g-3M),2,104,1,1
Mouse04 (N33-2g-3M),2,105,1,1
Mouse04 (N33-2g-3M),2,106,0,1
Mouse04 (N33-2g-3M),2,107,1,1
Mouse04 (N33-2g-3M),2,108,0,1
Mouse04 (N33-2g-3M),2,109,1,1
Mouse04 (N33-2g-3M),2,110,0,1
Mouse04 (N33-2g-3M),2,111,1,1
Mouse04 (N33-2g-3M),2,112,1,1
Mouse04 (N33-2g-3M),2,113,1,1
Mouse04 (N33-2g-3M),2,114,1,1
Mouse04 (N33-2g-3M),3,1,1,1
Mouse04 (N33-2g-3M),3,2,0,1
Mouse04 (N33-2g-3M),3,3,1,1
Mouse04 (N33-2g-3M),3,4,1,1
Mouse04 (N33-2g-3M),3,5,1,1
Mouse04 (N33-2g-3M),3,6,1,1
Mouse04 (N33-2g-3M),3,7,1,1
Mouse04 (N33-2g-3M),3,8,0,1
Mouse04 (N33-2g-3M),3,9,1,1
Mouse04 (N33-2g-3M),3,10,1,1
Mouse04 (N33-2g-3M),3,11,1,1
Mouse04 (N33-2g-3M),3,12,0,1
Mouse04 (N33-2g-3M),3,13,1,1
Mouse04 (N33-2g-3M),3,14,1,1
Mouse04 (N33-2g-3M),3,15,1,1
Mouse04 (N33-2g-3M),3,16,0,1
Mouse04 (N33-2g-3M),3,17,1,1
Mouse04 (N33-2g-3M),3,18,1,1
Mouse04 (N33-2g-3M),3,19,0,1
Mouse04 (N33-2g-3M),3,20,1,1
Mouse04 (N33-2g-3M),3,21,1,1
Mouse04 (N33-2g-3M),3,22,0,1
Mouse04 (N33-2g-3M),3,23,1,1
Mouse04 (N33-2g-3M),3,24,0,1
Mouse04 (N33-2g-3M),3,25,0,1
Mouse04 (N33-2g-3M),3,26,1,1
Mouse04 (N33-2g-3M),3,27,1,1
Mouse04 (N33-2g-3M),3,28,1,1
Mouse04 (N33-2g-3M),3,29,1,1
Mouse04 (N33-2g-3M),3,30,0,1
Mouse04 (N33-2g-3M),3,31,1,1
Mouse04 (N33-2g-3M),3,32,0,1
Mouse04 (N33-2g-3M),3,33,1,1
Mouse04 (N33-2g-3M),3,34,1,1
Mouse04 (N33-2g-3M),3,35,1,1
Mouse04 (N33-2g-3M),3,36,1,1
Mouse04 (N33-2g-3M),3,37,0,1
Mouse04 (N33-2g-3M),3,38,1,1
Mouse04 (N33-2g-3M),3,39,1,1
Mouse04 (N33-2g-3M),3,40,1,1
Mouse04 (N33-2g-3M),3,41,1,1
Mouse04 (N33-2g-3M),3,42,1,1
Mouse04 (N33-2g-3M),3,43,1,1
Mouse04 (N33-2g-3M),3,44,1,1
Mouse04 (N33-2g-3M),3,45,0,1
Mouse04 (N33-2g-3M),3,46,1,1
Mouse04 (N33-2g-3M),3,47,1,1
Mouse04 (N33-2g-3M),3,48,0,1
Mouse04 (N33-2g-3M),3,49,1,1
Mouse04 (N33-2g-3M),3,50,1,1
Mouse04 (N33-2g-3M),3,51,0,1
Mouse04 (N33-2g-3M),3,52,1,1
Mouse04 (N33-2g-3M),3,53,0,1
Mouse04 (N33-2g-3M),3,54,1,1
Mouse04 (N33-2g-3M),3,55,0,1
Mouse04 (N33-2g-3M),3,56,0,1
Mouse04 (N33-2g-3M),3,57,0,1
Mouse04 (N33-2g-3M),3,58,1,1
Mouse04 (N33-2g-3M),3,59,1,1
Mouse04 (N33-2g-3M),3,60,1,1
Mouse04 (N33-2g-3M),3,61,0,1
Mouse04 (N33-2g-3M),3,62,1,1
Mouse04 (N33-2g-3M),3,63,1,1
Mouse04 (N33-2g-3M),3,64,1,1
Mouse04 (N33-2g-3M),3,65,1,1
Mouse04 (N33-2g-3M),3,66,0,1
Mouse04 (N33-2g-3M),3,67,0,1
Mouse04 (N33-2g-3M),3,68,1,1
Mouse04 (N33-2g-3M),3,69,0,1
Mouse04 (N33-2g-3M),3,70,1,1
Mouse04 (N33-2g-3M),3,71,0,1
Mouse04 (N33-2g-3M),3,72,1,1
Mouse04 (N33-2g-3M),3,73,1,1
Mouse04 (N33-2g-3M),3,74,1,1
Mouse04 (N33-2g-3M),3,75,1,1
Mouse04 (N33-2g-3M),3,76,1,1
Mouse04 (N33-2g-3M),3,77,0,1
Mouse04 (N33-2g-3M),3,78,1,1
Mouse04 (N33-2g-3M),3,79,0,1
Mouse04 (N33-2g-3M),3,80,1,1
Mouse04 (N33-2g-3M),3,81,1,1
Mouse04 (N33-2g-3M),3,82,0,1
Mouse04 (N33-2g-3M),3,83,1,1
Mouse04 (N33-2g-3M),3,84,0,1
Mouse04 (N33-2g-3M),3,85,1,1
Mouse04 (N33-2g-3M),3,86,1,1
Mouse04 (N33-2g-3M),3,87,0,1
Mouse04 (N33-2g-3M),3,88,0,1
Mouse04 (N33-2g-3M),3,89,1,1
Mouse04 (N33-2g-3M),3,90,0,1
Mouse04 (N33-2g-3M),3,91,1,1
Mouse04 (N33-2g-3M),3,92,0,1
Mouse04 (N33-2g-3M),3,93,1,1
Mouse04 (N33-2g-3M),3,94,1,1
Mouse04 (N33-2g-3M),3,95,1,1
Mouse04 (N33-2g-3M),3,96,0,1
Mouse04 (N33-2g-3M),3,97,1,1
Mouse04 (N33-2g-3M),3,98,1,1
Mouse04 (N33-2g-3M),3,99,1,1
Mouse04 (N33-2g-3M),3,100,1,1
Mouse04 (N33-2g-3M),3,101,1,1
Mouse04 (N33-2g-3M),3,102,0,1
Mouse04 (N33-2g-3M),3,103,1,1
Mouse04 (N33-2g-3M),3,104,1,1
Mouse04 (N33-2g-3M),3,105,1,1
Mouse04 (N33-2g-3M),3,106,1,1
Mouse04 (N33-2g-3M),3,107,1,1
Mouse04 (N33-2g-3M),3,108,1,1
Mouse04 (N33-2g-3M),3,109,1,1
Mouse04 (N33-2g-3M),3,110,0,1
Mouse04 (N33-2g-3M),3,111,1,1
Mouse04 (N33-2g-3M),3,112,0,1
Mouse04 (N33-2g-3M),3,113,1,1
Mouse04 (N33-2g-3M),3,114,1,1
Mouse04 (N33-2g-3M),3,115,0,1
Mouse04 (N33-2g-3M),3,116,0,1
Mouse04 (N33-2g-3M),3,117,1,1
Mouse05 (N13-2g-32M),1,1,0,1
Mouse05 (N13-2g-32M),1,2,0,1
Mouse05 (N13-2g-32M),1,3,1,1
Mouse05 (N13-2g-32M),1,4,0,1
Mouse05 (N13-2g-32M),1,5,0,1
Mouse05 (N13-2g-32M),1,6,1,1
Mouse05 (N13-2g-32M),1,7,0,1
Mouse05 (N13-2g-32M),1,8,1,1
Mouse05 (N13-2g-32M),1,9,0,1
Mouse05 (N13-2g-32M),1,10,0,1
Mouse05 (N13-2g-32M),1,11,1,1
Mouse05 (N13-2g-32M),1,12,0,1
Mouse05 (N13-2g-32M),1,13,1,1
Mouse05 (N13-2g-32M),1,14,0,1
Mouse05 (N13-2g-32M),1,15,1,1
Mouse05 (N13-2g-32M),1,16,1,1
Mouse05 (N13-2g-32M),1,17,1,1
Mouse05 (N13-2g-32M),1,18,0,1
Mouse05 (N13-2g-32M),1,19,1,1
Mouse05 (N13-2g-32M),1,20,1,1
Mouse05 (N13-2g-32M),1,21,0,1
Mouse05 (N13-2g-32M),1,22,1,1
Mouse05 (N13-2g-32M),1,23,0,1
Mouse05 (N13-2g-32M),1,24,1,1
Mouse05 (N13-2g-32M),1,25,1,1
Mouse05 (N13-2g-32M),1,26,0,1
Mouse05 (N13-2g-32M),1,27,1,1
Mouse05 (N13-2g-32M),1,28,0,1
Mouse05 (N13-2g-32M),1,29,1,1
Mouse05 (N13-2g-32M),1,30,1,1
Mouse05 (N13-2g-32M),1,31,0,1
Mouse05 (N13-2g-32M),1,32,0,1
Mouse05 (N13-2g-32M),1,33,0,1
Mouse05 (N13-2g-32M),1,34,1,1
Mouse05 (N13-2g-32M),1,35,0,1
Mouse05 (N13-2g-32M),1,36,0,1
Mouse05 (N13-2g-32M),1,37,0,1
Mouse05 (N13-2g-32M),1,38,0,1
Mouse05 (N13-2g-32M),1,39,0,1
Mouse05 (N13-2g-32M),1,40,0,1
Mouse05 (N13-2g-32M),1,41,0,1
Mouse05 (N13-2g-32M),1,42,0,1
Mouse05 (N13-2g-32M),1,43,0,1
Mouse05 (N13-2g-32M),1,44,1,1
Mouse05 (N13-2g-32M),1,45,0,1
Mouse05 (N13-2g-32M),1,46,0,1
Mouse05 (N13-2g-32M),1,47,0,1
Mouse05 (N13-2g-32M),1,48,0,1
Mouse05 (N13-2g-32M),1,49,0,1
Mouse05 (N13-2g-32M),1,50,0,1
Mouse05 (N13-2g-32M),1,51,0,1
Mouse05 (N13-2g-32M),1,52,1,1
Mouse05 (N13-2g-32M),1,53,0,1
Mouse05 (N13-2g-32M),1,54,0,1
Mouse05 (N13-2g-32M),1,55,0,1
Mouse05 (N13-2g-32M),1,56,0,1
Mouse05 (N13-2g-32M),1,57,1,1
Mouse05 (N13-2g-32M),1,58,1,1
Mouse05 (N13-2g-32M),1,59,0,1
Mouse05 (N13-2g-32M),1,60,1,1
Mouse05 (N13-2g-32M),1,61,1,1
Mouse05 (N13-2g-32M),1,62,0,1
Mouse05 (N13-2g-32M),1,63,0,1
Mouse05 (N13-2g-32M),1,64,0,1
Mouse05 (N13-2g-32M),1,65,0,1
Mouse05 (N13-2g-32M),1,66,0,1
Mouse05 (N13-2g-32M),1,67,1,1
Mouse05 (N13-2g-32M),1,68,0,1
Mouse05 (N13-2g-32M),1,69,0,1
Mouse05 (N13-2g-32M),1,70,0,1
Mouse05 (N13-2g-32M),1,71,0,1
Mouse05 (N13-2g-32M),1,72,0,1
Mouse05 (N13-2g-32M),1,73,0,1
Mouse05 (N13-2g-32M),1,74,0,1
Mouse05 (N13-2g-32M),1,75,0,1
Mouse05 (N13-2g-32M),1,76,0,1
Mouse05 (N13-2g-32M),1,77,1,1
Mouse05 (N13-2g-32M),1,78,1,1
Mouse05 (N13-2g-32M),1,79,0,1
Mouse05 (N13-2g-32M),1,80,1,1
Mouse05 (N13-2g-32M),1,81,1,1
Mouse05 (N13-2g-32M),1,82,0,1
Mouse05 (N13-2g-32M),1,83,1,1
Mouse05 (N13-2g-32M),1,84,1,1
Mouse05 (N13-2g-32M),1,85,0,1
Mouse05 (N13-2g-32M),1,86,1,1
Mouse05 (N13-2g-32M),1,87,0,1
Mouse05 (N13-2g-32M),1,88,1,1
Mouse05 (N13-2g-32M),1,89,0,1
Mouse05 (N13-2g-32M),1,90,0,1
Mouse05 (N13-2g-32M),1,91,0,1
Mouse05 (N13-2g-32M),1,92,0,1
Mouse05 (N13-2g-32M),1,93,1,1
Mouse05 (N13-2g-32M),1,94,1,1
Mouse05 (N13-2g-32M),1,95,0,1
Mouse05 (N13-2g-32M),1,96,0,1
Mouse05 (N13-2g-32M),1,97,0,1
Mouse05 (N13-2g-32M),1,98,1,1
Mouse05 (N13-2g-32M),1,99,1,1
Mouse05 (N13-2g-32M),1,100,0,1
Mouse05 (N13-2g-32M),1,101,0,1
Mouse05 (N13-2g-32M),1,102,0,1
Mouse05 (N13-2g-32M),1,103,0,1
Mouse05 (N13-2g-32M),1,104,0,1
Mouse05 (N13-2g-32M),1,105,0,1
Mouse05 (N13-2g-32M),1,106,1,1
Mouse05 (N13-2g-32M),1,107,0,1
Mouse05 (N13-2g-32M),1,108,0,1
Mouse05 (N13-2g-32M),1,109,0,1
Mouse05 (N13-2g-32M),1,110,1,1
Mouse05 (N13-2g-32M),1,111,1,1
Mouse05 (N13-2g-32M),1,112,0,1
Mouse05 (N13-2g-32M),1,113,0,1
Mouse05 (N13-2g-32M),1,114,0,1
Mouse05 (N13-2g-32M),1,115,0,1
Mouse05 (N13-2g-32M),1,116,1,1
Mouse05 (N13-2g-32M),1,117,0,1
Mouse05 (N13-2g-32M),1,118,0,1
Mouse05 (N13-2g-32M),1,119,0,1
Mouse05 (N13-2g-32M),1,120,0,1
Mouse05 (N13-2g-32M),1,121,0,1
Mouse05 (N13-2g-32M),1,122,1,1
Mouse05 (N13-2g-32M),1,123,0,1
Mouse05 (N13-2g-32M),1,124,0,1
Mouse05 (N13-2g-32M),1,125,0,1
Mouse05 (N13-2g-32M),1,126,0,1
Mouse05 (N13-2g-32M),1,127,0,1
Mouse05 (N13-2g-32M),1,128,1,1
Mouse05 (N13-2g-32M),1,129,1,1
Mouse05 (N13-2g-32M),1,130,0,1
Mouse05 (N13-2g-32M),1,131,1,1
Mouse05 (N13-2g-32M),1,132,0,1
Mouse05 (N13-2g-32M),1,133,0,1
Mouse05 (N13-2g-32M),1,134,0,1
Mouse05 (N13-2g-32M),1,135,0,1
Mouse05 (N13-2g-32M),1,136,1,1
Mouse05 (N13-2g-32M),1,137,0,1
Mouse05 (N13-2g-32M),1,138,0,1
Mouse05 (N13-2g-32M),1,139,0,1
Mouse05 (N13-2g-32M),1,140,1,1
Mouse05 (N13-2g-32M),1,141,1,1
Mouse05 (N13-2g-32M),1,142,1,1
Mouse05 (N13-2g-32M),1,143,0,1
Mouse05 (N13-2g-32M),1,144,0,1
Mouse05 (N13-2g-32M),1,145,1,1
Mouse05 (N13-2g-32M),1,146,1,1
Mouse05 (N13-2g-32M),2,1,1,1
Mouse05 (N13-2g-32M),2,2,0,1
Mouse05 (N13-2g-32M),2,3,1,1
Mouse05 (N13-2g-32M),2,4,0,1
Mouse05 (N13-2g-32M),2,5,1,1
Mouse05 (N13-2g-32M),2,6,0,1
Mouse05 (N13-2g-32M),2,7,1,1
Mouse05 (N13-2g-32M),2,8,1,1
Mouse05 (N13-2g-32M),2,9,0,1
Mouse05 (N13-2g-32M),2,10,1,1
Mouse05 (N13-2g-32M),2,11,0,1
Mouse05 (N13-2g-32M),2,12,0,1
Mouse05 (N13-2g-32M),2,13,0,1
Mouse05 (N13-2g-32M),2,14,1,1
Mouse05 (N13-2g-32M),2,15,1,1
Mouse05 (N13-2g-32M),2,16,1,1
Mouse05 (N13-2g-32M),2,17,1,1
Mouse05 (N13-2g-32M),2,18,0,1
Mouse05 (N13-2g-32M),2,19,1,1
Mouse05 (N13-2g-32M),2,20,0,1
Mouse05 (N13-2g-32M),2,21,0,1
Mouse05 (N13-2g-32M),2,22,1,1
Mouse05 (N13-2g-32M),2,23,0,1
Mouse05 (N13-2g-32M),2,24,0,1
Mouse05 (N13-2g-32M),2,25,0,1
Mouse05 (N13-2g-32M),2,26,0,1
Mouse05 (N13-2g-32M),2,27,0,1
Mouse05 (N13-2g-32M),2,28,0,1
Mouse05 (N13-2g-32M),2,29,1,1
Mouse05 (N13-2g-32M),2,30,0,1
Mouse05 (N13-2g-32M),2,31,0,1
Mouse05 (N13-2g-32M),2,32,0,1
Mouse05 (N13-2g-32M),2,33,0,1
Mouse05 (N13-2g-32M),2,34,1,1
Mouse05 (N13-2g-32M),2,35,0,1
Mouse05 (N13-2g-32M),2,36,0,1
Mouse05 (N13-2g-32M),2,37,0,1
Mouse05 (N13-2g-32M),2,38,0,1
Mouse05 (N13-2g-32M),2,39,0,1
Mouse05 (N13-2g-32M),2,40,0,1
Mouse05 (N13-2g-32M),2,41,0,1
Mouse05 (N13-2g-32M),2,42,0,1
Mouse05 (N13-2g-32M),2,43,0,1
Mouse05 (N13-2g-32M),2,44,0,1
Mouse05 (N13-2g-32M),2,45,1,1
Mouse05 (N13-2g-32M),2,46,1,1
Mouse05 (N13-2g-32M),2,47,0,1
Mouse05 (N13-2g-32M),2,48,0,1
Mouse05 (N13-2g-32M),2,49,0,1
Mouse05 (N13-2g-32M),2,50,0,1
Mouse05 (N13-2g-32M),2,51,1,1
Mouse05 (N13-2g-32M),2,52,0,1
Mouse05 (N13-2g-32M),2,53,0,1
Mouse05 (N13-2g-32M),2,54,1,1
Mouse05 (N13-2g-32M),2,55,0,1
Mouse05 (N13-2g-32M),2,56,0,1
Mouse05 (N13-2g-32M),2,57,0,1
Mouse05 (N13-2g-32M),2,58,1,1
Mouse05 (N13-2g-32M),2,59,0,1
Mouse05 (N13-2g-32M),2,60,0,1
Mouse05 (N13-2g-32M),2,61,0,1
Mouse05 (N13-2g-32M),2,62,0,1
Mouse05 (N13-2g-32M),2,63,1,1
Mouse05 (N13-2g-32M),2,64,1,1
Mouse05 (N13-2g-32M),2,65,0,1
Mouse05 (N13-2g-32M),2,66,0,1
Mouse05 (N13-2g-32M),2,67,0,1
Mouse05 (N13-2g-32M),2,68,0,1
Mouse05 (N13-2g-32M),2,69,1,1
Mouse05 (N13-2g-32M),2,70,0,1
Mouse05 (N13-2g-32M),2,71,0,1
Mouse05 (N13-2g-32M),2,72,0,1
Mouse05 (N13-2g-32M),2,73,0,1
Mouse05 (N13-2g-32M),2,74,1,1
Mouse05 (N13-2g-32M),2,75,0,1
Mouse05 (N13-2g-32M),2,76,0,1
Mouse05 (N13-2g-32M),2,77,0,1
Mouse05 (N13-2g-32M),2,78,1,1
Mouse05 (N13-2g-32M),2,79,0,1
Mouse05 (N13-2g-32M),2,80,1,1
Mouse05 (N13-2g-32M),2,81,1,1
Mouse05 (N13-2g-32M),2,82,1,1
Mouse05 (N13-2g-32M),2,83,0,1
Mouse05 (N13-2g-32M),2,84,1,1
Mouse05 (N13-2g-32M),2,85,1,1
Mouse05 (N13-2g-32M),2,86,1,1
Mouse05 (N13-2g-32M),2,87,0,1
Mouse05 (N13-2g-32M),2,88,0,1
Mouse05 (N13-2g-32M),2,89,0,1
Mouse05 (N13-2g-32M),2,90,0,1
Mouse05 (N13-2g-32M),2,91,1,1
Mouse05 (N13-2g-32M),2,92,0,1
Mouse05 (N13-2g-32M),2,93,1,1
Mouse05 (N13-2g-32M),2,94,0,1
Mouse05 (N13-2g-32M),2,95,1,1
Mouse05 (N13-2g-32M),2,96,1,1
Mouse05 (N13-2g-32M),2,97,0,1
Mouse05 (N13-2g-32M),2,98,1,1
Mouse05 (N13-2g-32M),2,99,0,1
Mouse05 (N13-2g-32M),2,100,0,1
Mouse05 (N13-2g-32M),2,101,1,1
Mouse05 (N13-2g-32M),2,102,1,1
Mouse05 (N13-2g-32M),2,103,0,1
Mouse05 (N13-2g-32M),2,104,0,1
Mouse05 (N13-2g-32M),3,1,0,1
Mouse05 (N13-2g-32M),3,2,1,1
Mouse05 (N13-2g-32M),3,3,0,1
Mouse05 (N13-2g-32M),3,4,0,1
Mouse05 (N13-2g-32M),3,5,0,1
Mouse05 (N13-2g-32M),3,6,1,1
Mouse05 (N13-2g-32M),3,7,0,1
Mouse05 (N13-2g-32M),3,8,0,1
Mouse05 (N13-2g-32M),3,9,0,1
Mouse05 (N13-2g-32M),3,10,1,1
Mouse05 (N13-2g-32M),3,11,1,1
Mouse05 (N13-2g-32M),3,12,0,1
Mouse05 (N13-2g-32M),3,13,0,1
Mouse05 (N13-2g-32M),3,14,1,1
Mouse05 (N13-2g-32M),3,15,1,1
Mouse05 (N13-2g-32M),3,16,0,1
Mouse05 (N13-2g-32M),3,17,1,1
Mouse05 (N13-2g-32M),3,18,0,1
Mouse05 (N13-2g-32M),3,19,1,1
Mouse05 (N13-2g-32M),3,20,0,1
Mouse05 (N13-2g-32M),3,21,0,1
Mouse05 (N13-2g-32M),3,22,0,1
Mouse05 (N13-2g-32M),3,23,0,1
Mouse05 (N13-2g-32M),3,24,0,1
Mouse05 (N13-2g-32M),3,25,0,1
Mouse05 (N13-2g-32M),3,26,0,1
Mouse05 (N13-2g-32M),3,27,0,1
Mouse05 (N13-2g-32M),3,28,1,1
Mouse05 (N13-2g-32M),3,29,0,1
Mouse05 (N13-2g-32M),3,30,0,1
Mouse05 (N13-2g-32M),3,31,0,1
Mouse05 (N13-2g-32M),3,32,1,1
Mouse05 (N13-2g-32M),3,33,0,1
Mouse05 (N13-2g-32M),3,34,0,1
Mouse05 (N13-2g-32M),3,35,1,1
Mouse05 (N13-2g-32M),3,36,1,1
Mouse05 (N13-2g-32M),3,37,0,1
Mouse05 (N13-2g-32M),3,38,0,1
Mouse05 (N13-2g-32M),3,39,0,1
Mouse05 (N13-2g-32M),3,40,0,1
Mouse05 (N13-2g-32M),3,41,0,1
Mouse05 (N13-2g-32M),3,42,0,1
Mouse05 (N13-2g-32M),3,43,0,1
Mouse05 (N13-2g-32M),3,44,0,1
Mouse05 (N13-2g-32M),3,45,0,1
Mouse05 (N13-2g-32M),3,46,0,1
Mouse05 (N13-2g-32M),3,47,0,1
Mouse05 (N13-2g-32M),3,48,0,1
Mouse05 (N13-2g-32M),3,49,1,1
Mouse05 (N13-2g-32M),3,50,0,1
Mouse05 (N13-2g-32M),3,51,1,1
Mouse05 (N13-2g-32M),3,52,1,1
Mouse05 (N13-2g-32M),3,53,1,1
Mouse05 (N13-2g-32M),3,54,0,1
Mouse05 (N13-2g-32M),3,55,0,1
Mouse05 (N13-2g-32M),3,56,0,1
Mouse05 (N13-2g-32M),3,57,0,1
Mouse05 (N13-2g-32M),3,58,0,1
Mouse05 (N13-2g-32M),3,59,0,1
Mouse05 (N13-2g-32M),3,60,0,1
Mouse05 (N13-2g-32M),3,61,0,1
Mouse05 (N13-2g-32M),3,62,0,1
Mouse05 (N13-2g-32M),3,63,0,1
Mouse05 (N13-2g-32M),3,64,0,1
Mouse05 (N13-2g-32M),3,65,1,1
Mouse05 (N13-2g-32M),3,66,0,1
Mouse05 (N13-2g-32M),3,67,1,1
Mouse05 (N13-2g-32M),3,68,0,1
Mouse05 (N13-2g-32M),3,69,1,1
Mouse05 (N13-2g-32M),3,70,1,1
Mouse05 (N13-2g-32M),3,71,1,1
Mouse05 (N13-2g-32M),3,72,0,1
Mouse05 (N13-2g-32M),3,73,0,1
Mouse05 (N13-2g-32M),3,74,1,1
Mouse05 (N13-2g-32M),3,75,0,1
Mouse05 (N13-2g-32M),3,76,0,1
Mouse05 (N13-2g-32M),3,77,1,1
Mouse05 (N13-2g-32M),3,78,0,1
Mouse05 (N13-2g-32M),3,79,0,1
Mouse05 (N13-2g-32M),3,80,1,1
Mouse05 (N13-2g-32M),3,81,1,1
Mouse05 (N13-2g-32M),3,82,0,1
Mouse05 (N13-2g-32M),3,83,1,1
Mouse05 (N13-2g-32M),3,84,1,1
Mouse05 (N13-2g-32M),3,85,0,1
Mouse05 (N13-2g-32M),3,86,1,1
Mouse05 (N13-2g-32M),3,87,1,1
Mouse05 (N13-2g-32M),3,88,1,1
Mouse05 (N13-2g-32M),3,89,0,1
Mouse05 (N13-2g-32M),3,90,1,1
Mouse05 (N13-2g-32M),3,91,0,1
Mouse05 (N13-2g-32M),3,92,1,1
Mouse05 (N13-2g-32M),3,93,0,1
Mouse05 (N13-2g-32M),3,94,0,1
Mouse05 (N13-2g-32M),3,95,0,1
Mouse05 (N13-2g-32M),3,96,1,1
Mouse05 (N13-2g-32M),3,97,0,1
Mouse05 (N13-2g-32M),3,98,1,1
Mouse05 (N13-2g-32M),3,99,1,1
Mouse05 (N13-2g-32M),3,100,1,1
Mouse05 (N13-2g-32M),3,101,0,1
Mouse05 (N13-2g-32M),3,102,0,1
Mouse05 (N13-2g-32M),3,103,1,1
Mouse05 (N13-2g-32M),3,104,1,1
Mouse05 (N13-2g-32M),3,105,1,1
Mouse05 (N13-2g-32M),3,106,1,1
Mouse05 (N13-2g-32M),3,107,1,1
Mouse05 (N13-2g-32M),3,108,0,1
Mouse05 (N13-2g-32M),3,109,0,1
Mouse05 (N13-2g-32M),3,110,1,1
Mouse05 (N13-2g-32M),3,111,0,1
Mouse05 (N13-2g-32M),3,112,0,1
Mouse05 (N13-2g-32M),3,113,0,1
Mouse05 (N13-2g-32M),3,114,0,1
Mouse05 (N13-2g-32M),3,115,0,1
Mouse05 (N13-2g-32M),3,116,1,1
Mouse05 (N13-2g-32M),3,117,1,1
Mouse05 (N13-2g-32M),3,118,0,1
Mouse05 (N13-2g-32M),3,119,1,1
Mouse05 (N13-2g-32M),3,120,0,1
Mouse05 (N13-2g-32M),3,121,0,1
Mouse05 (N13-2g-32M),3,122,1,1
Mouse05 (N13-2g-32M),3,123,0,1
Mouse05 (N13-2g-32M),3,124,0,1
Mouse05 (N13-2g-32M),3,125,1,1
Mouse05 (N13-2g-32M),3,126,0,1
Mouse05 (N13-2g-32M),3,127,0,1
Mouse05 (N13-2g-32M),3,128,0,1
Mouse05 (N13-2g-32M),3,129,1,1
Mouse05 (N13-2g-32M),3,130,0,1
Mouse05 (N13-2g-32M),3,131,0,1
Mouse05 (N13-2g-32M),3,132,1,1
Mouse05 (N13-2g-32M),3,133,1,1
Mouse05 (N13-2g-32M),3,134,0,1
Mouse05 (N13-2g-32M),3,135,0,1
Mouse05 (N13-2g-32M),3,136,0,1
Mouse05 (N13-2g-32M),3,137,0,1
Mouse05 (N13-2g-32M),3,138,1,1
Mouse05 (N13-2g-32M),3,139,0,1
Mouse05 (N13-2g-32M),3,140,0,1
Mouse05 (N13-2g-32M),3,141,1,1
Mouse05 (N13-2g-32M),3,142,0,1
Mouse05 (N13-2g-32M),3,143,0,1
Mouse05 (N13-2g-32M),3,144,1,1
Mouse05 (N13-2g-32M),3,145,0,1
Mouse05 (N13-2g-32M),3,146,0,1
Mouse05 (N13-2g-32M),3,147,0,1
Mouse05 (N13-2g-32M),3,148,0,1
Mouse05 (N13-2g-32M),3,149,1,1
Mouse05 (N13-2g-32M),3,150,0,1
Mouse05 (N13-2g-32M),3,151,1,1
Mouse05 (N13-2g-32M),3,152,0,1
Mouse05 (N13-2g-32M),3,153,0,1
Mouse05 (N13-2g-32M),3,154,1,1
Mouse05 (N13-2g-32M),3,155,1,1
Mouse05 (N13-2g-32M),3,156,1,1
Mouse05 (N13-2g-32M),3,157,0,1
Mouse05 (N13-2g-32M),3,158,0,1
Mouse05 (N13-2g-32M),3,159,0,1
Mouse05 (N13-2g-32M),3,160,0,1
Mouse05 (N13-2g-32M),3,161,1,1
Mouse05 (N13-2g-32M),3,162,0,1
Mouse05 (N13-2g-32M),3,163,0,1
Mouse05 (N13-2g-32M),3,164,1,1
Mouse05 (N13-2g-32M),3,165,0,1
Mouse05 (N13-2g-32M),3,166,0,1
Mouse05 (N13-2g-32M),3,167,0,1
Mouse05 (N13-2g-32M),3,168,0,1
Mouse05 (N13-2g-32M),3,169,1,1
Mouse05 (N13-2g-32M),3,170,1,1
Mouse05 (N13-2g-32M),4,1,1,1
Mouse05 (N13-2g-32M),4,2,1,1
Mouse05 (N13-2g-32M),4,3,1,1
Mouse05 (N13-2g-32M),4,4,0,1
Mouse05 (N13-2g-32M),4,5,1,1
Mouse05 (N13-2g-32M),4,6,0,1
Mouse05 (N13-2g-32M),4,7,0,1
Mouse05 (N13-2g-32M),4,8,1,1
Mouse05 (N13-2g-32M),4,9,0,1
Mouse05 (N13-2g-32M),4,10,1,1
Mouse05 (N13-2g-32M),4,11,1,1
Mouse05 (N13-2g-32M),4,12,1,1
Mouse05 (N13-2g-32M),4,13,1,1
Mouse05 (N13-2g-32M),4,14,1,1
Mouse05 (N13-2g-32M),4,15,0,1
Mouse05 (N13-2g-32M),4,16,0,1
Mouse05 (N13-2g-32M),4,17,1,1
Mouse05 (N13-2g-32M),4,18,0,1
Mouse05 (N13-2g-32M),4,19,0,1
Mouse05 (N13-2g-32M),4,20,0,1
Mouse05 (N13-2g-32M),4,21,1,1
Mouse05 (N13-2g-32M),4,22,1,1
Mouse05 (N13-2g-32M),4,23,1,1
Mouse05 (N13-2g-32M),4,24,0,1
Mouse05 (N13-2g-32M),4,25,1,1
Mouse05 (N13-2g-32M),4,26,1,1
Mouse05 (N13-2g-32M),4,27,1,1
Mouse05 (N13-2g-32M),4,28,1,1
Mouse05 (N13-2g-32M),4,29,1,1
Mouse05 (N13-2g-32M),4,30,0,1
Mouse05 (N13-2g-32M),4,31,1,1
Mouse05 (N13-2g-32M),4,32,1,1
Mouse05 (N13-2g-32M),4,33,0,1
Mouse05 (N13-2g-32M),4,34,1,1
Mouse05 (N13-2g-32M),4,35,1,1
Mouse05 (N13-2g-32M),4,36,1,1
Mouse05 (N13-2g-32M),4,37,1,1
Mouse05 (N13-2g-32M),4,38,0,1
Mouse05 (N13-2g-32M),4,39,0,1
Mouse05 (N13-2g-32M),4,40,0,1
Mouse05 (N13-2g-32M),4,41,0,1
Mouse05 (N13-2g-32M),4,42,0,1
Mouse05 (N13-2g-32M),4,43,0,1
Mouse05 (N13-2g-32M),4,44,1,1
Mouse05 (N13-2g-32M),4,45,0,1
Mouse05 (N13-2g-32M),4,46,0,1
Mouse05 (N13-2g-32M),4,47,0,1
Mouse05 (N13-2g-32M),4,48,1,1
Mouse05 (N13-2g-32M),4,49,0,1
Mouse05 (N13-2g-32M),4,50,0,1
Mouse05 (N13-2g-32M),4,51,1,1
Mouse05 (N13-2g-32M),4,52,0,1
Mouse05 (N13-2g-32M),4,53,1,1
Mouse05 (N13-2g-32M),4,54,1,1
Mouse05 (N13-2g-32M),4,55,0,1
Mouse05 (N13-2g-32M),4,56,0,1
Mouse05 (N13-2g-32M),4,57,0,1
Mouse05 (N13-2g-32M),4,58,1,1
Mouse05 (N13-2g-32M),4,59,0,1
Mouse05 (N13-2g-32M),4,60,0,1
Mouse05 (N13-2g-32M),4,61,1,1
Mouse05 (N13-2g-32M),4,62,0,1
Mouse05 (N13-2g-32M),4,63,1,1
Mouse05 (N13-2g-32M),4,64,1,1
Mouse05 (N13-2g-32M),4,65,1,1
Mouse05 (N13-2g-32M),4,66,0,1
Mouse05 (N13-2g-32M),4,67,1,1
Mouse05 (N13-2g-32M),4,68,0,1
Mouse05 (N13-2g-32M),4,69,1,1
Mouse05 (N13-2g-32M),4,70,0,1
Mouse05 (N13-2g-32M),4,71,1,1
Mouse05 (N13-2g-32M),4,72,0,1
Mouse05 (N13-2g-32M),4,73,0,1
Mouse05 (N13-2g-32M),4,74,0,1
Mouse05 (N13-2g-32M),4,75,0,1
Mouse05 (N13-2g-32M),4,76,0,1
Mouse05 (N13-2g-32M),4,77,0,1
Mouse05 (N13-2g-32M),4,78,1,1
Mouse05 (N13-2g-32M),4,79,1,1
Mouse05 (N13-2g-32M),4,80,0,1
Mouse05 (N13-2g-32M),4,81,0,1
Mouse05 (N13-2g-32M),4,82,1,1
Mouse05 (N13-2g-32M),4,83,1,1
Mouse05 (N13-2g-32M),4,84,1,1
Mouse05 (N13-2g-32M),4,85,0,1
Mouse05 (N13-2g-32M),4,86,1,1
Mouse05 (N13-2g-32M),4,87,0,1
Mouse05 (N13-2g-32M),4,88,1,1
Mouse05 (N13-2g-32M),4,89,1,1
Mouse05 (N13-2g-32M),4,90,1,1
Mouse05 (N13-2g-32M),4,91,0,1
Mouse05 (N13-2g-32M),4,92,1,1
Mouse05 (N13-2g-32M),4,93,1,1
Mouse05 (N13-2g-32M),4,94,1,1
Mouse05 (N13-2g-32M),4,95,1,1
Mouse05 (N13-2g-32M),4,96,1,1
Mouse05 (N13-2g-32M),4,97,0,1
Mouse05 (N13-2g-32M),4,98,1,1
Mouse05 (N13-2g-32M),4,99,0,1
Mouse05 (N13-2g-32M),4,100,1,1
Mouse05 (N13-2g-32M),4,101,0,1
Mouse05 (N13-2g-32M),4,102,0,1
Mouse05 (N13-2g-32M),4,103,1,1
Mouse05 (N13-2g-32M),4,104,0,1
Mouse05 (N13-2g-32M),4,105,0,1
Mouse05 (N13-2g-32M),4,106,1,1
Mouse05 (N13-2g-32M),4,107,1,1
Mouse05 (N13-2g-32M),4,108,0,1
Mouse05 (N13-2g-32M),4,109,0,1
Mouse05 (N13-2g-32M),4,110,1,1
Mouse05 (N13-2g-32M),4,111,0,1
Mouse05 (N13-2g-32M),4,112,0,1
Mouse05 (N13-2g-32M),4,113,0,1
Mouse05 (N13-2g-32M),4,114,1,1
Mouse05 (N13-2g-32M),4,115,0,1
Mouse05 (N13-2g-32M),4,116,0,1
Mouse06 (N23-2g-16M),1,1,0,1
Mouse06 (N23-2g-16M),1,2,1,1
Mouse06 (N23-2g-16M),1,3,0,1
Mouse06 (N23-2g-16M),1,4,0,1
Mouse06 (N23-2g-16M),1,5,1,1
Mouse06 (N23-2g-16M),1,6,0,1
Mouse06 (N23-2g-16M),1,7,0,1
Mouse06 (N23-2g-16M),1,8,0,1
Mouse06 (N23-2g-16M),1,9,0,1
Mouse06 (N23-2g-16M),1,10,1,1
Mouse06 (N23-2g-16M),1,11,1,1
Mouse06 (N23-2g-16M),1,12,0,1
Mouse06 (N23-2g-16M),1,13,1,1
Mouse06 (N23-2g-16M),1,14,1,1
Mouse06 (N23-2g-16M),1,15,0,1
Mouse06 (N23-2g-16M),1,16,1,1
Mouse06 (N23-2g-16M),1,17,0,1
Mouse06 (N23-2g-16M),1,18,1,1
Mouse06 (N23-2g-16M),1,19,0,1
Mouse06 (N23-2g-16M),1,20,0,1
Mouse06 (N23-2g-16M),1,21,1,1
Mouse06 (N23-2g-16M),1,22,1,1
Mouse06 (N23-2g-16M),1,23,1,1
Mouse06 (N23-2g-16M),1,24,1,1
Mouse06 (N23-2g-16M),1,25,1,1
Mouse06 (N23-2g-16M),1,26,0,1
Mouse06 (N23-2g-16M),1,27,1,1
Mouse06 (N23-2g-16M),1,28,1,1
Mouse06 (N23-2g-16M),1,29,0,1
Mouse06 (N23-2g-16M),1,30,0,1
Mouse06 (N23-2g-16M),1,31,0,1
Mouse06 (N23-2g-16M),1,32,1,1
Mouse06 (N23-2g-16M),1,33,1,1
Mouse06 (N23-2g-16M),1,34,0,1
Mouse06 (N23-2g-16M),1,35,1,1
Mouse06 (N23-2g-16M),1,36,0,1
Mouse06 (N23-2g-16M),1,37,1,1
Mouse06 (N23-2g-16M),1,38,0,1
Mouse06 (N23-2g-16M),1,39,0,1
Mouse06 (N23-2g-16M),1,40,1,1
Mouse06 (N23-2g-16M),1,41,1,1
Mouse06 (N23-2g-16M),1,42,0,1
Mouse06 (N23-2g-16M),1,43,0,1
Mouse06 (N23-2g-16M),1,44,0,1
Mouse06 (N23-2g-16M),1,45,0,1
Mouse06 (N23-2g-16M),1,46,1,1
Mouse06 (N23-2g-16M),1,47,1,1
Mouse06 (N23-2g-16M),1,48,0,1
Mouse06 (N23-2g-16M),1,49,1,1
Mouse06 (N23-2g-16M),1,50,0,1
Mouse06 (N23-2g-16M),1,51,1,1
Mouse06 (N23-2g-16M),1,52,1,1
Mouse06 (N23-2g-16M),1,53,1,1
Mouse06 (N23-2g-16M),1,54,0,1
Mouse06 (N23-2g-16M),1,55,0,1
Mouse06 (N23-2g-16M),1,56,0,1
Mouse06 (N23-2g-16M),1,57,0,1
Mouse06 (N23-2g-16M),1,58,0,1
Mouse06 (N23-2g-16M),1,59,0,1
Mouse06 (N23-2g-16M),1,60,0,1
Mouse06 (N23-2g-16M),1,61,1,1
Mouse06 (N23-2g-16M),1,62,0,1
Mouse06 (N23-2g-16M),1,63,1,1
Mouse06 (N23-2g-16M),1,64,0,1
Mouse06 (N23-2g-16M),1,65,0,1
Mouse06 (N23-2g-16M),1,66,0,1
Mouse06 (N23-2g-16M),1,67,0,1
Mouse06 (N23-2g-16M),1,68,0,1
Mouse06 (N23-2g-16M),1,69,0,1
Mouse06 (N23-2g-16M),1,70,0,1
Mouse06 (N23-2g-16M),1,71,0,1
Mouse06 (N23-2g-16M),1,72,1,1
Mouse06 (N23-2g-16M),1,73,1,1
Mouse06 (N23-2g-16M),1,74,1,1
Mouse06 (N23-2g-16M),1,75,0,1
Mouse06 (N23-2g-16M),1,76,0,1
Mouse06 (N23-2g-16M),1,77,0,1
Mouse06 (N23-2g-16M),1,78,1,1
Mouse06 (N23-2g-16M),1,79,1,1
Mouse06 (N23-2g-16M),1,80,1,1
Mouse06 (N23-2g-16M),1,81,1,1
Mouse06 (N23-2g-16M),1,82,0,1
Mouse06 (N23-2g-16M),1,83,1,1
Mouse06 (N23-2g-16M),1,84,1,1
Mouse06 (N23-2g-16M),1,85,0,1
Mouse06 (N23-2g-16M),1,86,1,1
Mouse06 (N23-2g-16M),1,87,0,1
Mouse06 (N23-2g-16M),1,88,0,1
Mouse06 (N23-2g-16M),1,89,1,1
Mouse06 (N23-2g-16M),1,90,0,1
Mouse06 (N23-2g-16M),1,91,1,1
Mouse06 (N23-2g-16M),1,92,1,1
Mouse06 (N23-2g-16M),1,93,1,1
Mouse06 (N23-2g-16M),1,94,0,1
Mouse06 (N23-2g-16M),1,95,1,1
Mouse06 (N23-2g-16M),1,96,0,1
Mouse06 (N23-2g-16M),1,97,0,1
Mouse06 (N23-2g-16M),1,98,1,1
Mouse06 (N23-2g-16M),1,99,1,1
Mouse06 (N23-2g-16M),1,100,0,1
Mouse06 (N23-2g-16M),1,101,0,1
Mouse06 (N23-2g-16M),1,102,0,1
Mouse06 (N23-2g-16M),1,103,0,1
Mouse06 (N23-2g-16M),1,104,0,1
Mouse06 (N23-2g-16M),1,105,0,1
Mouse06 (N23-2g-16M),1,106,1,1
Mouse06 (N23-2g-16M),1,107,1,1
Mouse06 (N23-2g-16M),1,108,1,1
Mouse06 (N23-2g-16M),1,109,1,1
Mouse06 (N23-2g-16M),1,110,0,1
Mouse06 (N23-2g-16M),1,111,1,1
Mouse06 (N23-2g-16M),1,112,1,1
Mouse06 (N23-2g-16M),1,113,0,1
Mouse06 (N23-2g-16M),1,114,0,1
Mouse06 (N23-2g-16M),1,115,0,1
Mouse06 (N23-2g-16M),1,116,1,1
Mouse06 (N23-2g-16M),1,117,0,1
Mouse06 (N23-2g-16M),1,118,0,1
Mouse06 (N23-2g-16M),1,119,1,1
Mouse06 (N23-2g-16M),1,120,0,1
Mouse06 (N23-2g-16M),1,121,0,1
Mouse06 (N23-2g-16M),1,122,0,1
Mouse06 (N23-2g-16M),1,123,1,1
Mouse06 (N23-2g-16M),1,124,0,1
Mouse06 (N23-2g-16M),1,125,0,1
Mouse06 (N23-2g-16M),1,126,1,1
Mouse06 (N23-2g-16M),1,127,0,1
Mouse06 (N23-2g-16M),1,128,0,1
Mouse06 (N23-2g-16M),1,129,0,1
Mouse06 (N23-2g-16M),1,130,1,1
Mouse06 (N23-2g-16M),1,131,1,1
Mouse06 (N23-2g-16M),1,132,1,1
Mouse06 (N23-2g-16M),1,133,1,1
Mouse06 (N23-2g-16M),1,134,0,1
Mouse06 (N23-2g-16M),1,135,1,1
Mouse06 (N23-2g-16M),1,136,0,1
Mouse06 (N23-2g-16M),1,137,0,1
Mouse06 (N23-2g-16M),1,138,1,1
Mouse06 (N23-2g-16M),1,139,1,1
Mouse06 (N23-2g-16M),1,140,1,1
Mouse06 (N23-2g-16M),1,141,1,1
Mouse06 (N23-2g-16M),1,142,0,1
Mouse06 (N23-2g-16M),1,143,0,1
Mouse06 (N23-2g-16M),1,144,1,1
Mouse06 (N23-2g-16M),1,145,0,1
Mouse06 (N23-2g-16M),1,146,0,1
Mouse06 (N23-2g-16M),1,147,0,1
Mouse06 (N23-2g-16M),1,148,0,1
Mouse06 (N23-2g-16M),1,149,0,1
Mouse06 (N23-2g-16M),1,150,1,1
Mouse06 (N23-2g-16M),1,151,1,1
Mouse06 (N23-2g-16M),1,152,1,1
Mouse06 (N23-2g-16M),1,153,0,1
Mouse06 (N23-2g-16M),1,154,0,1
Mouse06 (N23-2g-16M),1,155,1,1
Mouse06 (N23-2g-16M),1,156,0,1
Mouse06 (N23-2g-16M),1,157,0,1
Mouse06 (N23-2g-16M),1,158,0,1
Mouse06 (N23-2g-16M),1,159,1,1
Mouse06 (N23-2g-16M),1,160,0,1
Mouse06 (N23-2g-16M),1,161,1,1
Mouse06 (N23-2g-16M),1,162,1,1
Mouse06 (N23-2g-16M),1,163,0,1
Mouse06 (N23-2g-16M),1,164,0,1
Mouse06 (N23-2g-16M),1,165,0,1
Mouse06 (N23-2g-16M),1,166,1,1
Mouse06 (N23-2g-16M),1,167,0,1
Mouse06 (N23-2g-16M),1,168,0,1
Mouse06 (N23-2g-16M),1,169,0,1
Mouse06 (N23-2g-16M),1,170,1,1
Mouse06 (N23-2g-16M),1,171,0,1
Mouse06 (N23-2g-16M),1,172,0,1
Mouse06 (N23-2g-16M),1,173,1,1
Mouse06 (N23-2g-16M),1,174,1,1
Mouse06 (N23-2g-16M),1,175,0,1
Mouse06 (N23-2g-16M),1,176,1,1
Mouse06 (N23-2g-16M),1,177,0,1
Mouse06 (N23-2g-16M),1,178,0,1
Mouse06 (N23-2g-16M),1,179,0,1
Mouse06 (N23-2g-16M),1,180,1,1
Mouse06 (N23-2g-16M),1,181,1,1
Mouse06 (N23-2g-16M),2,1,0,1
Mouse06 (N23-2g-16M),2,2,1,1
Mouse06 (N23-2g-16M),2,3,0,1
Mouse06 (N23-2g-16M),2,4,0,1
Mouse06 (N23-2g-16M),2,5,0,1
Mouse06 (N23-2g-16M),2,6,0,1
Mouse06 (N23-2g-16M),2,7,1,1
Mouse06 (N23-2g-16M),2,8,0,1
Mouse06 (N23-2g-16M),2,9,1,1
Mouse06 (N23-2g-16M),2,10,1,1
Mouse06 (N23-2g-16M),2,11,0,1
Mouse06 (N23-2g-16M),2,12,0,1
Mouse06 (N23-2g-16M),2,13,0,1
Mouse06 (N23-2g-16M),2,14,0,1
Mouse06 (N23-2g-16M),2,15,1,1
Mouse06 (N23-2g-16M),2,16,0,1
Mouse06 (N23-2g-16M),2,17,1,1
Mouse06 (N23-2g-16M),2,18,1,1
Mouse06 (N23-2g-16M),2,19,0,1
Mouse06 (N23-2g-16M),2,20,0,1
Mouse06 (N23-2g-16M),2,21,0,1
Mouse06 (N23-2g-16M),2,22,0,1
Mouse06 (N23-2g-16M),2,23,1,1
Mouse06 (N23-2g-16M),2,24,0,1
Mouse06 (N23-2g-16M),2,25,1,1
Mouse06 (N23-2g-16M),2,26,0,1
Mouse06 (N23-2g-16M),2,27,0,1
Mouse06 (N23-2g-16M),2,28,0,1
Mouse06 (N23-2g-16M),2,29,1,1
Mouse06 (N23-2g-16M),2,30,0,1
Mouse06 (N23-2g-16M),2,31,1,1
Mouse06 (N23-2g-16M),2,32,1,1
Mouse06 (N23-2g-16M),2,33,1,1
Mouse06 (N23-2g-16M),2,34,0,1
Mouse06 (N23-2g-16M),2,35,1,1
Mouse06 (N23-2g-16M),2,36,1,1
Mouse06 (N23-2g-16M),2,37,1,1
Mouse06 (N23-2g-16M),2,38,0,1
Mouse06 (N23-2g-16M),2,39,1,1
Mouse06 (N23-2g-16M),2,40,1,1
Mouse06 (N23-2g-16M),2,41,1,1
Mouse06 (N23-2g-16M),2,42,1,1
Mouse06 (N23-2g-16M),2,43,0,1
Mouse06 (N23-2g-16M),2,44,1,1
Mouse06 (N23-2g-16M),2,45,0,1
Mouse06 (N23-2g-16M),2,46,0,1
Mouse06 (N23-2g-16M),2,47,0,1
Mouse06 (N23-2g-16M),2,48,0,1
Mouse06 (N23-2g-16M),2,49,1,1
Mouse06 (N23-2g-16M),2,50,0,1
Mouse06 (N23-2g-16M),2,51,1,1
Mouse06 (N23-2g-16M),2,52,0,1
Mouse06 (N23-2g-16M),2,53,1,1
Mouse06 (N23-2g-16M),2,54,0,1
Mouse06 (N23-2g-16M),2,55,0,1
Mouse06 (N23-2g-16M),2,56,1,1
Mouse06 (N23-2g-16M),2,57,1,1
Mouse06 (N23-2g-16M),2,58,0,1
Mouse06 (N23-2g-16M),2,59,0,1
Mouse06 (N23-2g-16M),2,60,0,1
Mouse06 (N23-2g-16M),2,61,0,1
Mouse06 (N23-2g-16M),2,62,1,1
Mouse06 (N23-2g-16M),2,63,1,1
Mouse06 (N23-2g-16M),2,64,0,1
Mouse06 (N23-2g-16M),2,65,1,1
Mouse06 (N23-2g-16M),2,66,0,1
Mouse06 (N23-2g-16M),2,67,1,1
Mouse06 (N23-2g-16M),2,68,0,1
Mouse06 (N23-2g-16M),2,69,0,1
Mouse06 (N23-2g-16M),2,70,1,1
Mouse06 (N23-2g-16M),2,71,0,1
Mouse06 (N23-2g-16M),2,72,1,1
Mouse06 (N23-2g-16M),2,73,0,1
Mouse06 (N23-2g-16M),2,74,1,1
Mouse06 (N23-2g-16M),2,75,0,1
Mouse06 (N23-2g-16M),2,76,0,1
Mouse06 (N23-2g-16M),2,77,0,1
Mouse06 (N23-2g-16M),2,78,1,1
Mouse06 (N23-2g-16M),2,79,1,1
Mouse06 (N23-2g-16M),2,80,0,1
Mouse06 (N23-2g-16M),2,81,0,1
Mouse06 (N23-2g-16M),2,82,0,1
Mouse06 (N23-2g-16M),2,83,0,1
Mouse06 (N23-2g-16M),2,84,0,1
Mouse06 (N23-2g-16M),2,85,0,1
Mouse06 (N23-2g-16M),2,86,0,1
Mouse06 (N23-2g-16M),2,87,1,1
Mouse06 (N23-2g-16M),2,88,1,1
Mouse06 (N23-2g-16M),2,89,0,1
Mouse06 (N23-2g-16M),2,90,1,1
Mouse06 (N23-2g-16M),2,91,0,1
Mouse06 (N23-2g-16M),2,92,1,1
Mouse06 (N23-2g-16M),2,93,0,1
Mouse06 (N23-2g-16M),2,94,1,1
Mouse06 (N23-2g-16M),2,95,1,1
Mouse06 (N23-2g-16M),2,96,0,1
Mouse06 (N23-2g-16M),2,97,1,1
Mouse06 (N23-2g-16M),2,98,1,1
Mouse06 (N23-2g-16M),2,99,1,1
Mouse06 (N23-2g-16M),2,100,1,1
Mouse06 (N23-2g-16M),2,101,0,1
Mouse06 (N23-2g-16M),2,102,0,1
Mouse06 (N23-2g-16M),2,103,0,1
Mouse06 (N23-2g-16M),2,104,1,1
Mouse06 (N23-2g-16M),2,105,1,1
Mouse06 (N23-2g-16M),2,106,1,1
Mouse06 (N23-2g-16M),2,107,1,1
Mouse06 (N23-2g-16M),2,108,0,1
Mouse06 (N23-2g-16M),2,109,1,1
Mouse06 (N23-2g-16M),2,110,1,1
Mouse06 (N23-2g-16M),2,111,0,1
Mouse06 (N23-2g-16M),2,112,0,1
Mouse06 (N23-2g-16M),2,113,0,1
Mouse06 (N23-2g-16M),2,114,1,1
Mouse06 (N23-2g-16M),2,115,0,1
Mouse06 (N23-2g-16M),2,116,1,1
Mouse06 (N23-2g-16M),2,117,0,1
Mouse06 (N23-2g-16M),2,118,0,1
Mouse06 (N23-2g-16M),2,119,0,1
Mouse06 (N23-2g-16M),2,120,0,1
Mouse06 (N23-2g-16M),2,121,1,1
Mouse06 (N23-2g-16M),2,122,1,1
Mouse06 (N23-2g-16M),2,123,1,1
Mouse06 (N23-2g-16M),2,124,1,1
Mouse06 (N23-2g-16M),2,125,0,1
Mouse06 (N23-2g-16M),2,126,1,1
Mouse06 (N23-2g-16M),2,127,0,1
Mouse06 (N23-2g-16M),2,128,0,1
Mouse06 (N23-2g-16M),2,129,0,1
Mouse06 (N23-2g-16M),2,130,1,1
Mouse06 (N23-2g-16M),2,131,1,1
Mouse06 (N23-2g-16M),2,132,1,1
Mouse06 (N23-2g-16M),2,133,1,1
Mouse06 (N23-2g-16M),2,134,0,1
Mouse06 (N23-2g-16M),2,135,0,1
Mouse06 (N23-2g-16M),2,136,1,1
Mouse06 (N23-2g-16M),2,137,1,1
Mouse06 (N23-2g-16M),2,138,1,1
Mouse06 (N23-2g-16M),2,139,0,1
Mouse06 (N23-2g-16M),2,140,1,1
Mouse06 (N23-2g-16M),2,141,1,1
Mouse06 (N23-2g-16M),2,142,1,1
Mouse06 (N23-2g-16M),2,143,1,1
Mouse06 (N23-2g-16M),2,144,0,1
Mouse06 (N23-2g-16M),2,145,0,1
Mouse06 (N23-2g-16M),2,146,1,1
Mouse06 (N23-2g-16M),2,147,0,1
Mouse06 (N23-2g-16M),2,148,1,1
Mouse06 (N23-2g-16M),2,149,0,1
Mouse06 (N23-2g-16M),2,150,0,1
Mouse06 (N23-2g-16M),2,151,1,1
Mouse06 (N23-2g-16M),2,152,0,1
Mouse06 (N23-2g-16M),2,153,0,1
Mouse06 (N23-2g-16M),2,154,1,1
Mouse06 (N23-2g-16M),2,155,1,1
Mouse06 (N23-2g-16M),2,156,1,1
Mouse06 (N23-2g-16M),2,157,1,1
Mouse06 (N23-2g-16M),2,158,0,1
Mouse06 (N23-2g-16M),2,159,1,1
Mouse06 (N23-2g-16M),2,160,0,1
Mouse06 (N23-2g-16M),2,161,0,1
Mouse06 (N23-2g-16M),2,162,0,1
Mouse06 (N23-2g-16M),2,163,0,1
Mouse06 (N23-2g-16M),2,164,0,1
Mouse06 (N23-2g-16M),2,165,0,1
Mouse06 (N23-2g-16M),2,166,1,1
Mouse06 (N23-2g-16M),2,167,0,1
Mouse06 (N23-2g-16M),2,168,1,1
Mouse06 (N23-2g-16M),2,169,0,1
Mouse06 (N23-2g-16M),2,170,0,1
Mouse06 (N23-2g-16M),2,171,1,1
Mouse06 (N23-2g-16M),3,1,0,1
Mouse06 (N23-2g-16M),3,2,1,1
Mouse06 (N23-2g-16M),3,3,1,1
Mouse06 (N23-2g-16M),3,4,0,1
Mouse06 (N23-2g-16M),3,5,0,1
Mouse06 (N23-2g-16M),3,6,1,1
Mouse06 (N23-2g-16M),3,7,1,1
Mouse06 (N23-2g-16M),3,8,0,1
Mouse06 (N23-2g-16M),3,9,1,1
Mouse06 (N23-2g-16M),3,10,0,1
Mouse06 (N23-2g-16M),3,11,1,1
Mouse06 (N23-2g-16M),3,12,0,1
Mouse06 (N23-2g-16M),3,13,1,1
Mouse06 (N23-2g-16M),3,14,0,1
Mouse06 (N23-2g-16M),3,15,1,1
Mouse06 (N23-2g-16M),3,16,0,1
Mouse06 (N23-2g-16M),3,17,0,1
Mouse06 (N23-2g-16M),3,18,0,1
Mouse06 (N23-2g-16M),3,19,0,1
Mouse06 (N23-2g-16M),3,20,0,1
Mouse06 (N23-2g-16M),3,21,1,1
Mouse06 (N23-2g-16M),3,22,0,1
Mouse06 (N23-2g-16M),3,23,0,1
Mouse06 (N23-2g-16M),3,24,0,1
Mouse06 (N23-2g-16M),3,25,0,1
Mouse06 (N23-2g-16M),3,26,1,1
Mouse06 (N23-2g-16M),3,27,1,1
Mouse06 (N23-2g-16M),3,28,0,1
Mouse06 (N23-2g-16M),3,29,0,1
Mouse06 (N23-2g-16M),3,30,0,1
Mouse06 (N23-2g-16M),3,31,1,1
Mouse06 (N23-2g-16M),3,32,0,1
Mouse06 (N23-2g-16M),3,33,1,1
Mouse06 (N23-2g-16M),3,34,1,1
Mouse06 (N23-2g-16M),3,35,0,1
Mouse06 (N23-2g-16M),3,36,0,1
Mouse06 (N23-2g-16M),3,37,1,1
Mouse06 (N23-2g-16M),3,38,1,1
Mouse06 (N23-2g-16M),3,39,0,1
Mouse06 (N23-2g-16M),3,40,1,1
Mouse06 (N23-2g-16M),3,41,0,1
Mouse06 (N23-2g-16M),3,42,1,1
Mouse06 (N23-2g-16M),3,43,1,1
Mouse06 (N23-2g-16M),3,44,0,1
Mouse06 (N23-2g-16M),3,45,0,1
Mouse06 (N23-2g-16M),3,46,0,1
Mouse06 (N23-2g-16M),3,47,0,1
Mouse06 (N23-2g-16M),3,48,0,1
Mouse06 (N23-2g-16M),3,49,1,1
Mouse06 (N23-2g-16M),3,50,1,1
Mouse06 (N23-2g-16M),3,51,0,1
Mouse06 (N23-2g-16M),3,52,1,1
Mouse06 (N23-2g-16M),3,53,1,1
Mouse06 (N23-2g-16M),3,54,1,1
Mouse06 (N23-2g-16M),3,55,1,1
Mouse06 (N23-2g-16M),3,56,1,1
Mouse06 (N23-2g-16M),3,57,0,1
Mouse06 (N23-2g-16M),3,58,0,1
Mouse06 (N23-2g-16M),3,59,0,1
Mouse06 (N23-2g-16M),3,60,1,1
Mouse06 (N23-2g-16M),3,61,0,1
Mouse06 (N23-2g-16M),3,62,1,1
Mouse06 (N23-2g-16M),3,63,0,1
Mouse06 (N23-2g-16M),3,64,1,1
Mouse06 (N23-2g-16M),3,65,1,1
Mouse06 (N23-2g-16M),3,66,0,1
Mouse06 (N23-2g-16M),3,67,1,1
Mouse06 (N23-2g-16M),3,68,1,1
Mouse06 (N23-2g-16M),3,69,1,1
Mouse06 (N23-2g-16M),3,70,1,1
Mouse06 (N23-2g-16M),3,71,0,1
Mouse06 (N23-2g-16M),3,72,1,1
Mouse06 (N23-2g-16M),3,73,1,1
Mouse06 (N23-2g-16M),3,74,0,1
Mouse06 (N23-2g-16M),3,75,0,1
Mouse06 (N23-2g-16M),3,76,0,1
Mouse06 (N23-2g-16M),3,77,1,1
Mouse06 (N23-2g-16M),3,78,0,1
Mouse06 (N23-2g-16M),3,79,1,1
Mouse06 (N23-2g-16M),3,80,1,1
Mouse06 (N23-2g-16M),3,81,0,1
Mouse06 (N23-2g-16M),3,82,0,1
Mouse06 (N23-2g-16M),3,83,0,1
Mouse06 (N23-2g-16M),3,84,1,1
Mouse06 (N23-2g-16M),3,85,0,1
Mouse06 (N23-2g-16M),3,86,0,1
Mouse06 (N23-2g-16M),3,87,0,1
Mouse06 (N23-2g-16M),3,88,1,1
Mouse06 (N23-2g-16M),3,89,0,1
Mouse06 (N23-2g-16M),3,90,0,1
Mouse06 (N23-2g-16M),3,91,0,1
Mouse06 (N23-2g-16M),3,92,0,1
Mouse06 (N23-2g-16M),3,93,0,1
Mouse06 (N23-2g-16M),3,94,1,1
Mouse06 (N23-2g-16M),3,95,1,1
Mouse06 (N23-2g-16M),3,96,0,1
Mouse06 (N23-2g-16M),3,97,1,1
Mouse06 (N23-2g-16M),3,98,0,1
Mouse06 (N23-2g-16M),3,99,0,1
Mouse06 (N23-2g-16M),3,100,1,1
Mouse06 (N23-2g-16M),3,101,1,1
Mouse06 (N23-2g-16M),3,102,1,1
Mouse06 (N23-2g-16M),3,103,0,1
Mouse06 (N23-2g-16M),3,104,0,1
Mouse06 (N23-2g-16M),3,105,0,1
Mouse06 (N23-2g-16M),3,106,0,1
Mouse06 (N23-2g-16M),3,107,1,1
Mouse06 (N23-2g-16M),3,108,1,1
Mouse06 (N23-2g-16M),3,109,1,1
Mouse06 (N23-2g-16M),3,110,1,1
Mouse06 (N23-2g-16M),3,111,0,1
Mouse06 (N23-2g-16M),3,112,1,1
Mouse06 (N23-2g-16M),3,113,0,1
Mouse06 (N23-2g-16M),3,114,0,1
Mouse06 (N23-2g-16M),3,115,1,1
Mouse06 (N23-2g-16M),3,116,1,1
Mouse06 (N23-2g-16M),3,117,1,1
Mouse06 (N23-2g-16M),3,118,1,1
Mouse06 (N23-2g-16M),3,119,0,1
Mouse06 (N23-2g-16M),3,120,0,1
Mouse06 (N23-2g-16M),3,121,1,1
Mouse06 (N23-2g-16M),3,122,0,1
Mouse06 (N23-2g-16M),3,123,1,1
Mouse06 (N23-2g-16M),3,124,1,1
Mouse06 (N23-2g-16M),3,125,0,1
Mouse06 (N23-2g-16M),3,126,1,1
Mouse06 (N23-2g-16M),3,127,0,1
Mouse06 (N23-2g-16M),3,128,0,1
Mouse06 (N23-2g-16M),3,129,1,1
Mouse06 (N23-2g-16M),3,130,0,1
Mouse06 (N23-2g-16M),3,131,1,1
Mouse06 (N23-2g-16M),3,132,1,1
Mouse06 (N23-2g-16M),3,133,0,1
Mouse06 (N23-2g-16M),3,134,0,1
Mouse06 (N23-2g-16M),3,135,0,1
Mouse06 (N23-2g-16M),3,136,1,1
Mouse06 (N23-2g-16M),3,137,0,1
Mouse06 (N23-2g-16M),3,138,0,1
Mouse06 (N23-2g-16M),3,139,1,1
Mouse06 (N23-2g-16M),3,140,1,1
Mouse06 (N23-2g-16M),3,141,0,1
Mouse06 (N23-2g-16M),3,142,0,1
Mouse06 (N23-2g-16M),3,143,0,1
Mouse06 (N23-2g-16M),3,144,0,1
Mouse06 (N23-2g-16M),3,145,0,1
Mouse06 (N23-2g-16M),3,146,1,1
Mouse06 (N23-2g-16M),3,147,0,1
Mouse06 (N23-2g-16M),3,148,1,1
Mouse06 (N23-2g-16M),3,149,0,1
Mouse06 (N23-2g-16M),3,150,0,1
Mouse06 (N23-2g-16M),3,151,1,1
Mouse06 (N23-2g-16M),3,152,0,1
Mouse06 (N23-2g-16M),3,153,0,1
Mouse06 (N23-2g-16M),3,154,1,1
Mouse06 (N23-2g-16M),3,155,1,1
Mouse06 (N23-2g-16M),3,156,0,1
Mouse06 (N23-2g-16M),3,157,0,1
Mouse06 (N23-2g-16M),3,158,1,1
Mouse06 (N23-2g-16M),3,159,1,1
Mouse06 (N23-2g-16M),3,160,1,1
Mouse06 (N23-2g-16M),3,161,0,1
Mouse06 (N23-2g-16M),3,162,0,1
Mouse06 (N23-2g-16M),3,163,0,1
Mouse06 (N23-2g-16M),3,164,0,1
Mouse06 (N23-2g-16M),3,165,1,1
Mouse06 (N23-2g-16M),3,166,1,1
Mouse06 (N23-2g-16M),3,167,1,1
Mouse06 (N23-2g-16M),3,168,1,1
Mouse06 (N23-2g-16M),3,169,1,1
Mouse06 (N23-2g-16M),3,170,0,1
Mouse06 (N23-2g-16M),3,171,1,1
Mouse06 (N23-2g-16M),4,1,1,1
Mouse06 (N23-2g-16M),4,2,1,1
Mouse06 (N23-2g-16M),4,3,1,1
Mouse06 (N23-2g-16M),4,4,0,1
Mouse06 (N23-2g-16M),4,5,0,1
Mouse06 (N23-2g-16M),4,6,0,1
Mouse06 (N23-2g-16M),4,7,0,1
Mouse06 (N23-2g-16M),4,8,1,1
Mouse06 (N23-2g-16M),4,9,1,1
Mouse06 (N23-2g-16M),4,10,0,1
Mouse06 (N23-2g-16M),4,11,0,1
Mouse06 (N23-2g-16M),4,12,1,1
Mouse06 (N23-2g-16M),4,13,1,1
Mouse06 (N23-2g-16M),4,14,1,1
Mouse06 (N23-2g-16M),4,15,1,1
Mouse06 (N23-2g-16M),4,16,0,1
Mouse06 (N23-2g-16M),4,17,1,1
Mouse06 (N23-2g-16M),4,18,1,1
Mouse06 (N23-2g-16M),4,19,1,1
Mouse06 (N23-2g-16M),4,20,0,1
Mouse06 (N23-2g-16M),4,21,0,1
Mouse06 (N23-2g-16M),4,22,1,1
Mouse06 (N23-2g-16M),4,23,0,1
Mouse06 (N23-2g-16M),4,24,0,1
Mouse06 (N23-2g-16M),4,25,0,1
Mouse06 (N23-2g-16M),4,26,1,1
Mouse06 (N23-2g-16M),4,27,1,1
Mouse06 (N23-2g-16M),4,28,1,1
Mouse06 (N23-2g-16M),4,29,0,1
Mouse06 (N23-2g-16M),4,30,1,1
Mouse06 (N23-2g-16M),4,31,0,1
Mouse06 (N23-2g-16M),4,32,1,1
Mouse06 (N23-2g-16M),4,33,1,1
Mouse06 (N23-2g-16M),4,34,0,1
Mouse06 (N23-2g-16M),4,35,1,1
Mouse06 (N23-2g-16M),4,36,1,1
Mouse06 (N23-2g-16M),4,37,0,1
Mouse06 (N23-2g-16M),4,38,1,1
Mouse06 (N23-2g-16M),4,39,1,1
Mouse06 (N23-2g-16M),4,40,1,1
Mouse06 (N23-2g-16M),4,41,1,1
Mouse06 (N23-2g-16M),4,42,1,1
Mouse06 (N23-2g-16M),4,43,1,1
Mouse06 (N23-2g-16M),4,44,0,1
Mouse06 (N23-2g-16M),4,45,1,1
Mouse06 (N23-2g-16M),4,46,1,1
Mouse06 (N23-2g-16M),4,47,1,1
Mouse06 (N23-2g-16M),4,48,0,1
Mouse06 (N23-2g-16M),4,49,1,1
Mouse06 (N23-2g-16M),4,50,1,1
Mouse06 (N23-2g-16M),4,51,0,1
Mouse06 (N23-2g-16M),4,52,1,1
Mouse06 (N23-2g-16M),4,53,0,1
Mouse06 (N23-2g-16M),4,54,0,1
Mouse06 (N23-2g-16M),4,55,0,1
Mouse06 (N23-2g-16M),4,56,1,1
Mouse06 (N23-2g-16M),4,57,1,1
Mouse06 (N23-2g-16M),4,58,1,1
Mouse06 (N23-2g-16M),4,59,1,1
Mouse06 (N23-2g-16M),4,60,0,1
Mouse06 (N23-2g-16M),4,61,0,1
Mouse06 (N23-2g-16M),4,62,1,1
Mouse06 (N23-2g-16M),4,63,1,1
Mouse06 (N23-2g-16M),4,64,1,1
Mouse06 (N23-2g-16M),4,65,0,1
Mouse06 (N23-2g-16M),4,66,0,1
Mouse06 (N23-2g-16M),4,67,1,1
Mouse06 (N23-2g-16M),4,68,0,1
Mouse06 (N23-2g-16M),4,69,1,1
Mouse06 (N23-2g-16M),4,70,1,1
Mouse06 (N23-2g-16M),4,71,0,1
Mouse06 (N23-2g-16M),4,72,1,1
Mouse06 (N23-2g-16M),4,73,1,1
Mouse06 (N23-2g-16M),4,74,1,1
Mouse06 (N23-2g-16M),4,75,0,1
Mouse06 (N23-2g-16M),4,76,1,1
Mouse06 (N23-2g-16M),4,77,1,1
Mouse06 (N23-2g-16M),4,78,0,1
Mouse06 (N23-2g-16M),4,79,0,1
Mouse06 (N23-2g-16M),4,80,1,1
Mouse06 (N23-2g-16M),4,81,1,1
Mouse06 (N23-2g-16M),4,82,0,1
Mouse06 (N23-2g-16M),4,83,1,1
Mouse06 (N23-2g-16M),4,84,1,1
Mouse06 (N23-2g-16M),4,85,0,1
Mouse06 (N23-2g-16M),4,86,1,1
Mouse06 (N23-2g-16M),4,87,0,1
Mouse06 (N23-2g-16M),4,88,0,1
Mouse06 (N23-2g-16M),4,89,1,1
Mouse06 (N23-2g-16M),4,90,0,1
Mouse06 (N23-2g-16M),4,91,0,1
Mouse06 (N23-2g-16M),4,92,1,1
Mouse06 (N23-2g-16M),4,93,1,1
Mouse06 (N23-2g-16M),4,94,1,1
Mouse06 (N23-2g-16M),4,95,0,1
Mouse06 (N23-2g-16M),4,96,0,1
Mouse06 (N23-2g-16M),4,97,0,1
Mouse06 (N23-2g-16M),4,98,1,1
Mouse06 (N23-2g-16M),4,99,0,1
Mouse06 (N23-2g-16M),4,100,1,1
Mouse06 (N23-2g-16M),4,101,1,1
Mouse06 (N23-2g-16M),4,102,1,1
Mouse06 (N23-2g-16M),4,103,0,1
Mouse06 (N23-2g-16M),4,104,1,1
Mouse06 (N23-2g-16M),4,105,0,1
Mouse06 (N23-2g-16M),4,106,0,1
Mouse06 (N23-2g-16M),4,107,0,1
Mouse06 (N23-2g-16M),4,108,1,1
Mouse06 (N23-2g-16M),4,109,1,1
Mouse06 (N23-2g-16M),4,110,1,1
Mouse06 (N23-2g-16M),4,111,0,1
Mouse06 (N23-2g-16M),4,112,1,1
Mouse06 (N23-2g-16M),4,113,0,1
Mouse06 (N23-2g-16M),4,114,1,1
Mouse06 (N23-2g-16M),4,115,1,1
Mouse06 (N23-2g-16M),4,116,1,1
Mouse06 (N23-2g-16M),4,117,1,1
Mouse06 (N23-2g-16M),4,118,0,1
Mouse06 (N23-2g-16M),4,119,0,1
Mouse06 (N23-2g-16M),4,120,1,1
Mouse06 (N23-2g-16M),4,121,0,1
Mouse06 (N23-2g-16M),4,122,1,1
Mouse06 (N23-2g-16M),4,123,0,1
Mouse06 (N23-2g-16M),4,124,1,1
Mouse06 (N23-2g-16M),4,125,0,1
Mouse06 (N23-2g-16M),4,126,1,1
Mouse06 (N23-2g-16M),4,127,1,1
Mouse06 (N23-2g-16M),4,128,1,1
Mouse06 (N23-2g-16M),4,129,1,1
Mouse06 (N23-2g-16M),4,130,1,1
Mouse06 (N23-2g-16M),4,131,1,1
Mouse06 (N23-2g-16M),4,132,0,1
Mouse06 (N23-2g-16M),4,133,1,1
Mouse07 (N13-2g-31M),1,1,0,2
Mouse07 (N13-2g-31M),1,2,1,2
Mouse07 (N13-2g-31M),1,3,1,2
Mouse07 (N13-2g-31M),1,4,1,2
Mouse07 (N13-2g-31M),1,5,0,2
Mouse07 (N13-2g-31M),1,6,1,2
Mouse07 (N13-2g-31M),1,7,0,2
Mouse07 (N13-2g-31M),1,8,0,2
Mouse07 (N13-2g-31M),1,9,0,2
Mouse07 (N13-2g-31M),1,10,1,2
Mouse07 (N13-2g-31M),1,11,1,2
Mouse07 (N13-2g-31M),1,12,1,2
Mouse07 (N13-2g-31M),1,13,1,2
Mouse07 (N13-2g-31M),1,14,1,2
Mouse07 (N13-2g-31M),1,15,1,2
Mouse07 (N13-2g-31M),1,16,0,2
Mouse07 (N13-2g-31M),1,17,1,2
Mouse07 (N13-2g-31M),1,18,0,2
Mouse07 (N13-2g-31M),1,19,1,2
Mouse07 (N13-2g-31M),1,20,1,2
Mouse07 (N13-2g-31M),1,21,1,2
Mouse07 (N13-2g-31M),1,22,1,2
Mouse07 (N13-2g-31M),1,23,1,2
Mouse07 (N13-2g-31M),1,24,1,2
Mouse07 (N13-2g-31M),1,25,0,2
Mouse07 (N13-2g-31M),1,26,0,2
Mouse07 (N13-2g-31M),1,27,1,2
Mouse07 (N13-2g-31M),1,28,1,2
Mouse07 (N13-2g-31M),1,29,1,2
Mouse07 (N13-2g-31M),1,30,0,2
Mouse07 (N13-2g-31M),1,31,0,2
Mouse07 (N13-2g-31M),1,32,1,2
Mouse07 (N13-2g-31M),1,33,0,2
Mouse07 (N13-2g-31M),1,34,0,2
Mouse07 (N13-2g-31M),1,35,1,2
Mouse07 (N13-2g-31M),1,36,1,2
Mouse07 (N13-2g-31M),1,37,0,2
Mouse07 (N13-2g-31M),1,38,1,2
Mouse07 (N13-2g-31M),1,39,1,2
Mouse07 (N13-2g-31M),1,40,1,2
Mouse07 (N13-2g-31M),1,41,0,2
Mouse07 (N13-2g-31M),1,42,0,2
Mouse07 (N13-2g-31M),1,43,0,2
Mouse07 (N13-2g-31M),1,44,1,2
Mouse07 (N13-2g-31M),1,45,1,2
Mouse07 (N13-2g-31M),1,46,1,2
Mouse07 (N13-2g-31M),1,47,0,2
Mouse07 (N13-2g-31M),1,48,0,2
Mouse07 (N13-2g-31M),1,49,1,2
Mouse07 (N13-2g-31M),1,50,1,2
Mouse07 (N13-2g-31M),1,51,0,2
Mouse07 (N13-2g-31M),1,52,1,2
Mouse07 (N13-2g-31M),1,53,1,2
Mouse07 (N13-2g-31M),1,54,1,2
Mouse07 (N13-2g-31M),1,55,1,2
Mouse07 (N13-2g-31M),1,56,0,2
Mouse07 (N13-2g-31M),1,57,0,2
Mouse07 (N13-2g-31M),1,58,0,2
Mouse07 (N13-2g-31M),1,59,0,2
Mouse07 (N13-2g-31M),1,60,0,2
Mouse07 (N13-2g-31M),1,61,1,2
Mouse07 (N13-2g-31M),1,62,1,2
Mouse07 (N13-2g-31M),1,63,0,2
Mouse07 (N13-2g-31M),1,64,1,2
Mouse07 (N13-2g-31M),1,65,1,2
Mouse07 (N13-2g-31M),1,66,0,2
Mouse07 (N13-2g-31M),1,67,0,2
Mouse07 (N13-2g-31M),1,68,1,2
Mouse07 (N13-2g-31M),1,69,1,2
Mouse07 (N13-2g-31M),1,70,1,2
Mouse07 (N13-2g-31M),1,71,0,2
Mouse07 (N13-2g-31M),1,72,0,2
Mouse07 (N13-2g-31M),1,73,0,2
Mouse07 (N13-2g-31M),1,74,0,2
Mouse07 (N13-2g-31M),1,75,0,2
Mouse07 (N13-2g-31M),1,76,0,2
Mouse07 (N13-2g-31M),1,77,0,2
Mouse07 (N13-2g-31M),1,78,1,2
Mouse07 (N13-2g-31M),1,79,1,2
Mouse07 (N13-2g-31M),1,80,1,2
Mouse07 (N13-2g-31M),1,81,0,2
Mouse07 (N13-2g-31M),1,82,1,2
Mouse07 (N13-2g-31M),1,83,1,2
Mouse07 (N13-2g-31M),1,84,0,2
Mouse07 (N13-2g-31M),1,85,1,2
Mouse07 (N13-2g-31M),1,86,1,2
Mouse07 (N13-2g-31M),1,87,0,2
Mouse07 (N13-2g-31M),1,88,0,2
Mouse07 (N13-2g-31M),1,89,0,2
Mouse07 (N13-2g-31M),1,90,0,2
Mouse07 (N13-2g-31M),1,91,0,2
Mouse07 (N13-2g-31M),1,92,0,2
Mouse07 (N13-2g-31M),1,93,1,2
Mouse07 (N13-2g-31M),1,94,0,2
Mouse07 (N13-2g-31M),1,95,1,2
Mouse07 (N13-2g-31M),1,96,1,2
Mouse07 (N13-2g-31M),1,97,0,2
Mouse07 (N13-2g-31M),1,98,1,2
Mouse07 (N13-2g-31M),1,99,0,2
Mouse07 (N13-2g-31M),1,100,0,2
Mouse07 (N13-2g-31M),1,101,0,2
Mouse07 (N13-2g-31M),1,102,0,2
Mouse07 (N13-2g-31M),1,103,0,2
Mouse07 (N13-2g-31M),1,104,0,2
Mouse07 (N13-2g-31M),1,105,0,2
Mouse07 (N13-2g-31M),1,106,1,2
Mouse07 (N13-2g-31M),1,107,0,2
Mouse07 (N13-2g-31M),1,108,1,2
Mouse07 (N13-2g-31M),1,109,0,2
Mouse07 (N13-2g-31M),1,110,0,2
Mouse07 (N13-2g-31M),1,111,1,2
Mouse07 (N13-2g-31M),1,112,1,2
Mouse07 (N13-2g-31M),1,113,0,2
Mouse07 (N13-2g-31M),1,114,1,2
Mouse07 (N13-2g-31M),1,115,1,2
Mouse07 (N13-2g-31M),1,116,0,2
Mouse07 (N13-2g-31M),1,117,1,2
Mouse07 (N13-2g-31M),1,118,1,2
Mouse07 (N13-2g-31M),1,119,1,2
Mouse07 (N13-2g-31M),1,120,0,2
Mouse07 (N13-2g-31M),1,121,0,2
Mouse07 (N13-2g-31M),1,122,0,2
Mouse07 (N13-2g-31M),1,123,0,2
Mouse07 (N13-2g-31M),1,124,1,2
Mouse07 (N13-2g-31M),1,125,1,2
Mouse07 (N13-2g-31M),1,126,1,2
Mouse07 (N13-2g-31M),1,127,0,2
Mouse07 (N13-2g-31M),1,128,0,2
Mouse07 (N13-2g-31M),1,129,1,2
Mouse07 (N13-2g-31M),1,130,1,2
Mouse07 (N13-2g-31M),1,131,0,2
Mouse07 (N13-2g-31M),1,132,1,2
Mouse07 (N13-2g-31M),1,133,1,2
Mouse07 (N13-2g-31M),1,134,0,2
Mouse07 (N13-2g-31M),1,135,0,2
Mouse07 (N13-2g-31M),1,136,1,2
Mouse07 (N13-2g-31M),1,137,0,2
Mouse07 (N13-2g-31M),1,138,0,2
Mouse07 (N13-2g-31M),1,139,0,2
Mouse07 (N13-2g-31M),1,140,1,2
Mouse07 (N13-2g-31M),1,141,1,2
Mouse07 (N13-2g-31M),1,142,1,2
Mouse07 (N13-2g-31M),1,143,0,2
Mouse07 (N13-2g-31M),1,144,1,2
Mouse07 (N13-2g-31M),1,145,1,2
Mouse07 (N13-2g-31M),1,146,1,2
Mouse07 (N13-2g-31M),1,147,1,2
Mouse07 (N13-2g-31M),1,148,0,2
Mouse07 (N13-2g-31M),1,149,1,2
Mouse07 (N13-2g-31M),1,150,0,2
Mouse07 (N13-2g-31M),1,151,1,2
Mouse07 (N13-2g-31M),1,152,0,2
Mouse07 (N13-2g-31M),1,153,1,2
Mouse07 (N13-2g-31M),2,1,0,2
Mouse07 (N13-2g-31M),2,2,0,2
Mouse07 (N13-2g-31M),2,3,0,2
Mouse07 (N13-2g-31M),2,4,0,2
Mouse07 (N13-2g-31M),2,5,0,2
Mouse07 (N13-2g-31M),2,6,1,2
Mouse07 (N13-2g-31M),2,7,0,2
Mouse07 (N13-2g-31M),2,8,1,2
Mouse07 (N13-2g-31M),2,9,1,2
Mouse07 (N13-2g-31M),2,10,1,2
Mouse07 (N13-2g-31M),2,11,1,2
Mouse07 (N13-2g-31M),2,12,0,2
Mouse07 (N13-2g-31M),2,13,0,2
Mouse07 (N13-2g-31M),2,14,1,2
Mouse07 (N13-2g-31M),2,15,1,2
Mouse07 (N13-2g-31M),2,16,0,2
Mouse07 (N13-2g-31M),2,17,0,2
Mouse07 (N13-2g-31M),2,18,1,2
Mouse07 (N13-2g-31M),2,19,1,2
Mouse07 (N13-2g-31M),2,20,1,2
Mouse07 (N13-2g-31M),2,21,1,2
Mouse07 (N13-2g-31M),2,22,1,2
Mouse07 (N13-2g-31M),2,23,1,2
Mouse07 (N13-2g-31M),2,24,1,2
Mouse07 (N13-2g-31M),2,25,1,2
Mouse07 (N13-2g-31M),2,26,1,2
Mouse07 (N13-2g-31M),2,27,0,2
Mouse07 (N13-2g-31M),2,28,1,2
Mouse07 (N13-2g-31M),2,29,1,2
Mouse07 (N13-2g-31M),2,30,0,2
Mouse07 (N13-2g-31M),2,31,1,2
Mouse07 (N13-2g-31M),2,32,0,2
Mouse07 (N13-2g-31M),2,33,1,2
Mouse07 (N13-2g-31M),2,34,0,2
Mouse07 (N13-2g-31M),2,35,1,2
Mouse07 (N13-2g-31M),2,36,0,2
Mouse07 (N13-2g-31M),2,37,0,2
Mouse07 (N13-2g-31M),2,38,1,2
Mouse07 (N13-2g-31M),2,39,1,2
Mouse07 (N13-2g-31M),2,40,0,2
Mouse07 (N13-2g-31M),2,41,1,2
Mouse07 (N13-2g-31M),2,42,1,2
Mouse07 (N13-2g-31M),2,43,0,2
Mouse07 (N13-2g-31M),2,44,1,2
Mouse07 (N13-2g-31M),2,45,1,2
Mouse07 (N13-2g-31M),2,46,1,2
Mouse07 (N13-2g-31M),2,47,1,2
Mouse07 (N13-2g-31M),2,48,1,2
Mouse07 (N13-2g-31M),2,49,0,2
Mouse07 (N13-2g-31M),2,50,0,2
Mouse07 (N13-2g-31M),2,51,0,2
Mouse07 (N13-2g-31M),2,52,0,2
Mouse07 (N13-2g-31M),2,53,1,2
Mouse07 (N13-2g-31M),2,54,0,2
Mouse07 (N13-2g-31M),2,55,0,2
Mouse07 (N13-2g-31M),2,56,1,2
Mouse07 (N13-2g-31M),2,57,1,2
Mouse07 (N13-2g-31M),2,58,1,2
Mouse07 (N13-2g-31M),2,59,1,2
Mouse07 (N13-2g-31M),2,60,1,2
Mouse07 (N13-2g-31M),2,61,1,2
Mouse07 (N13-2g-31M),2,62,0,2
Mouse07 (N13-2g-31M),2,63,1,2
Mouse07 (N13-2g-31M),2,64,1,2
Mouse07 (N13-2g-31M),2,65,1,2
Mouse07 (N13-2g-31M),2,66,1,2
Mouse07 (N13-2g-31M),2,67,0,2
Mouse07 (N13-2g-31M),2,68,1,2
Mouse07 (N13-2g-31M),2,69,0,2
Mouse07 (N13-2g-31M),2,70,1,2
Mouse07 (N13-2g-31M),2,71,1,2
Mouse07 (N13-2g-31M),2,72,1,2
Mouse07 (N13-2g-31M),2,73,0,2
Mouse07 (N13-2g-31M),2,74,0,2
Mouse07 (N13-2g-31M),2,75,0,2
Mouse07 (N13-2g-31M),2,76,0,2
Mouse07 (N13-2g-31M),2,77,0,2
Mouse07 (N13-2g-31M),2,78,0,2
Mouse07 (N13-2g-31M),2,79,1,2
Mouse07 (N13-2g-31M),2,80,1,2
Mouse07 (N13-2g-31M),2,81,1,2
Mouse07 (N13-2g-31M),2,82,0,2
Mouse07 (N13-2g-31M),2,83,1,2
Mouse07 (N13-2g-31M),2,84,1,2
Mouse07 (N13-2g-31M),2,85,0,2
Mouse07 (N13-2g-31M),2,86,1,2
Mouse07 (N13-2g-31M),2,87,1,2
Mouse07 (N13-2g-31M),2,88,0,2
Mouse07 (N13-2g-31M),2,89,0,2
Mouse07 (N13-2g-31M),2,90,1,2
Mouse07 (N13-2g-31M),2,91,1,2
Mouse07 (N13-2g-31M),2,92,1,2
Mouse07 (N13-2g-31M),2,93,1,2
Mouse07 (N13-2g-31M),2,94,1,2
Mouse07 (N13-2g-31M),2,95,0,2
Mouse07 (N13-2g-31M),2,96,0,2
Mouse07 (N13-2g-31M),2,97,1,2
Mouse07 (N13-2g-31M),2,98,0,2
Mouse07 (N13-2g-31M),2,99,1,2
Mouse07 (N13-2g-31M),2,100,1,2
Mouse07 (N13-2g-31M),2,101,1,2
Mouse07 (N13-2g-31M),2,102,1,2
Mouse07 (N13-2g-31M),2,103,1,2
Mouse07 (N13-2g-31M),2,104,0,2
Mouse07 (N13-2g-31M),2,105,0,2
Mouse07 (N13-2g-31M),2,106,1,2
Mouse07 (N13-2g-31M),2,107,1,2
Mouse07 (N13-2g-31M),2,108,0,2
Mouse07 (N13-2g-31M),2,109,0,2
Mouse07 (N13-2g-31M),2,110,1,2
Mouse07 (N13-2g-31M),2,111,1,2
Mouse07 (N13-2g-31M),2,112,1,2
Mouse07 (N13-2g-31M),2,113,1,2
Mouse07 (N13-2g-31M),2,114,1,2
Mouse07 (N13-2g-31M),2,115,1,2
Mouse07 (N13-2g-31M),2,116,1,2
Mouse07 (N13-2g-31M),2,117,1,2
Mouse07 (N13-2g-31M),2,118,0,2
Mouse07 (N13-2g-31M),2,119,0,2
Mouse07 (N13-2g-31M),2,120,1,2
Mouse07 (N13-2g-31M),2,121,0,2
Mouse07 (N13-2g-31M),2,122,1,2
Mouse07 (N13-2g-31M),2,123,0,2
Mouse07 (N13-2g-31M),2,124,0,2
Mouse07 (N13-2g-31M),2,125,0,2
Mouse07 (N13-2g-31M),2,126,0,2
Mouse07 (N13-2g-31M),2,127,0,2
Mouse07 (N13-2g-31M),2,128,1,2
Mouse07 (N13-2g-31M),2,129,1,2
Mouse07 (N13-2g-31M),2,130,0,2
Mouse07 (N13-2g-31M),2,131,1,2
Mouse07 (N13-2g-31M),2,132,1,2
Mouse07 (N13-2g-31M),2,133,1,2
Mouse07 (N13-2g-31M),3,1,1,2
Mouse07 (N13-2g-31M),3,2,1,2
Mouse07 (N13-2g-31M),3,3,0,2
Mouse07 (N13-2g-31M),3,4,1,2
Mouse07 (N13-2g-31M),3,5,0,2
Mouse07 (N13-2g-31M),3,6,0,2
Mouse07 (N13-2g-31M),3,7,1,2
Mouse07 (N13-2g-31M),3,8,1,2
Mouse07 (N13-2g-31M),3,9,1,2
Mouse07 (N13-2g-31M),3,10,1,2
Mouse07 (N13-2g-31M),3,11,1,2
Mouse07 (N13-2g-31M),3,12,1,2
Mouse07 (N13-2g-31M),3,13,0,2
Mouse07 (N13-2g-31M),3,14,1,2
Mouse07 (N13-2g-31M),3,15,0,2
Mouse07 (N13-2g-31M),3,16,1,2
Mouse07 (N13-2g-31M),3,17,1,2
Mouse07 (N13-2g-31M),3,18,1,2
Mouse07 (N13-2g-31M),3,19,1,2
Mouse07 (N13-2g-31M),3,20,0,2
Mouse07 (N13-2g-31M),3,21,1,2
Mouse07 (N13-2g-31M),3,22,1,2
Mouse07 (N13-2g-31M),3,23,1,2
Mouse07 (N13-2g-31M),3,24,1,2
Mouse07 (N13-2g-31M),3,25,0,2
Mouse07 (N13-2g-31M),3,26,0,2
Mouse07 (N13-2g-31M),3,27,0,2
Mouse07 (N13-2g-31M),3,28,0,2
Mouse07 (N13-2g-31M),3,29,0,2
Mouse07 (N13-2g-31M),3,30,0,2
Mouse07 (N13-2g-31M),3,31,1,2
Mouse07 (N13-2g-31M),3,32,0,2
Mouse07 (N13-2g-31M),3,33,0,2
Mouse07 (N13-2g-31M),3,34,1,2
Mouse07 (N13-2g-31M),3,35,0,2
Mouse07 (N13-2g-31M),3,36,1,2
Mouse07 (N13-2g-31M),3,37,1,2
Mouse07 (N13-2g-31M),3,38,0,2
Mouse07 (N13-2g-31M),3,39,0,2
Mouse07 (N13-2g-31M),3,40,0,2
Mouse07 (N13-2g-31M),3,41,0,2
Mouse07 (N13-2g-31M),3,42,0,2
Mouse07 (N13-2g-31M),3,43,0,2
Mouse07 (N13-2g-31M),3,44,1,2
Mouse07 (N13-2g-31M),3,45,1,2
Mouse07 (N13-2g-31M),3,46,0,2
Mouse07 (N13-2g-31M),3,47,0,2
Mouse07 (N13-2g-31M),3,48,0,2
Mouse07 (N13-2g-31M),3,49,0,2
Mouse07 (N13-2g-31M),3,50,0,2
Mouse07 (N13-2g-31M),3,51,1,2
Mouse07 (N13-2g-31M),3,52,1,2
Mouse07 (N13-2g-31M),3,53,0,2
Mouse07 (N13-2g-31M),3,54,1,2
Mouse07 (N13-2g-31M),3,55,0,2
Mouse07 (N13-2g-31M),3,56,0,2
Mouse07 (N13-2g-31M),3,57,1,2
Mouse07 (N13-2g-31M),3,58,1,2
Mouse07 (N13-2g-31M),3,59,1,2
Mouse07 (N13-2g-31M),3,60,0,2
Mouse07 (N13-2g-31M),3,61,1,2
Mouse07 (N13-2g-31M),3,62,0,2
Mouse07 (N13-2g-31M),3,63,1,2
Mouse07 (N13-2g-31M),3,64,0,2
Mouse07 (N13-2g-31M),3,65,0,2
Mouse07 (N13-2g-31M),3,66,0,2
Mouse07 (N13-2g-31M),3,67,1,2
Mouse07 (N13-2g-31M),3,68,1,2
Mouse07 (N13-2g-31M),3,69,1,2
Mouse07 (N13-2g-31M),3,70,1,2
Mouse07 (N13-2g-31M),3,71,0,2
Mouse07 (N13-2g-31M),3,72,1,2
Mouse07 (N13-2g-31M),3,73,0,2
Mouse07 (N13-2g-31M),3,74,0,2
Mouse07 (N13-2g-31M),3,75,1,2
Mouse07 (N13-2g-31M),3,76,1,2
Mouse07 (N13-2g-31M),3,77,1,2
Mouse07 (N13-2g-31M),3,78,1,2
Mouse07 (N13-2g-31M),3,79,0,2
Mouse07 (N13-2g-31M),3,80,0,2
Mouse07 (N13-2g-31M),3,81,1,2
Mouse07 (N13-2g-31M),3,82,1,2
Mouse07 (N13-2g-31M),3,83,1,2
Mouse07 (N13-2g-31M),3,84,1,2
Mouse07 (N13-2g-31M),3,85,1,2
Mouse07 (N13-2g-31M),3,86,0,2
Mouse07 (N13-2g-31M),3,87,0,2
Mouse07 (N13-2g-31M),3,88,1,2
Mouse07 (N13-2g-31M),3,89,1,2
Mouse07 (N13-2g-31M),3,90,1,2
Mouse07 (N13-2g-31M),3,91,0,2
Mouse07 (N13-2g-31M),3,92,0,2
Mouse07 (N13-2g-31M),3,93,1,2
Mouse07 (N13-2g-31M),3,94,0,2
Mouse07 (N13-2g-31M),3,95,0,2
Mouse07 (N13-2g-31M),3,96,1,2
Mouse07 (N13-2g-31M),3,97,0,2
Mouse07 (N13-2g-31M),3,98,1,2
Mouse07 (N13-2g-31M),3,99,0,2
Mouse07 (N13-2g-31M),3,100,0,2
Mouse07 (N13-2g-31M),3,101,0,2
Mouse07 (N13-2g-31M),3,102,1,2
Mouse07 (N13-2g-31M),3,103,0,2
Mouse07 (N13-2g-31M),3,104,0,2
Mouse07 (N13-2g-31M),3,105,0,2
Mouse07 (N13-2g-31M),3,106,1,2
Mouse07 (N13-2g-31M),3,107,0,2
Mouse07 (N13-2g-31M),3,108,0,2
Mouse07 (N13-2g-31M),3,109,1,2
Mouse07 (N13-2g-31M),3,110,1,2
Mouse07 (N13-2g-31M),3,111,1,2
Mouse07 (N13-2g-31M),3,112,1,2
Mouse07 (N13-2g-31M),3,113,1,2
Mouse07 (N13-2g-31M),3,114,1,2
Mouse07 (N13-2g-31M),3,115,0,2
Mouse07 (N13-2g-31M),3,116,1,2
Mouse07 (N13-2g-31M),3,117,1,2
Mouse07 (N13-2g-31M),3,118,1,2
Mouse07 (N13-2g-31M),3,119,0,2
Mouse07 (N13-2g-31M),3,120,0,2
Mouse07 (N13-2g-31M),3,121,0,2
Mouse07 (N13-2g-31M),3,122,0,2
Mouse07 (N13-2g-31M),3,123,0,2
Mouse07 (N13-2g-31M),3,124,1,2
Mouse07 (N13-2g-31M),3,125,1,2
Mouse07 (N13-2g-31M),3,126,0,2
Mouse07 (N13-2g-31M),3,127,0,2
Mouse07 (N13-2g-31M),3,128,0,2
Mouse07 (N13-2g-31M),3,129,1,2
Mouse07 (N13-2g-31M),3,130,1,2
Mouse07 (N13-2g-31M),3,131,0,2
Mouse07 (N13-2g-31M),3,132,1,2
Mouse07 (N13-2g-31M),3,133,0,2
Mouse07 (N13-2g-31M),3,134,0,2
Mouse07 (N13-2g-31M),3,135,0,2
Mouse07 (N13-2g-31M),3,136,1,2
Mouse07 (N13-2g-31M),3,137,1,2
Mouse07 (N13-2g-31M),3,138,0,2
Mouse07 (N13-2g-31M),3,139,1,2
Mouse07 (N13-2g-31M),3,140,0,2
Mouse07 (N13-2g-31M),3,141,1,2
Mouse07 (N13-2g-31M),3,142,1,2
Mouse07 (N13-2g-31M),3,143,0,2
Mouse07 (N13-2g-31M),3,144,0,2
Mouse07 (N13-2g-31M),3,145,0,2
Mouse07 (N13-2g-31M),3,146,1,2
Mouse07 (N13-2g-31M),3,147,0,2
Mouse07 (N13-2g-31M),3,148,0,2
Mouse07 (N13-2g-31M),3,149,1,2
Mouse07 (N13-2g-31M),3,150,0,2
Mouse07 (N13-2g-31M),3,151,0,2
Mouse07 (N13-2g-31M),3,152,1,2
Mouse07 (N13-2g-31M),3,153,0,2
Mouse07 (N13-2g-31M),3,154,1,2
Mouse07 (N13-2g-31M),3,155,1,2
Mouse07 (N13-2g-31M),3,156,1,2
Mouse07 (N13-2g-31M),3,157,1,2
Mouse07 (N13-2g-31M),4,1,1,2
Mouse07 (N13-2g-31M),4,2,1,2
Mouse07 (N13-2g-31M),4,3,1,2
Mouse07 (N13-2g-31M),4,4,0,2
Mouse07 (N13-2g-31M),4,5,0,2
Mouse07 (N13-2g-31M),4,6,1,2
Mouse07 (N13-2g-31M),4,7,0,2
Mouse07 (N13-2g-31M),4,8,1,2
Mouse07 (N13-2g-31M),4,9,1,2
Mouse07 (N13-2g-31M),4,10,1,2
Mouse07 (N13-2g-31M),4,11,0,2
Mouse07 (N13-2g-31M),4,12,0,2
Mouse07 (N13-2g-31M),4,13,1,2
Mouse07 (N13-2g-31M),4,14,0,2
Mouse07 (N13-2g-31M),4,15,1,2
Mouse07 (N13-2g-31M),4,16,1,2
Mouse07 (N13-2g-31M),4,17,1,2
Mouse07 (N13-2g-31M),4,18,1,2
Mouse07 (N13-2g-31M),4,19,1,2
Mouse07 (N13-2g-31M),4,20,1,2
Mouse07 (N13-2g-31M),4,21,1,2
Mouse07 (N13-2g-31M),4,22,1,2
Mouse07 (N13-2g-31M),4,23,1,2
Mouse07 (N13-2g-31M),4,24,1,2
Mouse07 (N13-2g-31M),4,25,0,2
Mouse07 (N13-2g-31M),4,26,0,2
Mouse07 (N13-2g-31M),4,27,0,2
Mouse07 (N13-2g-31M),4,28,1,2
Mouse07 (N13-2g-31M),4,29,1,2
Mouse07 (N13-2g-31M),4,30,1,2
Mouse07 (N13-2g-31M),4,31,0,2
Mouse07 (N13-2g-31M),4,32,0,2
Mouse07 (N13-2g-31M),4,33,1,2
Mouse07 (N13-2g-31M),4,34,0,2
Mouse07 (N13-2g-31M),4,35,1,2
Mouse07 (N13-2g-31M),4,36,1,2
Mouse07 (N13-2g-31M),4,37,1,2
Mouse07 (N13-2g-31M),4,38,0,2
Mouse07 (N13-2g-31M),4,39,1,2
Mouse07 (N13-2g-31M),4,40,1,2
Mouse07 (N13-2g-31M),4,41,1,2
Mouse07 (N13-2g-31M),4,42,1,2
Mouse07 (N13-2g-31M),4,43,1,2
Mouse07 (N13-2g-31M),4,44,0,2
Mouse07 (N13-2g-31M),4,45,0,2
Mouse07 (N13-2g-31M),4,46,1,2
Mouse07 (N13-2g-31M),4,47,1,2
Mouse07 (N13-2g-31M),4,48,1,2
Mouse07 (N13-2g-31M),4,49,0,2
Mouse07 (N13-2g-31M),4,50,1,2
Mouse07 (N13-2g-31M),4,51,1,2
Mouse07 (N13-2g-31M),4,52,0,2
Mouse07 (N13-2g-31M),4,53,0,2
Mouse07 (N13-2g-31M),4,54,1,2
Mouse07 (N13-2g-31M),4,55,1,2
Mouse07 (N13-2g-31M),4,56,0,2
Mouse07 (N13-2g-31M),4,57,1,2
Mouse07 (N13-2g-31M),4,58,1,2
Mouse07 (N13-2g-31M),4,59,0,2
Mouse07 (N13-2g-31M),4,60,0,2
Mouse07 (N13-2g-31M),4,61,1,2
Mouse07 (N13-2g-31M),4,62,1,2
Mouse07 (N13-2g-31M),4,63,1,2
Mouse07 (N13-2g-31M),4,64,0,2
Mouse07 (N13-2g-31M),4,65,1,2
Mouse07 (N13-2g-31M),4,66,0,2
Mouse07 (N13-2g-31M),4,67,0,2
Mouse07 (N13-2g-31M),4,68,1,2
Mouse07 (N13-2g-31M),4,69,1,2
Mouse07 (N13-2g-31M),4,70,1,2
Mouse07 (N13-2g-31M),4,71,0,2
Mouse07 (N13-2g-31M),4,72,0,2
Mouse07 (N13-2g-31M),4,73,0,2
Mouse07 (N13-2g-31M),4,74,0,2
Mouse07 (N13-2g-31M),4,75,1,2
Mouse07 (N13-2g-31M),4,76,0,2
Mouse07 (N13-2g-31M),4,77,0,2
Mouse07 (N13-2g-31M),4,78,1,2
Mouse07 (N13-2g-31M),4,79,1,2
Mouse07 (N13-2g-31M),4,80,1,2
Mouse07 (N13-2g-31M),4,81,1,2
Mouse07 (N13-2g-31M),4,82,0,2
Mouse07 (N13-2g-31M),4,83,1,2
Mouse07 (N13-2g-31M),4,84,1,2
Mouse07 (N13-2g-31M),4,85,1,2
Mouse07 (N13-2g-31M),4,86,1,2
Mouse07 (N13-2g-31M),4,87,1,2
Mouse07 (N13-2g-31M),4,88,1,2
Mouse07 (N13-2g-31M),4,89,1,2
Mouse07 (N13-2g-31M),4,90,1,2
Mouse07 (N13-2g-31M),4,91,1,2
Mouse07 (N13-2g-31M),4,92,0,2
Mouse07 (N13-2g-31M),4,93,0,2
Mouse07 (N13-2g-31M),4,94,1,2
Mouse07 (N13-2g-31M),4,95,1,2
Mouse07 (N13-2g-31M),4,96,0,2
Mouse07 (N13-2g-31M),4,97,1,2
Mouse07 (N13-2g-31M),4,98,0,2
Mouse07 (N13-2g-31M),4,99,0,2
Mouse07 (N13-2g-31M),4,100,0,2
Mouse07 (N13-2g-31M),4,101,0,2
Mouse07 (N13-2g-31M),4,102,1,2
Mouse07 (N13-2g-31M),4,103,1,2
Mouse07 (N13-2g-31M),4,104,1,2
Mouse07 (N13-2g-31M),4,105,1,2
Mouse07 (N13-2g-31M),4,106,1,2
Mouse07 (N13-2g-31M),4,107,1,2
Mouse07 (N13-2g-31M),4,108,1,2
Mouse07 (N13-2g-31M),4,109,1,2
Mouse07 (N13-2g-31M),4,110,1,2
Mouse07 (N13-2g-31M),4,111,1,2
Mouse07 (N13-2g-31M),4,112,1,2
Mouse07 (N13-2g-31M),4,113,0,2
Mouse07 (N13-2g-31M),4,114,0,2
Mouse07 (N13-2g-31M),4,115,0,2
Mouse07 (N13-2g-31M),4,116,1,2
Mouse07 (N13-2g-31M),4,117,0,2
Mouse07 (N13-2g-31M),4,118,1,2
Mouse07 (N13-2g-31M),4,119,1,2
Mouse07 (N13-2g-31M),4,120,0,2
Mouse07 (N13-2g-31M),4,121,0,2
Mouse07 (N13-2g-31M),4,122,1,2
Mouse07 (N13-2g-31M),4,123,0,2
Mouse07 (N13-2g-31M),4,124,0,2
Mouse07 (N13-2g-31M),4,125,1,2
Mouse07 (N13-2g-31M),4,126,1,2
Mouse08 (N18-2g-20M),1,1,1,2
Mouse08 (N18-2g-20M),1,2,1,2
Mouse08 (N18-2g-20M),1,3,1,2
Mouse08 (N18-2g-20M),1,4,0,2
Mouse08 (N18-2g-20M),1,5,0,2
Mouse08 (N18-2g-20M),1,6,0,2
Mouse08 (N18-2g-20M),1,7,1,2
Mouse08 (N18-2g-20M),1,8,0,2
Mouse08 (N18-2g-20M),1,9,0,2
Mouse08 (N18-2g-20M),1,10,1,2
Mouse08 (N18-2g-20M),1,11,1,2
Mouse08 (N18-2g-20M),1,12,1,2
Mouse08 (N18-2g-20M),1,13,1,2
Mouse08 (N18-2g-20M),1,14,0,2
Mouse08 (N18-2g-20M),1,15,0,2
Mouse08 (N18-2g-20M),1,16,1,2
Mouse08 (N18-2g-20M),1,17,1,2
Mouse08 (N18-2g-20M),1,18,0,2
Mouse08 (N18-2g-20M),1,19,0,2
Mouse08 (N18-2g-20M),1,20,1,2
Mouse08 (N18-2g-20M),1,21,0,2
Mouse08 (N18-2g-20M),1,22,1,2
Mouse08 (N18-2g-20M),1,23,1,2
Mouse08 (N18-2g-20M),1,24,1,2
Mouse08 (N18-2g-20M),1,25,0,2
Mouse08 (N18-2g-20M),1,26,1,2
Mouse08 (N18-2g-20M),1,27,1,2
Mouse08 (N18-2g-20M),1,28,0,2
Mouse08 (N18-2g-20M),1,29,0,2
Mouse08 (N18-2g-20M),1,30,0,2
Mouse08 (N18-2g-20M),1,31,1,2
Mouse08 (N18-2g-20M),1,32,1,2
Mouse08 (N18-2g-20M),1,33,1,2
Mouse08 (N18-2g-20M),1,34,0,2
Mouse08 (N18-2g-20M),1,35,1,2
Mouse08 (N18-2g-20M),1,36,0,2
Mouse08 (N18-2g-20M),1,37,1,2
Mouse08 (N18-2g-20M),1,38,1,2
Mouse08 (N18-2g-20M),1,39,1,2
Mouse08 (N18-2g-20M),1,40,1,2
Mouse08 (N18-2g-20M),1,41,1,2
Mouse08 (N18-2g-20M),1,42,0,2
Mouse08 (N18-2g-20M),1,43,1,2
Mouse08 (N18-2g-20M),1,44,0,2
Mouse08 (N18-2g-20M),1,45,0,2
Mouse08 (N18-2g-20M),1,46,0,2
Mouse08 (N18-2g-20M),1,47,1,2
Mouse08 (N18-2g-20M),1,48,1,2
Mouse08 (N18-2g-20M),1,49,1,2
Mouse08 (N18-2g-20M),1,50,0,2
Mouse08 (N18-2g-20M),1,51,1,2
Mouse08 (N18-2g-20M),1,52,0,2
Mouse08 (N18-2g-20M),1,53,1,2
Mouse08 (N18-2g-20M),1,54,1,2
Mouse08 (N18-2g-20M),1,55,1,2
Mouse08 (N18-2g-20M),1,56,1,2
Mouse08 (N18-2g-20M),1,57,1,2
Mouse08 (N18-2g-20M),1,58,1,2
Mouse08 (N18-2g-20M),1,59,1,2
Mouse08 (N18-2g-20M),1,60,0,2
Mouse08 (N18-2g-20M),1,61,0,2
Mouse08 (N18-2g-20M),1,62,1,2
Mouse08 (N18-2g-20M),1,63,1,2
Mouse08 (N18-2g-20M),1,64,1,2
Mouse08 (N18-2g-20M),1,65,1,2
Mouse08 (N18-2g-20M),1,66,1,2
Mouse08 (N18-2g-20M),1,67,0,2
Mouse08 (N18-2g-20M),1,68,1,2
Mouse08 (N18-2g-20M),1,69,1,2
Mouse08 (N18-2g-20M),1,70,1,2
Mouse08 (N18-2g-20M),1,71,0,2
Mouse08 (N18-2g-20M),1,72,0,2
Mouse08 (N18-2g-20M),1,73,1,2
Mouse08 (N18-2g-20M),1,74,0,2
Mouse08 (N18-2g-20M),1,75,1,2
Mouse08 (N18-2g-20M),1,76,1,2
Mouse08 (N18-2g-20M),1,77,1,2
Mouse08 (N18-2g-20M),1,78,1,2
Mouse08 (N18-2g-20M),1,79,1,2
Mouse08 (N18-2g-20M),1,80,1,2
Mouse08 (N18-2g-20M),1,81,0,2
Mouse08 (N18-2g-20M),1,82,1,2
Mouse08 (N18-2g-20M),1,83,0,2
Mouse08 (N18-2g-20M),1,84,1,2
Mouse08 (N18-2g-20M),1,85,1,2
Mouse08 (N18-2g-20M),1,86,0,2
Mouse08 (N18-2g-20M),1,87,0,2
Mouse08 (N18-2g-20M),1,88,1,2
Mouse08 (N18-2g-20M),1,89,1,2
Mouse08 (N18-2g-20M),1,90,1,2
Mouse08 (N18-2g-20M),1,91,0,2
Mouse08 (N18-2g-20M),1,92,0,2
Mouse08 (N18-2g-20M),1,93,1,2
Mouse08 (N18-2g-20M),1,94,1,2
Mouse08 (N18-2g-20M),1,95,1,2
Mouse08 (N18-2g-20M),1,96,1,2
Mouse08 (N18-2g-20M),1,97,1,2
Mouse08 (N18-2g-20M),1,98,1,2
Mouse08 (N18-2g-20M),1,99,0,2
Mouse08 (N18-2g-20M),1,100,1,2
Mouse08 (N18-2g-20M),1,101,0,2
Mouse08 (N18-2g-20M),1,102,1,2
Mouse08 (N18-2g-20M),1,103,0,2
Mouse08 (N18-2g-20M),1,104,1,2
Mouse08 (N18-2g-20M),1,105,0,2
Mouse08 (N18-2g-20M),1,106,1,2
Mouse08 (N18-2g-20M),1,107,1,2
Mouse08 (N18-2g-20M),1,108,0,2
Mouse08 (N18-2g-20M),1,109,0,2
Mouse08 (N18-2g-20M),1,110,0,2
Mouse08 (N18-2g-20M),1,111,0,2
Mouse08 (N18-2g-20M),1,112,1,2
Mouse08 (N18-2g-20M),1,113,0,2
Mouse08 (N18-2g-20M),1,114,1,2
Mouse08 (N18-2g-20M),1,115,0,2
Mouse08 (N18-2g-20M),1,116,0,2
Mouse08 (N18-2g-20M),1,117,0,2
Mouse08 (N18-2g-20M),1,118,1,2
Mouse08 (N18-2g-20M),1,119,1,2
Mouse08 (N18-2g-20M),1,120,0,2
Mouse08 (N18-2g-20M),1,121,0,2
Mouse08 (N18-2g-20M),1,122,1,2
Mouse08 (N18-2g-20M),1,123,1,2
Mouse08 (N18-2g-20M),1,124,1,2
Mouse08 (N18-2g-20M),1,125,1,2
Mouse08 (N18-2g-20M),1,126,1,2
Mouse08 (N18-2g-20M),1,127,1,2
Mouse08 (N18-2g-20M),1,128,0,2
Mouse08 (N18-2g-20M),1,129,0,2
Mouse08 (N18-2g-20M),1,130,0,2
Mouse08 (N18-2g-20M),1,131,0,2
Mouse08 (N18-2g-20M),1,132,1,2
Mouse08 (N18-2g-20M),2,1,1,2
Mouse08 (N18-2g-20M),2,2,1,2
Mouse08 (N18-2g-20M),2,3,1,2
Mouse08 (N18-2g-20M),2,4,0,2
Mouse08 (N18-2g-20M),2,5,0,2
Mouse08 (N18-2g-20M),2,6,1,2
Mouse08 (N18-2g-20M),2,7,0,2
Mouse08 (N18-2g-20M),2,8,1,2
Mouse08 (N18-2g-20M),2,9,1,2
Mouse08 (N18-2g-20M),2,10,1,2
Mouse08 (N18-2g-20M),2,11,1,2
Mouse08 (N18-2g-20M),2,12,0,2
Mouse08 (N18-2g-20M),2,13,1,2
Mouse08 (N18-2g-20M),2,14,0,2
Mouse08 (N18-2g-20M),2,15,1,2
Mouse08 (N18-2g-20M),2,16,0,2
Mouse08 (N18-2g-20M),2,17,1,2
Mouse08 (N18-2g-20M),2,18,1,2
Mouse08 (N18-2g-20M),2,19,1,2
Mouse08 (N18-2g-20M),2,20,1,2
Mouse08 (N18-2g-20M),2,21,0,2
Mouse08 (N18-2g-20M),2,22,1,2
Mouse08 (N18-2g-20M),2,23,1,2
Mouse08 (N18-2g-20M),2,24,0,2
Mouse08 (N18-2g-20M),2,25,0,2
Mouse08 (N18-2g-20M),2,26,1,2
Mouse08 (N18-2g-20M),2,27,1,2
Mouse08 (N18-2g-20M),2,28,0,2
Mouse08 (N18-2g-20M),2,29,1,2
Mouse08 (N18-2g-20M),2,30,0,2
Mouse08 (N18-2g-20M),2,31,1,2
Mouse08 (N18-2g-20M),2,32,1,2
Mouse08 (N18-2g-20M),2,33,1,2
Mouse08 (N18-2g-20M),2,34,0,2
Mouse08 (N18-2g-20M),2,35,1,2
Mouse08 (N18-2g-20M),2,36,1,2
Mouse08 (N18-2g-20M),2,37,1,2
Mouse08 (N18-2g-20M),2,38,1,2
Mouse08 (N18-2g-20M),2,39,1,2
Mouse08 (N18-2g-20M),2,40,0,2
Mouse08 (N18-2g-20M),2,41,0,2
Mouse08 (N18-2g-20M),2,42,0,2
Mouse08 (N18-2g-20M),2,43,1,2
Mouse08 (N18-2g-20M),2,44,1,2
Mouse08 (N18-2g-20M),2,45,0,2
Mouse08 (N18-2g-20M),2,46,0,2
Mouse08 (N18-2g-20M),2,47,1,2
Mouse08 (N18-2g-20M),2,48,0,2
Mouse08 (N18-2g-20M),2,49,0,2
Mouse08 (N18-2g-20M),2,50,1,2
Mouse08 (N18-2g-20M),2,51,1,2
Mouse08 (N18-2g-20M),2,52,0,2
Mouse08 (N18-2g-20M),2,53,1,2
Mouse08 (N18-2g-20M),2,54,0,2
Mouse08 (N18-2g-20M),2,55,1,2
Mouse08 (N18-2g-20M),2,56,0,2
Mouse08 (N18-2g-20M),2,57,1,2
Mouse08 (N18-2g-20M),2,58,0,2
Mouse08 (N18-2g-20M),2,59,1,2
Mouse08 (N18-2g-20M),2,60,1,2
Mouse08 (N18-2g-20M),2,61,0,2
Mouse08 (N18-2g-20M),2,62,1,2
Mouse08 (N18-2g-20M),2,63,0,2
Mouse08 (N18-2g-20M),2,64,1,2
Mouse08 (N18-2g-20M),2,65,1,2
Mouse08 (N18-2g-20M),2,66,0,2
Mouse08 (N18-2g-20M),2,67,0,2
Mouse08 (N18-2g-20M),2,68,0,2
Mouse08 (N18-2g-20M),2,69,1,2
Mouse08 (N18-2g-20M),2,70,1,2
Mouse08 (N18-2g-20M),2,71,0,2
Mouse08 (N18-2g-20M),2,72,1,2
Mouse08 (N18-2g-20M),2,73,1,2
Mouse08 (N18-2g-20M),2,74,0,2
Mouse08 (N18-2g-20M),2,75,0,2
Mouse08 (N18-2g-20M),2,76,0,2
Mouse08 (N18-2g-20M),2,77,1,2
Mouse08 (N18-2g-20M),2,78,1,2
Mouse08 (N18-2g-20M),2,79,0,2
Mouse08 (N18-2g-20M),2,80,1,2
Mouse08 (N18-2g-20M),2,81,1,2
Mouse08 (N18-2g-20M),2,82,0,2
Mouse08 (N18-2g-20M),2,83,1,2
Mouse08 (N18-2g-20M),2,84,1,2
Mouse08 (N18-2g-20M),2,85,0,2
Mouse08 (N18-2g-20M),2,86,0,2
Mouse08 (N18-2g-20M),2,87,1,2
Mouse08 (N18-2g-20M),2,88,0,2
Mouse08 (N18-2g-20M),2,89,0,2
Mouse08 (N18-2g-20M),2,90,0,2
Mouse08 (N18-2g-20M),2,91,0,2
Mouse08 (N18-2g-20M),2,92,1,2
Mouse08 (N18-2g-20M),2,93,1,2
Mouse08 (N18-2g-20M),2,94,1,2
Mouse08 (N18-2g-20M),2,95,0,2
Mouse08 (N18-2g-20M),2,96,0,2
Mouse08 (N18-2g-20M),2,97,1,2
Mouse08 (N18-2g-20M),2,98,1,2
Mouse08 (N18-2g-20M),2,99,1,2
Mouse08 (N18-2g-20M),2,100,1,2
Mouse08 (N18-2g-20M),2,101,1,2
Mouse08 (N18-2g-20M),2,102,1,2
Mouse08 (N18-2g-20M),2,103,0,2
Mouse08 (N18-2g-20M),2,104,1,2
Mouse08 (N18-2g-20M),2,105,1,2
Mouse08 (N18-2g-20M),2,106,0,2
Mouse08 (N18-2g-20M),2,107,1,2
Mouse08 (N18-2g-20M),2,108,1,2
Mouse08 (N18-2g-20M),2,109,0,2
Mouse08 (N18-2g-20M),2,110,1,2
Mouse08 (N18-2g-20M),2,111,0,2
Mouse08 (N18-2g-20M),2,112,1,2
Mouse08 (N18-2g-20M),2,113,0,2
Mouse08 (N18-2g-20M),2,114,0,2
Mouse08 (N18-2g-20M),2,115,1,2
Mouse08 (N18-2g-20M),2,116,1,2
Mouse08 (N18-2g-20M),2,117,1,2
Mouse08 (N18-2g-20M),2,118,0,2
Mouse08 (N18-2g-20M),2,119,0,2
Mouse08 (N18-2g-20M),2,120,1,2
Mouse08 (N18-2g-20M),2,121,1,2
Mouse08 (N18-2g-20M),2,122,0,2
Mouse08 (N18-2g-20M),2,123,1,2
Mouse08 (N18-2g-20M),2,124,1,2
Mouse08 (N18-2g-20M),2,125,1,2
Mouse08 (N18-2g-20M),2,126,1,2
Mouse08 (N18-2g-20M),2,127,1,2
Mouse08 (N18-2g-20M),2,128,0,2
Mouse08 (N18-2g-20M),2,129,0,2
Mouse08 (N18-2g-20M),2,130,1,2
Mouse08 (N18-2g-20M),2,131,1,2
Mouse08 (N18-2g-20M),2,132,0,2
Mouse08 (N18-2g-20M),2,133,0,2
Mouse08 (N18-2g-20M),2,134,0,2
Mouse08 (N18-2g-20M),2,135,0,2
Mouse08 (N18-2g-20M),2,136,1,2
Mouse08 (N18-2g-20M),2,137,0,2
Mouse08 (N18-2g-20M),2,138,1,2
Mouse08 (N18-2g-20M),3,1,1,2
Mouse08 (N18-2g-20M),3,2,1,2
Mouse08 (N18-2g-20M),3,3,1,2
Mouse08 (N18-2g-20M),3,4,0,2
Mouse08 (N18-2g-20M),3,5,0,2
Mouse08 (N18-2g-20M),3,6,0,2
Mouse08 (N18-2g-20M),3,7,0,2
Mouse08 (N18-2g-20M),3,8,1,2
Mouse08 (N18-2g-20M),3,9,1,2
Mouse08 (N18-2g-20M),3,10,0,2
Mouse08 (N18-2g-20M),3,11,1,2
Mouse08 (N18-2g-20M),3,12,0,2
Mouse08 (N18-2g-20M),3,13,0,2
Mouse08 (N18-2g-20M),3,14,1,2
Mouse08 (N18-2g-20M),3,15,1,2
Mouse08 (N18-2g-20M),3,16,1,2
Mouse08 (N18-2g-20M),3,17,1,2
Mouse08 (N18-2g-20M),3,18,0,2
Mouse08 (N18-2g-20M),3,19,1,2
Mouse08 (N18-2g-20M),3,20,0,2
Mouse08 (N18-2g-20M),3,21,1,2
Mouse08 (N18-2g-20M),3,22,1,2
Mouse08 (N18-2g-20M),3,23,1,2
Mouse08 (N18-2g-20M),3,24,0,2
Mouse08 (N18-2g-20M),3,25,1,2
Mouse08 (N18-2g-20M),3,26,0,2
Mouse08 (N18-2g-20M),3,27,1,2
Mouse08 (N18-2g-20M),3,28,1,2
Mouse08 (N18-2g-20M),3,29,1,2
Mouse08 (N18-2g-20M),3,30,1,2
Mouse08 (N18-2g-20M),3,31,0,2
Mouse08 (N18-2g-20M),3,32,1,2
Mouse08 (N18-2g-20M),3,33,0,2
Mouse08 (N18-2g-20M),3,34,1,2
Mouse08 (N18-2g-20M),3,35,0,2
Mouse08 (N18-2g-20M),3,36,1,2
Mouse08 (N18-2g-20M),3,37,0,2
Mouse08 (N18-2g-20M),3,38,1,2
Mouse08 (N18-2g-20M),3,39,0,2
Mouse08 (N18-2g-20M),3,40,0,2
Mouse08 (N18-2g-20M),3,41,0,2
Mouse08 (N18-2g-20M),3,42,1,2
Mouse08 (N18-2g-20M),3,43,0,2
Mouse08 (N18-2g-20M),3,44,1,2
Mouse08 (N18-2g-20M),3,45,0,2
Mouse08 (N18-2g-20M),3,46,1,2
Mouse08 (N18-2g-20M),3,47,0,2
Mouse08 (N18-2g-20M),3,48,1,2
Mouse08 (N18-2g-20M),3,49,1,2
Mouse08 (N18-2g-20M),3,50,1,2
Mouse08 (N18-2g-20M),3,51,0,2
Mouse08 (N18-2g-20M),3,52,0,2
Mouse08 (N18-2g-20M),3,53,1,2
Mouse08 (N18-2g-20M),3,54,1,2
Mouse08 (N18-2g-20M),3,55,1,2
Mouse08 (N18-2g-20M),3,56,0,2
Mouse08 (N18-2g-20M),3,57,1,2
Mouse08 (N18-2g-20M),3,58,1,2
Mouse08 (N18-2g-20M),3,59,1,2
Mouse08 (N18-2g-20M),3,60,0,2
Mouse08 (N18-2g-20M),3,61,1,2
Mouse08 (N18-2g-20M),3,62,1,2
Mouse08 (N18-2g-20M),3,63,1,2
Mouse08 (N18-2g-20M),3,64,0,2
Mouse08 (N18-2g-20M),3,65,1,2
Mouse08 (N18-2g-20M),3,66,1,2
Mouse08 (N18-2g-20M),3,67,1,2
Mouse08 (N18-2g-20M),3,68,1,2
Mouse08 (N18-2g-20M),3,69,1,2
Mouse08 (N18-2g-20M),3,70,1,2
Mouse08 (N18-2g-20M),3,71,1,2
Mouse08 (N18-2g-20M),3,72,0,2
Mouse08 (N18-2g-20M),3,73,1,2
Mouse08 (N18-2g-20M),3,74,1,2
Mouse08 (N18-2g-20M),3,75,1,2
Mouse08 (N18-2g-20M),3,76,1,2
Mouse08 (N18-2g-20M),3,77,1,2
Mouse08 (N18-2g-20M),3,78,0,2
Mouse08 (N18-2g-20M),3,79,1,2
Mouse08 (N18-2g-20M),3,80,0,2
Mouse08 (N18-2g-20M),3,81,1,2
Mouse08 (N18-2g-20M),3,82,1,2
Mouse08 (N18-2g-20M),3,83,0,2
Mouse08 (N18-2g-20M),3,84,1,2
Mouse08 (N18-2g-20M),3,85,1,2
Mouse08 (N18-2g-20M),3,86,1,2
Mouse08 (N18-2g-20M),3,87,0,2
Mouse08 (N18-2g-20M),3,88,1,2
Mouse08 (N18-2g-20M),3,89,0,2
Mouse08 (N18-2g-20M),3,90,0,2
Mouse08 (N18-2g-20M),3,91,1,2
Mouse08 (N18-2g-20M),3,92,1,2
Mouse08 (N18-2g-20M),3,93,0,2
Mouse08 (N18-2g-20M),3,94,1,2
Mouse08 (N18-2g-20M),3,95,1,2
Mouse08 (N18-2g-20M),3,96,1,2
Mouse08 (N18-2g-20M),3,97,0,2
Mouse08 (N18-2g-20M),3,98,1,2
Mouse08 (N18-2g-20M),3,99,1,2
Mouse08 (N18-2g-20M),3,100,1,2
Mouse08 (N18-2g-20M),3,101,0,2
Mouse08 (N18-2g-20M),3,102,1,2
Mouse08 (N18-2g-20M),3,103,0,2
Mouse08 (N18-2g-20M),3,104,0,2
Mouse08 (N18-2g-20M),3,105,1,2
Mouse08 (N18-2g-20M),3,106,1,2
Mouse08 (N18-2g-20M),3,107,1,2
Mouse08 (N18-2g-20M),3,108,0,2
Mouse08 (N18-2g-20M),3,109,1,2
Mouse08 (N18-2g-20M),3,110,1,2
Mouse08 (N18-2g-20M),3,111,1,2
Mouse08 (N18-2g-20M),3,112,1,2
Mouse08 (N18-2g-20M),3,113,0,2
Mouse08 (N18-2g-20M),3,114,1,2
Mouse08 (N18-2g-20M),3,115,0,2
Mouse08 (N18-2g-20M),3,116,1,2
Mouse08 (N18-2g-20M),3,117,1,2
Mouse08 (N18-2g-20M),3,118,0,2
Mouse08 (N18-2g-20M),3,119,1,2
Mouse08 (N18-2g-20M),3,120,1,2
Mouse08 (N18-2g-20M),3,121,1,2
Mouse08 (N18-2g-20M),3,122,1,2
Mouse08 (N18-2g-20M),4,1,1,2
Mouse08 (N18-2g-20M),4,2,1,2
Mouse08 (N18-2g-20M),4,3,1,2
Mouse08 (N18-2g-20M),4,4,0,2
Mouse08 (N18-2g-20M),4,5,0,2
Mouse08 (N18-2g-20M),4,6,1,2
Mouse08 (N18-2g-20M),4,7,1,2
Mouse08 (N18-2g-20M),4,8,0,2
Mouse08 (N18-2g-20M),4,9,1,2
Mouse08 (N18-2g-20M),4,10,1,2
Mouse08 (N18-2g-20M),4,11,1,2
Mouse08 (N18-2g-20M),4,12,0,2
Mouse08 (N18-2g-20M),4,13,1,2
Mouse08 (N18-2g-20M),4,14,1,2
Mouse08 (N18-2g-20M),4,15,0,2
Mouse08 (N18-2g-20M),4,16,1,2
Mouse08 (N18-2g-20M),4,17,0,2
Mouse08 (N18-2g-20M),4,18,1,2
Mouse08 (N18-2g-20M),4,19,1,2
Mouse08 (N18-2g-20M),4,20,1,2
Mouse08 (N18-2g-20M),4,21,1,2
Mouse08 (N18-2g-20M),4,22,1,2
Mouse08 (N18-2g-20M),4,23,1,2
Mouse08 (N18-2g-20M),4,24,0,2
Mouse08 (N18-2g-20M),4,25,1,2
Mouse08 (N18-2g-20M),4,26,1,2
Mouse08 (N18-2g-20M),4,27,0,2
Mouse08 (N18-2g-20M),4,28,1,2
Mouse08 (N18-2g-20M),4,29,1,2
Mouse08 (N18-2g-20M),4,30,0,2
Mouse08 (N18-2g-20M),4,31,0,2
Mouse08 (N18-2g-20M),4,32,1,2
Mouse08 (N18-2g-20M),4,33,1,2
Mouse08 (N18-2g-20M),4,34,0,2
Mouse08 (N18-2g-20M),4,35,1,2
Mouse08 (N18-2g-20M),4,36,0,2
Mouse08 (N18-2g-20M),4,37,0,2
Mouse08 (N18-2g-20M),4,38,1,2
Mouse08 (N18-2g-20M),4,39,1,2
Mouse08 (N18-2g-20M),4,40,1,2
Mouse08 (N18-2g-20M),4,41,0,2
Mouse08 (N18-2g-20M),4,42,1,2
Mouse08 (N18-2g-20M),4,43,0,2
Mouse08 (N18-2g-20M),4,44,1,2
Mouse08 (N18-2g-20M),4,45,0,2
Mouse08 (N18-2g-20M),4,46,1,2
Mouse08 (N18-2g-20M),4,47,0,2
Mouse08 (N18-2g-20M),4,48,1,2
Mouse08 (N18-2g-20M),4,49,1,2
Mouse08 (N18-2g-20M),4,50,1,2
Mouse08 (N18-2g-20M),4,51,1,2
Mouse08 (N18-2g-20M),4,52,0,2
Mouse08 (N18-2g-20M),4,53,1,2
Mouse08 (N18-2g-20M),4,54,1,2
Mouse08 (N18-2g-20M),4,55,0,2
Mouse08 (N18-2g-20M),4,56,1,2
Mouse08 (N18-2g-20M),4,57,1,2
Mouse08 (N18-2g-20M),4,58,1,2
Mouse08 (N18-2g-20M),4,59,0,2
Mouse08 (N18-2g-20M),4,60,1,2
Mouse08 (N18-2g-20M),4,61,1,2
Mouse08 (N18-2g-20M),4,62,1,2
Mouse08 (N18-2g-20M),4,63,1,2
Mouse08 (N18-2g-20M),4,64,0,2
Mouse08 (N18-2g-20M),4,65,1,2
Mouse08 (N18-2g-20M),4,66,1,2
Mouse08 (N18-2g-20M),4,67,0,2
Mouse08 (N18-2g-20M),4,68,0,2
Mouse08 (N18-2g-20M),4,69,0,2
Mouse08 (N18-2g-20M),4,70,1,2
Mouse08 (N18-2g-20M),4,71,1,2
Mouse08 (N18-2g-20M),4,72,1,2
Mouse08 (N18-2g-20M),4,73,0,2
Mouse08 (N18-2g-20M),4,74,1,2
Mouse08 (N18-2g-20M),4,75,0,2
Mouse08 (N18-2g-20M),4,76,1,2
Mouse08 (N18-2g-20M),4,77,1,2
Mouse08 (N18-2g-20M),4,78,1,2
Mouse08 (N18-2g-20M),4,79,1,2
Mouse08 (N18-2g-20M),4,80,0,2
Mouse08 (N18-2g-20M),4,81,0,2
Mouse08 (N18-2g-20M),4,82,0,2
Mouse08 (N18-2g-20M),4,83,1,2
Mouse08 (N18-2g-20M),4,84,1,2
Mouse08 (N18-2g-20M),4,85,0,2
Mouse08 (N18-2g-20M),4,86,0,2
Mouse08 (N18-2g-20M),4,87,1,2
Mouse08 (N18-2g-20M),4,88,0,2
Mouse08 (N18-2g-20M),4,89,1,2
Mouse08 (N18-2g-20M),4,90,0,2
Mouse08 (N18-2g-20M),4,91,1,2
Mouse08 (N18-2g-20M),4,92,1,2
Mouse08 (N18-2g-20M),4,93,0,2
Mouse08 (N18-2g-20M),4,94,1,2
Mouse08 (N18-2g-20M),4,95,1,2
Mouse08 (N18-2g-20M),4,96,0,2
Mouse08 (N18-2g-20M),4,97,0,2
Mouse08 (N18-2g-20M),4,98,1,2
Mouse08 (N18-2g-20M),4,99,0,2
Mouse08 (N18-2g-20M),4,100,0,2
Mouse08 (N18-2g-20M),4,101,0,2
Mouse08 (N18-2g-20M),4,102,1,2
Mouse08 (N18-2g-20M),4,103,1,2
Mouse08 (N18-2g-20M),4,104,1,2
Mouse08 (N18-2g-20M),4,105,1,2
Mouse08 (N18-2g-20M),4,106,0,2
Mouse08 (N18-2g-20M),4,107,1,2
Mouse08 (N18-2g-20M),4,108,1,2
Mouse08 (N18-2g-20M),4,109,1,2
Mouse08 (N18-2g-20M),4,110,0,2
Mouse08 (N18-2g-20M),4,111,1,2
Mouse08 (N18-2g-20M),4,112,0,2
Mouse08 (N18-2g-20M),4,113,0,2
Mouse08 (N18-2g-20M),4,114,1,2
Mouse08 (N18-2g-20M),4,115,1,2
Mouse08 (N18-2g-20M),4,116,1,2
Mouse08 (N18-2g-20M),4,117,1,2
Mouse08 (N18-2g-20M),4,118,0,2
Mouse08 (N18-2g-20M),4,119,0,2
Mouse08 (N18-2g-20M),4,120,1,2
Mouse08 (N18-2g-20M),4,121,0,2
Mouse08 (N18-2g-20M),4,122,1,2
Mouse08 (N18-2g-20M),4,123,0,2
Mouse08 (N18-2g-20M),4,124,1,2
Mouse08 (N18-2g-20M),4,125,0,2
Mouse08 (N18-2g-20M),4,126,0,2
Mouse08 (N18-2g-20M),4,127,1,2
Mouse08 (N18-2g-20M),4,128,1,2
Mouse08 (N18-2g-20M),4,129,0,2
Mouse08 (N18-2g-20M),4,130,1,2
Mouse09 (N23-2g-18M),1,1,0,2
Mouse09 (N23-2g-18M),1,2,1,2
Mouse09 (N23-2g-18M),1,3,0,2
Mouse09 (N23-2g-18M),1,4,0,2
Mouse09 (N23-2g-18M),1,5,0,2
Mouse09 (N23-2g-18M),1,6,0,2
Mouse09 (N23-2g-18M),1,7,0,2
Mouse09 (N23-2g-18M),1,8,0,2
Mouse09 (N23-2g-18M),1,9,0,2
Mouse09 (N23-2g-18M),1,10,1,2
Mouse09 (N23-2g-18M),1,11,1,2
Mouse09 (N23-2g-18M),1,12,1,2
Mouse09 (N23-2g-18M),1,13,1,2
Mouse09 (N23-2g-18M),1,14,1,2
Mouse09 (N23-2g-18M),1,15,0,2
Mouse09 (N23-2g-18M),1,16,1,2
Mouse09 (N23-2g-18M),1,17,1,2
Mouse09 (N23-2g-18M),1,18,1,2
Mouse09 (N23-2g-18M),1,19,1,2
Mouse09 (N23-2g-18M),1,20,0,2
Mouse09 (N23-2g-18M),1,21,0,2
Mouse09 (N23-2g-18M),1,22,0,2
Mouse09 (N23-2g-18M),1,23,1,2
Mouse09 (N23-2g-18M),1,24,0,2
Mouse09 (N23-2g-18M),1,25,0,2
Mouse09 (N23-2g-18M),1,26,0,2
Mouse09 (N23-2g-18M),1,27,0,2
Mouse09 (N23-2g-18M),1,28,0,2
Mouse09 (N23-2g-18M),1,29,0,2
Mouse09 (N23-2g-18M),1,30,0,2
Mouse09 (N23-2g-18M),1,31,1,2
Mouse09 (N23-2g-18M),1,32,0,2
Mouse09 (N23-2g-18M),1,33,0,2
Mouse09 (N23-2g-18M),1,34,0,2
Mouse09 (N23-2g-18M),1,35,0,2
Mouse09 (N23-2g-18M),1,36,0,2
Mouse09 (N23-2g-18M),1,37,1,2
Mouse09 (N23-2g-18M),1,38,1,2
Mouse09 (N23-2g-18M),1,39,1,2
Mouse09 (N23-2g-18M),1,40,1,2
Mouse09 (N23-2g-18M),1,41,1,2
Mouse09 (N23-2g-18M),1,42,0,2
Mouse09 (N23-2g-18M),1,43,0,2
Mouse09 (N23-2g-18M),1,44,0,2
Mouse09 (N23-2g-18M),1,45,0,2
Mouse09 (N23-2g-18M),1,46,0,2
Mouse09 (N23-2g-18M),1,47,0,2
Mouse09 (N23-2g-18M),1,48,1,2
Mouse09 (N23-2g-18M),1,49,1,2
Mouse09 (N23-2g-18M),1,50,1,2
Mouse09 (N23-2g-18M),1,51,0,2
Mouse09 (N23-2g-18M),1,52,0,2
Mouse09 (N23-2g-18M),1,53,0,2
Mouse09 (N23-2g-18M),1,54,1,2
Mouse09 (N23-2g-18M),1,55,0,2
Mouse09 (N23-2g-18M),1,56,0,2
Mouse09 (N23-2g-18M),1,57,0,2
Mouse09 (N23-2g-18M),1,58,0,2
Mouse09 (N23-2g-18M),1,59,1,2
Mouse09 (N23-2g-18M),1,60,0,2
Mouse09 (N23-2g-18M),1,61,0,2
Mouse09 (N23-2g-18M),1,62,1,2
Mouse09 (N23-2g-18M),1,63,1,2
Mouse09 (N23-2g-18M),1,64,0,2
Mouse09 (N23-2g-18M),1,65,1,2
Mouse09 (N23-2g-18M),1,66,1,2
Mouse09 (N23-2g-18M),1,67,0,2
Mouse09 (N23-2g-18M),1,68,0,2
Mouse09 (N23-2g-18M),1,69,0,2
Mouse09 (N23-2g-18M),1,70,1,2
Mouse09 (N23-2g-18M),1,71,1,2
Mouse09 (N23-2g-18M),1,72,0,2
Mouse09 (N23-2g-18M),1,73,0,2
Mouse09 (N23-2g-18M),1,74,0,2
Mouse09 (N23-2g-18M),1,75,0,2
Mouse09 (N23-2g-18M),1,76,0,2
Mouse09 (N23-2g-18M),1,77,0,2
Mouse09 (N23-2g-18M),1,78,1,2
Mouse09 (N23-2g-18M),1,79,0,2
Mouse09 (N23-2g-18M),1,80,0,2
Mouse09 (N23-2g-18M),1,81,0,2
Mouse09 (N23-2g-18M),1,82,0,2
Mouse09 (N23-2g-18M),1,83,1,2
Mouse09 (N23-2g-18M),1,84,1,2
Mouse09 (N23-2g-18M),1,85,1,2
Mouse09 (N23-2g-18M),1,86,0,2
Mouse09 (N23-2g-18M),1,87,0,2
Mouse09 (N23-2g-18M),1,88,1,2
Mouse09 (N23-2g-18M),1,89,0,2
Mouse09 (N23-2g-18M),1,90,0,2
Mouse09 (N23-2g-18M),1,91,0,2
Mouse09 (N23-2g-18M),1,92,0,2
Mouse09 (N23-2g-18M),1,93,0,2
Mouse09 (N23-2g-18M),1,94,0,2
Mouse09 (N23-2g-18M),1,95,0,2
Mouse09 (N23-2g-18M),1,96,0,2
Mouse09 (N23-2g-18M),1,97,0,2
Mouse09 (N23-2g-18M),1,98,0,2
Mouse09 (N23-2g-18M),1,99,1,2
Mouse09 (N23-2g-18M),1,100,1,2
Mouse09 (N23-2g-18M),1,101,1,2
Mouse09 (N23-2g-18M),1,102,0,2
Mouse09 (N23-2g-18M),1,103,0,2
Mouse09 (N23-2g-18M),1,104,1,2
Mouse09 (N23-2g-18M),1,105,0,2
Mouse09 (N23-2g-18M),1,106,1,2
Mouse09 (N23-2g-18M),1,107,1,2
Mouse09 (N23-2g-18M),1,108,1,2
Mouse09 (N23-2g-18M),1,109,1,2
Mouse09 (N23-2g-18M),1,110,0,2
Mouse09 (N23-2g-18M),1,111,1,2
Mouse09 (N23-2g-18M),1,112,0,2
Mouse09 (N23-2g-18M),1,113,0,2
Mouse09 (N23-2g-18M),1,114,1,2
Mouse09 (N23-2g-18M),1,115,1,2
Mouse09 (N23-2g-18M),1,116,0,2
Mouse09 (N23-2g-18M),1,117,0,2
Mouse09 (N23-2g-18M),1,118,0,2
Mouse09 (N23-2g-18M),1,119,0,2
Mouse09 (N23-2g-18M),1,120,1,2
Mouse09 (N23-2g-18M),1,121,0,2
Mouse09 (N23-2g-18M),1,122,1,2
Mouse09 (N23-2g-18M),1,123,1,2
Mouse09 (N23-2g-18M),1,124,1,2
Mouse09 (N23-2g-18M),1,125,0,2
Mouse09 (N23-2g-18M),1,126,0,2
Mouse09 (N23-2g-18M),1,127,0,2
Mouse09 (N23-2g-18M),1,128,1,2
Mouse09 (N23-2g-18M),1,129,1,2
Mouse09 (N23-2g-18M),1,130,0,2
Mouse09 (N23-2g-18M),1,131,1,2
Mouse09 (N23-2g-18M),1,132,0,2
Mouse09 (N23-2g-18M),1,133,1,2
Mouse09 (N23-2g-18M),1,134,1,2
Mouse09 (N23-2g-18M),1,135,1,2
Mouse09 (N23-2g-18M),1,136,0,2
Mouse09 (N23-2g-18M),1,137,0,2
Mouse09 (N23-2g-18M),1,138,0,2
Mouse09 (N23-2g-18M),1,139,1,2
Mouse09 (N23-2g-18M),1,140,0,2
Mouse09 (N23-2g-18M),1,141,1,2
Mouse09 (N23-2g-18M),1,142,1,2
Mouse09 (N23-2g-18M),1,143,1,2
Mouse09 (N23-2g-18M),1,144,1,2
Mouse09 (N23-2g-18M),1,145,1,2
Mouse09 (N23-2g-18M),1,146,0,2
Mouse09 (N23-2g-18M),1,147,1,2
Mouse09 (N23-2g-18M),1,148,1,2
Mouse09 (N23-2g-18M),1,149,1,2
Mouse09 (N23-2g-18M),1,150,1,2
Mouse09 (N23-2g-18M),1,151,0,2
Mouse09 (N23-2g-18M),1,152,0,2
Mouse09 (N23-2g-18M),1,153,1,2
Mouse09 (N23-2g-18M),1,154,1,2
Mouse09 (N23-2g-18M),1,155,0,2
Mouse09 (N23-2g-18M),1,156,1,2
Mouse09 (N23-2g-18M),1,157,0,2
Mouse09 (N23-2g-18M),1,158,0,2
Mouse09 (N23-2g-18M),1,159,0,2
Mouse09 (N23-2g-18M),1,160,0,2
Mouse09 (N23-2g-18M),1,161,0,2
Mouse09 (N23-2g-18M),1,162,0,2
Mouse09 (N23-2g-18M),1,163,1,2
Mouse09 (N23-2g-18M),1,164,0,2
Mouse09 (N23-2g-18M),1,165,0,2
Mouse09 (N23-2g-18M),1,166,1,2
Mouse09 (N23-2g-18M),1,167,1,2
Mouse09 (N23-2g-18M),1,168,0,2
Mouse09 (N23-2g-18M),1,169,1,2
Mouse09 (N23-2g-18M),1,170,1,2
Mouse09 (N23-2g-18M),1,171,1,2
Mouse09 (N23-2g-18M),1,172,1,2
Mouse09 (N23-2g-18M),1,173,0,2
Mouse09 (N23-2g-18M),1,174,1,2
Mouse09 (N23-2g-18M),1,175,1,2
Mouse09 (N23-2g-18M),1,176,0,2
Mouse09 (N23-2g-18M),1,177,0,2
Mouse09 (N23-2g-18M),1,178,1,2
Mouse09 (N23-2g-18M),1,179,1,2
Mouse09 (N23-2g-18M),1,180,0,2
Mouse09 (N23-2g-18M),1,181,0,2
Mouse09 (N23-2g-18M),1,182,0,2
Mouse09 (N23-2g-18M),1,183,1,2
Mouse09 (N23-2g-18M),1,184,1,2
Mouse09 (N23-2g-18M),2,1,1,2
Mouse09 (N23-2g-18M),2,2,1,2
Mouse09 (N23-2g-18M),2,3,0,2
Mouse09 (N23-2g-18M),2,4,1,2
Mouse09 (N23-2g-18M),2,5,1,2
Mouse09 (N23-2g-18M),2,6,0,2
Mouse09 (N23-2g-18M),2,7,0,2
Mouse09 (N23-2g-18M),2,8,0,2
Mouse09 (N23-2g-18M),2,9,1,2
Mouse09 (N23-2g-18M),2,10,1,2
Mouse09 (N23-2g-18M),2,11,0,2
Mouse09 (N23-2g-18M),2,12,0,2
Mouse09 (N23-2g-18M),2,13,0,2
Mouse09 (N23-2g-18M),2,14,1,2
Mouse09 (N23-2g-18M),2,15,0,2
Mouse09 (N23-2g-18M),2,16,0,2
Mouse09 (N23-2g-18M),2,17,1,2
Mouse09 (N23-2g-18M),2,18,0,2
Mouse09 (N23-2g-18M),2,19,0,2
Mouse09 (N23-2g-18M),2,20,0,2
Mouse09 (N23-2g-18M),2,21,1,2
Mouse09 (N23-2g-18M),2,22,0,2
Mouse09 (N23-2g-18M),2,23,1,2
Mouse09 (N23-2g-18M),2,24,0,2
Mouse09 (N23-2g-18M),2,25,0,2
Mouse09 (N23-2g-18M),2,26,0,2
Mouse09 (N23-2g-18M),2,27,1,2
Mouse09 (N23-2g-18M),2,28,0,2
Mouse09 (N23-2g-18M),2,29,1,2
Mouse09 (N23-2g-18M),2,30,1,2
Mouse09 (N23-2g-18M),2,31,0,2
Mouse09 (N23-2g-18M),2,32,1,2
Mouse09 (N23-2g-18M),2,33,0,2
Mouse09 (N23-2g-18M),2,34,0,2
Mouse09 (N23-2g-18M),2,35,1,2
Mouse09 (N23-2g-18M),2,36,0,2
Mouse09 (N23-2g-18M),2,37,1,2
Mouse09 (N23-2g-18M),2,38,1,2
Mouse09 (N23-2g-18M),2,39,1,2
Mouse09 (N23-2g-18M),2,40,0,2
Mouse09 (N23-2g-18M),2,41,0,2
Mouse09 (N23-2g-18M),2,42,0,2
Mouse09 (N23-2g-18M),2,43,1,2
Mouse09 (N23-2g-18M),2,44,1,2
Mouse09 (N23-2g-18M),2,45,1,2
Mouse09 (N23-2g-18M),2,46,0,2
Mouse09 (N23-2g-18M),2,47,0,2
Mouse09 (N23-2g-18M),2,48,1,2
Mouse09 (N23-2g-18M),2,49,1,2
Mouse09 (N23-2g-18M),2,50,0,2
Mouse09 (N23-2g-18M),2,51,1,2
Mouse09 (N23-2g-18M),2,52,1,2
Mouse09 (N23-2g-18M),2,53,0,2
Mouse09 (N23-2g-18M),2,54,0,2
Mouse09 (N23-2g-18M),2,55,1,2
Mouse09 (N23-2g-18M),2,56,1,2
Mouse09 (N23-2g-18M),2,57,0,2
Mouse09 (N23-2g-18M),2,58,1,2
Mouse09 (N23-2g-18M),2,59,0,2
Mouse09 (N23-2g-18M),2,60,0,2
Mouse09 (N23-2g-18M),2,61,1,2
Mouse09 (N23-2g-18M),2,62,1,2
Mouse09 (N23-2g-18M),2,63,1,2
Mouse09 (N23-2g-18M),2,64,1,2
Mouse09 (N23-2g-18M),2,65,1,2
Mouse09 (N23-2g-18M),2,66,1,2
Mouse09 (N23-2g-18M),2,67,0,2
Mouse09 (N23-2g-18M),2,68,0,2
Mouse09 (N23-2g-18M),2,69,0,2
Mouse09 (N23-2g-18M),2,70,0,2
Mouse09 (N23-2g-18M),2,71,0,2
Mouse09 (N23-2g-18M),2,72,1,2
Mouse09 (N23-2g-18M),2,73,1,2
Mouse09 (N23-2g-18M),2,74,0,2
Mouse09 (N23-2g-18M),2,75,0,2
Mouse09 (N23-2g-18M),2,76,0,2
Mouse09 (N23-2g-18M),2,77,0,2
Mouse09 (N23-2g-18M),2,78,1,2
Mouse09 (N23-2g-18M),2,79,1,2
Mouse09 (N23-2g-18M),2,80,1,2
Mouse09 (N23-2g-18M),2,81,0,2
Mouse09 (N23-2g-18M),2,82,0,2
Mouse09 (N23-2g-18M),2,83,1,2
Mouse09 (N23-2g-18M),2,84,1,2
Mouse09 (N23-2g-18M),2,85,0,2
Mouse09 (N23-2g-18M),2,86,1,2
Mouse09 (N23-2g-18M),2,87,0,2
Mouse09 (N23-2g-18M),2,88,1,2
Mouse09 (N23-2g-18M),2,89,1,2
Mouse09 (N23-2g-18M),2,90,1,2
Mouse09 (N23-2g-18M),2,91,1,2
Mouse09 (N23-2g-18M),2,92,1,2
Mouse09 (N23-2g-18M),2,93,0,2
Mouse09 (N23-2g-18M),2,94,0,2
Mouse09 (N23-2g-18M),2,95,1,2
Mouse09 (N23-2g-18M),2,96,1,2
Mouse09 (N23-2g-18M),2,97,0,2
Mouse09 (N23-2g-18M),2,98,0,2
Mouse09 (N23-2g-18M),2,99,1,2
Mouse09 (N23-2g-18M),2,100,1,2
Mouse09 (N23-2g-18M),2,101,1,2
Mouse09 (N23-2g-18M),2,102,0,2
Mouse09 (N23-2g-18M),2,103,0,2
Mouse09 (N23-2g-18M),2,104,1,2
Mouse09 (N23-2g-18M),2,105,1,2
Mouse09 (N23-2g-18M),2,106,0,2
Mouse09 (N23-2g-18M),2,107,1,2
Mouse09 (N23-2g-18M),2,108,1,2
Mouse09 (N23-2g-18M),2,109,1,2
Mouse09 (N23-2g-18M),2,110,1,2
Mouse09 (N23-2g-18M),2,111,1,2
Mouse09 (N23-2g-18M),2,112,1,2
Mouse09 (N23-2g-18M),2,113,0,2
Mouse09 (N23-2g-18M),2,114,0,2
Mouse09 (N23-2g-18M),2,115,0,2
Mouse09 (N23-2g-18M),2,116,1,2
Mouse09 (N23-2g-18M),2,117,1,2
Mouse09 (N23-2g-18M),2,118,1,2
Mouse09 (N23-2g-18M),2,119,1,2
Mouse09 (N23-2g-18M),2,120,0,2
Mouse09 (N23-2g-18M),2,121,1,2
Mouse09 (N23-2g-18M),2,122,0,2
Mouse09 (N23-2g-18M),2,123,0,2
Mouse09 (N23-2g-18M),2,124,1,2
Mouse09 (N23-2g-18M),2,125,0,2
Mouse09 (N23-2g-18M),2,126,0,2
Mouse09 (N23-2g-18M),2,127,0,2
Mouse09 (N23-2g-18M),2,128,0,2
Mouse09 (N23-2g-18M),2,129,1,2
Mouse09 (N23-2g-18M),2,130,1,2
Mouse09 (N23-2g-18M),2,131,1,2
Mouse09 (N23-2g-18M),2,132,1,2
Mouse09 (N23-2g-18M),2,133,0,2
Mouse09 (N23-2g-18M),2,134,0,2
Mouse09 (N23-2g-18M),2,135,1,2
Mouse09 (N23-2g-18M),2,136,1,2
Mouse09 (N23-2g-18M),2,137,1,2
Mouse09 (N23-2g-18M),2,138,1,2
Mouse09 (N23-2g-18M),2,139,1,2
Mouse09 (N23-2g-18M),2,140,0,2
Mouse09 (N23-2g-18M),2,141,1,2
Mouse09 (N23-2g-18M),2,142,1,2
Mouse09 (N23-2g-18M),2,143,0,2
Mouse09 (N23-2g-18M),2,144,1,2
Mouse09 (N23-2g-18M),2,145,1,2
Mouse09 (N23-2g-18M),2,146,1,2
Mouse09 (N23-2g-18M),3,1,1,2
Mouse09 (N23-2g-18M),3,2,0,2
Mouse09 (N23-2g-18M),3,3,0,2
Mouse09 (N23-2g-18M),3,4,1,2
Mouse09 (N23-2g-18M),3,5,1,2
Mouse09 (N23-2g-18M),3,6,1,2
Mouse09 (N23-2g-18M),3,7,1,2
Mouse09 (N23-2g-18M),3,8,1,2
Mouse09 (N23-2g-18M),3,9,1,2
Mouse09 (N23-2g-18M),3,10,1,2
Mouse09 (N23-2g-18M),3,11,1,2
Mouse09 (N23-2g-18M),3,12,0,2
Mouse09 (N23-2g-18M),3,13,0,2
Mouse09 (N23-2g-18M),3,14,1,2
Mouse09 (N23-2g-18M),3,15,1,2
Mouse09 (N23-2g-18M),3,16,0,2
Mouse09 (N23-2g-18M),3,17,0,2
Mouse09 (N23-2g-18M),3,18,0,2
Mouse09 (N23-2g-18M),3,19,1,2
Mouse09 (N23-2g-18M),3,20,1,2
Mouse09 (N23-2g-18M),3,21,1,2
Mouse09 (N23-2g-18M),3,22,1,2
Mouse09 (N23-2g-18M),3,23,1,2
Mouse09 (N23-2g-18M),3,24,0,2
Mouse09 (N23-2g-18M),3,25,0,2
Mouse09 (N23-2g-18M),3,26,1,2
Mouse09 (N23-2g-18M),3,27,0,2
Mouse09 (N23-2g-18M),3,28,0,2
Mouse09 (N23-2g-18M),3,29,1,2
Mouse09 (N23-2g-18M),3,30,0,2
Mouse09 (N23-2g-18M),3,31,1,2
Mouse09 (N23-2g-18M),3,32,1,2
Mouse09 (N23-2g-18M),3,33,1,2
Mouse09 (N23-2g-18M),3,34,1,2
Mouse09 (N23-2g-18M),3,35,1,2
Mouse09 (N23-2g-18M),3,36,1,2
Mouse09 (N23-2g-18M),3,37,1,2
Mouse09 (N23-2g-18M),3,38,0,2
Mouse09 (N23-2g-18M),3,39,1,2
Mouse09 (N23-2g-18M),3,40,0,2
Mouse09 (N23-2g-18M),3,41,1,2
Mouse09 (N23-2g-18M),3,42,0,2
Mouse09 (N23-2g-18M),3,43,0,2
Mouse09 (N23-2g-18M),3,44,1,2
Mouse09 (N23-2g-18M),3,45,1,2
Mouse09 (N23-2g-18M),3,46,0,2
Mouse09 (N23-2g-18M),3,47,0,2
Mouse09 (N23-2g-18M),3,48,1,2
Mouse09 (N23-2g-18M),3,49,1,2
Mouse09 (N23-2g-18M),3,50,0,2
Mouse09 (N23-2g-18M),3,51,0,2
Mouse09 (N23-2g-18M),3,52,1,2
Mouse09 (N23-2g-18M),3,53,0,2
Mouse09 (N23-2g-18M),3,54,1,2
Mouse09 (N23-2g-18M),3,55,0,2
Mouse09 (N23-2g-18M),3,56,0,2
Mouse09 (N23-2g-18M),3,57,1,2
Mouse09 (N23-2g-18M),3,58,1,2
Mouse09 (N23-2g-18M),3,59,0,2
Mouse09 (N23-2g-18M),3,60,0,2
Mouse09 (N23-2g-18M),3,61,0,2
Mouse09 (N23-2g-18M),3,62,0,2
Mouse09 (N23-2g-18M),3,63,1,2
Mouse09 (N23-2g-18M),3,64,1,2
Mouse09 (N23-2g-18M),3,65,1,2
Mouse09 (N23-2g-18M),3,66,0,2
Mouse09 (N23-2g-18M),3,67,1,2
Mouse09 (N23-2g-18M),3,68,0,2
Mouse09 (N23-2g-18M),3,69,1,2
Mouse09 (N23-2g-18M),3,70,1,2
Mouse09 (N23-2g-18M),3,71,1,2
Mouse09 (N23-2g-18M),3,72,0,2
Mouse09 (N23-2g-18M),3,73,0,2
Mouse09 (N23-2g-18M),3,74,0,2
Mouse09 (N23-2g-18M),3,75,1,2
Mouse09 (N23-2g-18M),3,76,1,2
Mouse09 (N23-2g-18M),3,77,1,2
Mouse09 (N23-2g-18M),3,78,0,2
Mouse09 (N23-2g-18M),3,79,0,2
Mouse09 (N23-2g-18M),3,80,1,2
Mouse09 (N23-2g-18M),3,81,1,2
Mouse09 (N23-2g-18M),3,82,0,2
Mouse09 (N23-2g-18M),3,83,0,2
Mouse09 (N23-2g-18M),3,84,0,2
Mouse09 (N23-2g-18M),3,85,0,2
Mouse09 (N23-2g-18M),3,86,0,2
Mouse09 (N23-2g-18M),3,87,1,2
Mouse09 (N23-2g-18M),3,88,1,2
Mouse09 (N23-2g-18M),3,89,1,2
Mouse09 (N23-2g-18M),3,90,1,2
Mouse09 (N23-2g-18M),3,91,1,2
Mouse09 (N23-2g-18M),3,92,0,2
Mouse09 (N23-2g-18M),3,93,1,2
Mouse09 (N23-2g-18M),3,94,1,2
Mouse09 (N23-2g-18M),3,95,1,2
Mouse09 (N23-2g-18M),3,96,1,2
Mouse09 (N23-2g-18M),3,97,1,2
Mouse09 (N23-2g-18M),3,98,1,2
Mouse09 (N23-2g-18M),3,99,1,2
Mouse09 (N23-2g-18M),3,100,1,2
Mouse09 (N23-2g-18M),3,101,1,2
Mouse09 (N23-2g-18M),3,102,0,2
Mouse09 (N23-2g-18M),3,103,1,2
Mouse09 (N23-2g-18M),3,104,1,2
Mouse09 (N23-2g-18M),3,105,1,2
Mouse09 (N23-2g-18M),3,106,1,2
Mouse09 (N23-2g-18M),3,107,1,2
Mouse09 (N23-2g-18M),3,108,1,2
Mouse09 (N23-2g-18M),3,109,1,2
Mouse09 (N23-2g-18M),3,110,1,2
Mouse09 (N23-2g-18M),3,111,0,2
Mouse09 (N23-2g-18M),3,112,1,2
Mouse09 (N23-2g-18M),3,113,1,2
Mouse09 (N23-2g-18M),3,114,1,2
Mouse09 (N23-2g-18M),3,115,0,2
Mouse09 (N23-2g-18M),3,116,0,2
Mouse09 (N23-2g-18M),3,117,1,2
Mouse09 (N23-2g-18M),3,118,0,2
Mouse09 (N23-2g-18M),3,119,0,2
Mouse09 (N23-2g-18M),3,120,1,2
Mouse09 (N23-2g-18M),3,121,0,2
Mouse09 (N23-2g-18M),3,122,1,2
Mouse09 (N23-2g-18M),3,123,1,2
Mouse09 (N23-2g-18M),3,124,1,2
Mouse09 (N23-2g-18M),3,125,0,2
Mouse09 (N23-2g-18M),3,126,1,2
Mouse09 (N23-2g-18M),3,127,0,2
Mouse09 (N23-2g-18M),3,128,0,2
Mouse09 (N23-2g-18M),3,129,1,2
Mouse09 (N23-2g-18M),3,130,1,2
Mouse09 (N23-2g-18M),4,1,0,2
Mouse09 (N23-2g-18M),4,2,1,2
Mouse09 (N23-2g-18M),4,3,1,2
Mouse09 (N23-2g-18M),4,4,0,2
Mouse09 (N23-2g-18M),4,5,0,2
Mouse09 (N23-2g-18M),4,6,1,2
Mouse09 (N23-2g-18M),4,7,1,2
Mouse09 (N23-2g-18M),4,8,1,2
Mouse09 (N23-2g-18M),4,9,1,2
Mouse09 (N23-2g-18M),4,10,0,2
Mouse09 (N23-2g-18M),4,11,1,2
Mouse09 (N23-2g-18M),4,12,0,2
Mouse09 (N23-2g-18M),4,13,0,2
Mouse09 (N23-2g-18M),4,14,0,2
Mouse09 (N23-2g-18M),4,15,0,2
Mouse09 (N23-2g-18M),4,16,0,2
Mouse09 (N23-2g-18M),4,17,1,2
Mouse09 (N23-2g-18M),4,18,1,2
Mouse09 (N23-2g-18M),4,19,1,2
Mouse09 (N23-2g-18M),4,20,1,2
Mouse09 (N23-2g-18M),4,21,1,2
Mouse09 (N23-2g-18M),4,22,0,2
Mouse09 (N23-2g-18M),4,23,1,2
Mouse09 (N23-2g-18M),4,24,1,2
Mouse09 (N23-2g-18M),4,25,0,2
Mouse09 (N23-2g-18M),4,26,1,2
Mouse09 (N23-2g-18M),4,27,0,2
Mouse09 (N23-2g-18M),4,28,1,2
Mouse09 (N23-2g-18M),4,29,1,2
Mouse09 (N23-2g-18M),4,30,1,2
Mouse09 (N23-2g-18M),4,31,0,2
Mouse09 (N23-2g-18M),4,32,1,2
Mouse09 (N23-2g-18M),4,33,1,2
Mouse09 (N23-2g-18M),4,34,1,2
Mouse09 (N23-2g-18M),4,35,1,2
Mouse09 (N23-2g-18M),4,36,1,2
Mouse09 (N23-2g-18M),4,37,1,2
Mouse09 (N23-2g-18M),4,38,1,2
Mouse09 (N23-2g-18M),4,39,0,2
Mouse09 (N23-2g-18M),4,40,0,2
Mouse09 (N23-2g-18M),4,41,1,2
Mouse09 (N23-2g-18M),4,42,1,2
Mouse09 (N23-2g-18M),4,43,1,2
Mouse09 (N23-2g-18M),4,44,1,2
Mouse09 (N23-2g-18M),4,45,1,2
Mouse09 (N23-2g-18M),4,46,1,2
Mouse09 (N23-2g-18M),4,47,1,2
Mouse09 (N23-2g-18M),4,48,1,2
Mouse09 (N23-2g-18M),4,49,1,2
Mouse09 (N23-2g-18M),4,50,1,2
Mouse09 (N23-2g-18M),4,51,0,2
Mouse09 (N23-2g-18M),4,52,1,2
Mouse09 (N23-2g-18M),4,53,1,2
Mouse09 (N23-2g-18M),4,54,1,2
Mouse09 (N23-2g-18M),4,55,0,2
Mouse09 (N23-2g-18M),4,56,1,2
Mouse09 (N23-2g-18M),4,57,1,2
Mouse09 (N23-2g-18M),4,58,1,2
Mouse09 (N23-2g-18M),4,59,0,2
Mouse09 (N23-2g-18M),4,60,0,2
Mouse09 (N23-2g-18M),4,61,0,2
Mouse09 (N23-2g-18M),4,62,1,2
Mouse09 (N23-2g-18M),4,63,0,2
Mouse09 (N23-2g-18M),4,64,0,2
Mouse09 (N23-2g-18M),4,65,1,2
Mouse09 (N23-2g-18M),4,66,1,2
Mouse09 (N23-2g-18M),4,67,1,2
Mouse09 (N23-2g-18M),4,68,1,2
Mouse09 (N23-2g-18M),4,69,1,2
Mouse09 (N23-2g-18M),4,70,1,2
Mouse09 (N23-2g-18M),4,71,1,2
Mouse09 (N23-2g-18M),4,72,0,2
Mouse09 (N23-2g-18M),4,73,1,2
Mouse09 (N23-2g-18M),4,74,1,2
Mouse09 (N23-2g-18M),4,75,1,2
Mouse09 (N23-2g-18M),4,76,1,2
Mouse09 (N23-2g-18M),4,77,1,2
Mouse09 (N23-2g-18M),4,78,0,2
Mouse09 (N23-2g-18M),4,79,0,2
Mouse09 (N23-2g-18M),4,80,0,2
Mouse09 (N23-2g-18M),4,81,1,2
Mouse09 (N23-2g-18M),4,82,0,2
Mouse09 (N23-2g-18M),4,83,1,2
Mouse09 (N23-2g-18M),4,84,1,2
Mouse09 (N23-2g-18M),4,85,1,2
Mouse09 (N23-2g-18M),4,86,0,2
Mouse09 (N23-2g-18M),4,87,1,2
Mouse09 (N23-2g-18M),4,88,1,2
Mouse09 (N23-2g-18M),4,89,1,2
Mouse09 (N23-2g-18M),4,90,1,2
Mouse09 (N23-2g-18M),4,91,0,2
Mouse09 (N23-2g-18M),4,92,1,2
Mouse09 (N23-2g-18M),4,93,0,2
Mouse09 (N23-2g-18M),4,94,1,2
Mouse09 (N23-2g-18M),4,95,1,2
Mouse09 (N23-2g-18M),4,96,1,2
Mouse09 (N23-2g-18M),4,97,0,2
Mouse09 (N23-2g-18M),4,98,1,2
Mouse09 (N23-2g-18M),4,99,0,2
Mouse09 (N23-2g-18M),4,100,1,2
Mouse09 (N23-2g-18M),4,101,0,2
Mouse09 (N23-2g-18M),4,102,1,2
Mouse09 (N23-2g-18M),4,103,1,2
Mouse09 (N23-2g-18M),4,104,1,2
Mouse09 (N23-2g-18M),4,105,0,2
Mouse09 (N23-2g-18M),4,106,1,2
Mouse09 (N23-2g-18M),4,107,1,2
Mouse09 (N23-2g-18M),4,108,1,2
Mouse09 (N23-2g-18M),4,109,1,2
Mouse09 (N23-2g-18M),4,110,1,2
Mouse09 (N23-2g-18M),4,111,1,2
Mouse09 (N23-2g-18M),4,112,0,2
Mouse09 (N23-2g-18M),4,113,0,2
Mouse09 (N23-2g-18M),4,114,1,2
Mouse09 (N23-2g-18M),4,115,0,2
Mouse09 (N23-2g-18M),4,116,1,2
Mouse09 (N23-2g-18M),4,117,1,2
Mouse10 (N23-2g-17M),1,1,0,2
Mouse10 (N23-2g-17M),1,2,0,2
Mouse10 (N23-2g-17M),1,3,1,2
Mouse10 (N23-2g-17M),1,4,0,2
Mouse10 (N23-2g-17M),1,5,1,2
Mouse10 (N23-2g-17M),1,6,0,2
Mouse10 (N23-2g-17M),1,7,0,2
Mouse10 (N23-2g-17M),1,8,1,2
Mouse10 (N23-2g-17M),1,9,0,2
Mouse10 (N23-2g-17M),1,10,0,2
Mouse10 (N23-2g-17M),1,11,1,2
Mouse10 (N23-2g-17M),1,12,1,2
Mouse10 (N23-2g-17M),1,13,1,2
Mouse10 (N23-2g-17M),1,14,0,2
Mouse10 (N23-2g-17M),1,15,1,2
Mouse10 (N23-2g-17M),1,16,1,2
Mouse10 (N23-2g-17M),1,17,0,2
Mouse10 (N23-2g-17M),1,18,0,2
Mouse10 (N23-2g-17M),1,19,1,2
Mouse10 (N23-2g-17M),1,20,1,2
Mouse10 (N23-2g-17M),1,21,1,2
Mouse10 (N23-2g-17M),1,22,0,2
Mouse10 (N23-2g-17M),1,23,1,2
Mouse10 (N23-2g-17M),1,24,1,2
Mouse10 (N23-2g-17M),1,25,0,2
Mouse10 (N23-2g-17M),1,26,1,2
Mouse10 (N23-2g-17M),1,27,1,2
Mouse10 (N23-2g-17M),1,28,0,2
Mouse10 (N23-2g-17M),1,29,1,2
Mouse10 (N23-2g-17M),1,30,0,2
Mouse10 (N23-2g-17M),1,31,0,2
Mouse10 (N23-2g-17M),1,32,0,2
Mouse10 (N23-2g-17M),1,33,1,2
Mouse10 (N23-2g-17M),1,34,0,2
Mouse10 (N23-2g-17M),1,35,1,2
Mouse10 (N23-2g-17M),1,36,1,2
Mouse10 (N23-2g-17M),1,37,1,2
Mouse10 (N23-2g-17M),1,38,0,2
Mouse10 (N23-2g-17M),1,39,1,2
Mouse10 (N23-2g-17M),1,40,0,2
Mouse10 (N23-2g-17M),1,41,1,2
Mouse10 (N23-2g-17M),1,42,0,2
Mouse10 (N23-2g-17M),1,43,0,2
Mouse10 (N23-2g-17M),1,44,0,2
Mouse10 (N23-2g-17M),1,45,0,2
Mouse10 (N23-2g-17M),1,46,0,2
Mouse10 (N23-2g-17M),1,47,0,2
Mouse10 (N23-2g-17M),1,48,1,2
Mouse10 (N23-2g-17M),1,49,0,2
Mouse10 (N23-2g-17M),1,50,0,2
Mouse10 (N23-2g-17M),1,51,0,2
Mouse10 (N23-2g-17M),1,52,0,2
Mouse10 (N23-2g-17M),1,53,1,2
Mouse10 (N23-2g-17M),1,54,1,2
Mouse10 (N23-2g-17M),1,55,0,2
Mouse10 (N23-2g-17M),1,56,0,2
Mouse10 (N23-2g-17M),1,57,1,2
Mouse10 (N23-2g-17M),1,58,1,2
Mouse10 (N23-2g-17M),1,59,1,2
Mouse10 (N23-2g-17M),1,60,0,2
Mouse10 (N23-2g-17M),1,61,0,2
Mouse10 (N23-2g-17M),1,62,0,2
Mouse10 (N23-2g-17M),1,63,0,2
Mouse10 (N23-2g-17M),1,64,0,2
Mouse10 (N23-2g-17M),1,65,0,2
Mouse10 (N23-2g-17M),1,66,0,2
Mouse10 (N23-2g-17M),1,67,0,2
Mouse10 (N23-2g-17M),1,68,1,2
Mouse10 (N23-2g-17M),1,69,0,2
Mouse10 (N23-2g-17M),1,70,1,2
Mouse10 (N23-2g-17M),1,71,1,2
Mouse10 (N23-2g-17M),1,72,1,2
Mouse10 (N23-2g-17M),1,73,0,2
Mouse10 (N23-2g-17M),1,74,0,2
Mouse10 (N23-2g-17M),1,75,0,2
Mouse10 (N23-2g-17M),1,76,0,2
Mouse10 (N23-2g-17M),1,77,0,2
Mouse10 (N23-2g-17M),1,78,1,2
Mouse10 (N23-2g-17M),1,79,0,2
Mouse10 (N23-2g-17M),1,80,1,2
Mouse10 (N23-2g-17M),1,81,0,2
Mouse10 (N23-2g-17M),1,82,0,2
Mouse10 (N23-2g-17M),1,83,0,2
Mouse10 (N23-2g-17M),1,84,0,2
Mouse10 (N23-2g-17M),1,85,0,2
Mouse10 (N23-2g-17M),1,86,1,2
Mouse10 (N23-2g-17M),1,87,0,2
Mouse10 (N23-2g-17M),1,88,0,2
Mouse10 (N23-2g-17M),1,89,0,2
Mouse10 (N23-2g-17M),1,90,1,2
Mouse10 (N23-2g-17M),1,91,1,2
Mouse10 (N23-2g-17M),1,92,1,2
Mouse10 (N23-2g-17M),1,93,1,2
Mouse10 (N23-2g-17M),1,94,1,2
Mouse10 (N23-2g-17M),1,95,0,2
Mouse10 (N23-2g-17M),1,96,0,2
Mouse10 (N23-2g-17M),1,97,0,2
Mouse10 (N23-2g-17M),1,98,1,2
Mouse10 (N23-2g-17M),1,99,1,2
Mouse10 (N23-2g-17M),1,100,1,2
Mouse10 (N23-2g-17M),1,101,0,2
Mouse10 (N23-2g-17M),1,102,0,2
Mouse10 (N23-2g-17M),1,103,0,2
Mouse10 (N23-2g-17M),1,104,1,2
Mouse10 (N23-2g-17M),1,105,0,2
Mouse10 (N23-2g-17M),1,106,1,2
Mouse10 (N23-2g-17M),1,107,1,2
Mouse10 (N23-2g-17M),1,108,1,2
Mouse10 (N23-2g-17M),1,109,0,2
Mouse10 (N23-2g-17M),1,110,0,2
Mouse10 (N23-2g-17M),1,111,0,2
Mouse10 (N23-2g-17M),1,112,1,2
Mouse10 (N23-2g-17M),1,113,0,2
Mouse10 (N23-2g-17M),1,114,0,2
Mouse10 (N23-2g-17M),1,115,0,2
Mouse10 (N23-2g-17M),1,116,1,2
Mouse10 (N23-2g-17M),1,117,1,2
Mouse10 (N23-2g-17M),1,118,0,2
Mouse10 (N23-2g-17M),1,119,0,2
Mouse10 (N23-2g-17M),1,120,0,2
Mouse10 (N23-2g-17M),1,121,1,2
Mouse10 (N23-2g-17M),1,122,0,2
Mouse10 (N23-2g-17M),1,123,1,2
Mouse10 (N23-2g-17M),1,124,0,2
Mouse10 (N23-2g-17M),1,125,0,2
Mouse10 (N23-2g-17M),1,126,0,2
Mouse10 (N23-2g-17M),1,127,1,2
Mouse10 (N23-2g-17M),1,128,0,2
Mouse10 (N23-2g-17M),1,129,1,2
Mouse10 (N23-2g-17M),1,130,0,2
Mouse10 (N23-2g-17M),1,131,1,2
Mouse10 (N23-2g-17M),1,132,1,2
Mouse10 (N23-2g-17M),1,133,1,2
Mouse10 (N23-2g-17M),1,134,0,2
Mouse10 (N23-2g-17M),1,135,0,2
Mouse10 (N23-2g-17M),1,136,1,2
Mouse10 (N23-2g-17M),1,137,0,2
Mouse10 (N23-2g-17M),1,138,0,2
Mouse10 (N23-2g-17M),1,139,1,2
Mouse10 (N23-2g-17M),1,140,0,2
Mouse10 (N23-2g-17M),1,141,1,2
Mouse10 (N23-2g-17M),1,142,0,2
Mouse10 (N23-2g-17M),1,143,0,2
Mouse10 (N23-2g-17M),1,144,0,2
Mouse10 (N23-2g-17M),1,145,0,2
Mouse10 (N23-2g-17M),1,146,1,2
Mouse10 (N23-2g-17M),1,147,1,2
Mouse10 (N23-2g-17M),1,148,1,2
Mouse10 (N23-2g-17M),1,149,0,2
Mouse10 (N23-2g-17M),1,150,0,2
Mouse10 (N23-2g-17M),1,151,0,2
Mouse10 (N23-2g-17M),1,152,0,2
Mouse10 (N23-2g-17M),1,153,0,2
Mouse10 (N23-2g-17M),1,154,1,2
Mouse10 (N23-2g-17M),1,155,1,2
Mouse10 (N23-2g-17M),1,156,0,2
Mouse10 (N23-2g-17M),1,157,0,2
Mouse10 (N23-2g-17M),1,158,1,2
Mouse10 (N23-2g-17M),1,159,0,2
Mouse10 (N23-2g-17M),1,160,0,2
Mouse10 (N23-2g-17M),1,161,0,2
Mouse10 (N23-2g-17M),1,162,1,2
Mouse10 (N23-2g-17M),1,163,0,2
Mouse10 (N23-2g-17M),1,164,0,2
Mouse10 (N23-2g-17M),1,165,1,2
Mouse10 (N23-2g-17M),1,166,1,2
Mouse10 (N23-2g-17M),1,167,0,2
Mouse10 (N23-2g-17M),1,168,1,2
Mouse10 (N23-2g-17M),1,169,1,2
Mouse10 (N23-2g-17M),1,170,0,2
Mouse10 (N23-2g-17M),1,171,0,2
Mouse10 (N23-2g-17M),1,172,0,2
Mouse10 (N23-2g-17M),1,173,0,2
Mouse10 (N23-2g-17M),1,174,1,2
Mouse10 (N23-2g-17M),1,175,0,2
Mouse10 (N23-2g-17M),1,176,0,2
Mouse10 (N23-2g-17M),1,177,1,2
Mouse10 (N23-2g-17M),1,178,0,2
Mouse10 (N23-2g-17M),1,179,1,2
Mouse10 (N23-2g-17M),1,180,1,2
Mouse10 (N23-2g-17M),1,181,1,2
Mouse10 (N23-2g-17M),1,182,0,2
Mouse10 (N23-2g-17M),1,183,1,2
Mouse10 (N23-2g-17M),1,184,1,2
Mouse10 (N23-2g-17M),1,185,0,2
Mouse10 (N23-2g-17M),1,186,1,2
Mouse10 (N23-2g-17M),1,187,0,2
Mouse10 (N23-2g-17M),1,188,0,2
Mouse10 (N23-2g-17M),1,189,0,2
Mouse10 (N23-2g-17M),1,190,1,2
Mouse10 (N23-2g-17M),2,1,0,2
Mouse10 (N23-2g-17M),2,2,0,2
Mouse10 (N23-2g-17M),2,3,1,2
Mouse10 (N23-2g-17M),2,4,0,2
Mouse10 (N23-2g-17M),2,5,0,2
Mouse10 (N23-2g-17M),2,6,0,2
Mouse10 (N23-2g-17M),2,7,1,2
Mouse10 (N23-2g-17M),2,8,0,2
Mouse10 (N23-2g-17M),2,9,0,2
Mouse10 (N23-2g-17M),2,10,0,2
Mouse10 (N23-2g-17M),2,11,0,2
Mouse10 (N23-2g-17M),2,12,0,2
Mouse10 (N23-2g-17M),2,13,1,2
Mouse10 (N23-2g-17M),2,14,1,2
Mouse10 (N23-2g-17M),2,15,1,2
Mouse10 (N23-2g-17M),2,16,0,2
Mouse10 (N23-2g-17M),2,17,0,2
Mouse10 (N23-2g-17M),2,18,1,2
Mouse10 (N23-2g-17M),2,19,0,2
Mouse10 (N23-2g-17M),2,20,1,2
Mouse10 (N23-2g-17M),2,21,1,2
Mouse10 (N23-2g-17M),2,22,0,2
Mouse10 (N23-2g-17M),2,23,0,2
Mouse10 (N23-2g-17M),2,24,0,2
Mouse10 (N23-2g-17M),2,25,0,2
Mouse10 (N23-2g-17M),2,26,1,2
Mouse10 (N23-2g-17M),2,27,0,2
Mouse10 (N23-2g-17M),2,28,0,2
Mouse10 (N23-2g-17M),2,29,0,2
Mouse10 (N23-2g-17M),2,30,0,2
Mouse10 (N23-2g-17M),2,31,1,2
Mouse10 (N23-2g-17M),2,32,0,2
Mouse10 (N23-2g-17M),2,33,0,2
Mouse10 (N23-2g-17M),2,34,0,2
Mouse10 (N23-2g-17M),2,35,1,2
Mouse10 (N23-2g-17M),2,36,1,2
Mouse10 (N23-2g-17M),2,37,1,2
Mouse10 (N23-2g-17M),2,38,0,2
Mouse10 (N23-2g-17M),2,39,0,2
Mouse10 (N23-2g-17M),2,40,1,2
Mouse10 (N23-2g-17M),2,41,1,2
Mouse10 (N23-2g-17M),2,42,0,2
Mouse10 (N23-2g-17M),2,43,1,2
Mouse10 (N23-2g-17M),2,44,0,2
Mouse10 (N23-2g-17M),2,45,0,2
Mouse10 (N23-2g-17M),2,46,0,2
Mouse10 (N23-2g-17M),2,47,1,2
Mouse10 (N23-2g-17M),2,48,0,2
Mouse10 (N23-2g-17M),2,49,0,2
Mouse10 (N23-2g-17M),2,50,1,2
Mouse10 (N23-2g-17M),2,51,0,2
Mouse10 (N23-2g-17M),2,52,0,2
Mouse10 (N23-2g-17M),2,53,1,2
Mouse10 (N23-2g-17M),2,54,0,2
Mouse10 (N23-2g-17M),2,55,1,2
Mouse10 (N23-2g-17M),2,56,1,2
Mouse10 (N23-2g-17M),2,57,1,2
Mouse10 (N23-2g-17M),2,58,0,2
Mouse10 (N23-2g-17M),2,59,0,2
Mouse10 (N23-2g-17M),2,60,1,2
Mouse10 (N23-2g-17M),2,61,1,2
Mouse10 (N23-2g-17M),2,62,1,2
Mouse10 (N23-2g-17M),2,63,1,2
Mouse10 (N23-2g-17M),2,64,1,2
Mouse10 (N23-2g-17M),2,65,0,2
Mouse10 (N23-2g-17M),2,66,0,2
Mouse10 (N23-2g-17M),2,67,0,2
Mouse10 (N23-2g-17M),2,68,0,2
Mouse10 (N23-2g-17M),2,69,0,2
Mouse10 (N23-2g-17M),2,70,0,2
Mouse10 (N23-2g-17M),2,71,0,2
Mouse10 (N23-2g-17M),2,72,1,2
Mouse10 (N23-2g-17M),2,73,0,2
Mouse10 (N23-2g-17M),2,74,0,2
Mouse10 (N23-2g-17M),2,75,1,2
Mouse10 (N23-2g-17M),2,76,0,2
Mouse10 (N23-2g-17M),2,77,1,2
Mouse10 (N23-2g-17M),2,78,0,2
Mouse10 (N23-2g-17M),2,79,1,2
Mouse10 (N23-2g-17M),2,80,1,2
Mouse10 (N23-2g-17M),2,81,0,2
Mouse10 (N23-2g-17M),2,82,0,2
Mouse10 (N23-2g-17M),2,83,0,2
Mouse10 (N23-2g-17M),2,84,0,2
Mouse10 (N23-2g-17M),2,85,0,2
Mouse10 (N23-2g-17M),2,86,0,2
Mouse10 (N23-2g-17M),2,87,1,2
Mouse10 (N23-2g-17M),2,88,1,2
Mouse10 (N23-2g-17M),2,89,0,2
Mouse10 (N23-2g-17M),2,90,1,2
Mouse10 (N23-2g-17M),2,91,1,2
Mouse10 (N23-2g-17M),2,92,0,2
Mouse10 (N23-2g-17M),2,93,0,2
Mouse10 (N23-2g-17M),2,94,1,2
Mouse10 (N23-2g-17M),2,95,1,2
Mouse10 (N23-2g-17M),2,96,0,2
Mouse10 (N23-2g-17M),2,97,1,2
Mouse10 (N23-2g-17M),2,98,0,2
Mouse10 (N23-2g-17M),2,99,0,2
Mouse10 (N23-2g-17M),2,100,0,2
Mouse10 (N23-2g-17M),2,101,1,2
Mouse10 (N23-2g-17M),2,102,0,2
Mouse10 (N23-2g-17M),2,103,0,2
Mouse10 (N23-2g-17M),2,104,1,2
Mouse10 (N23-2g-17M),2,105,1,2
Mouse10 (N23-2g-17M),2,106,1,2
Mouse10 (N23-2g-17M),2,107,1,2
Mouse10 (N23-2g-17M),2,108,1,2
Mouse10 (N23-2g-17M),2,109,1,2
Mouse10 (N23-2g-17M),2,110,0,2
Mouse10 (N23-2g-17M),2,111,0,2
Mouse10 (N23-2g-17M),2,112,0,2
Mouse10 (N23-2g-17M),2,113,0,2
Mouse10 (N23-2g-17M),2,114,1,2
Mouse10 (N23-2g-17M),2,115,1,2
Mouse10 (N23-2g-17M),2,116,0,2
Mouse10 (N23-2g-17M),2,117,0,2
Mouse10 (N23-2g-17M),2,118,1,2
Mouse10 (N23-2g-17M),2,119,0,2
Mouse10 (N23-2g-17M),2,120,1,2
Mouse10 (N23-2g-17M),2,121,1,2
Mouse10 (N23-2g-17M),2,122,0,2
Mouse10 (N23-2g-17M),2,123,1,2
Mouse10 (N23-2g-17M),2,124,1,2
Mouse10 (N23-2g-17M),2,125,0,2
Mouse10 (N23-2g-17M),2,126,1,2
Mouse10 (N23-2g-17M),2,127,1,2
Mouse10 (N23-2g-17M),2,128,0,2
Mouse10 (N23-2g-17M),2,129,0,2
Mouse10 (N23-2g-17M),2,130,1,2
Mouse10 (N23-2g-17M),2,131,1,2
Mouse10 (N23-2g-17M),2,132,0,2
Mouse10 (N23-2g-17M),2,133,0,2
Mouse10 (N23-2g-17M),2,134,0,2
Mouse10 (N23-2g-17M),2,135,0,2
Mouse10 (N23-2g-17M),2,136,0,2
Mouse10 (N23-2g-17M),2,137,0,2
Mouse10 (N23-2g-17M),2,138,1,2
Mouse10 (N23-2g-17M),2,139,1,2
Mouse10 (N23-2g-17M),2,140,0,2
Mouse10 (N23-2g-17M),2,141,0,2
Mouse10 (N23-2g-17M),2,142,0,2
Mouse10 (N23-2g-17M),2,143,1,2
Mouse10 (N23-2g-17M),2,144,0,2
Mouse10 (N23-2g-17M),2,145,1,2
Mouse10 (N23-2g-17M),2,146,1,2
Mouse10 (N23-2g-17M),2,147,0,2
Mouse10 (N23-2g-17M),2,148,1,2
Mouse10 (N23-2g-17M),2,149,0,2
Mouse10 (N23-2g-17M),2,150,1,2
Mouse10 (N23-2g-17M),2,151,0,2
Mouse10 (N23-2g-17M),2,152,0,2
Mouse10 (N23-2g-17M),2,153,0,2
Mouse10 (N23-2g-17M),2,154,0,2
Mouse10 (N23-2g-17M),2,155,0,2
Mouse10 (N23-2g-17M),2,156,1,2
Mouse10 (N23-2g-17M),2,157,0,2
Mouse10 (N23-2g-17M),2,158,0,2
Mouse10 (N23-2g-17M),2,159,0,2
Mouse10 (N23-2g-17M),2,160,1,2
Mouse10 (N23-2g-17M),2,161,0,2
Mouse10 (N23-2g-17M),2,162,1,2
Mouse10 (N23-2g-17M),2,163,0,2
Mouse10 (N23-2g-17M),2,164,0,2
Mouse10 (N23-2g-17M),2,165,1,2
Mouse10 (N23-2g-17M),2,166,0,2
Mouse10 (N23-2g-17M),2,167,0,2
Mouse10 (N23-2g-17M),2,168,1,2
Mouse10 (N23-2g-17M),2,169,0,2
Mouse10 (N23-2g-17M),2,170,1,2
Mouse10 (N23-2g-17M),2,171,0,2
Mouse10 (N23-2g-17M),2,172,1,2
Mouse10 (N23-2g-17M),2,173,1,2
Mouse10 (N23-2g-17M),2,174,0,2
Mouse10 (N23-2g-17M),2,175,0,2
Mouse10 (N23-2g-17M),2,176,0,2
Mouse10 (N23-2g-17M),2,177,1,2
Mouse10 (N23-2g-17M),2,178,0,2
Mouse10 (N23-2g-17M),2,179,0,2
Mouse10 (N23-2g-17M),2,180,1,2
Mouse10 (N23-2g-17M),2,181,1,2
Mouse10 (N23-2g-17M),2,182,0,2
Mouse10 (N23-2g-17M),2,183,1,2
Mouse10 (N23-2g-17M),2,184,1,2
Mouse10 (N23-2g-17M),2,185,0,2
Mouse10 (N23-2g-17M),2,186,0,2
Mouse10 (N23-2g-17M),2,187,1,2
Mouse10 (N23-2g-17M),2,188,0,2
Mouse10 (N23-2g-17M),2,189,0,2
Mouse10 (N23-2g-17M),2,190,0,2
Mouse10 (N23-2g-17M),2,191,1,2
Mouse10 (N23-2g-17M),2,192,0,2
Mouse10 (N23-2g-17M),2,193,1,2
Mouse10 (N23-2g-17M),3,1,1,2
Mouse10 (N23-2g-17M),3,2,1,2
Mouse10 (N23-2g-17M),3,3,0,2
Mouse10 (N23-2g-17M),3,4,1,2
Mouse10 (N23-2g-17M),3,5,0,2
Mouse10 (N23-2g-17M),3,6,1,2
Mouse10 (N23-2g-17M),3,7,1,2
Mouse10 (N23-2g-17M),3,8,1,2
Mouse10 (N23-2g-17M),3,9,1,2
Mouse10 (N23-2g-17M),3,10,0,2
Mouse10 (N23-2g-17M),3,11,0,2
Mouse10 (N23-2g-17M),3,12,1,2
Mouse10 (N23-2g-17M),3,13,1,2
Mouse10 (N23-2g-17M),3,14,0,2
Mouse10 (N23-2g-17M),3,15,1,2
Mouse10 (N23-2g-17M),3,16,1,2
Mouse10 (N23-2g-17M),3,17,0,2
Mouse10 (N23-2g-17M),3,18,1,2
Mouse10 (N23-2g-17M),3,19,0,2
Mouse10 (N23-2g-17M),3,20,0,2
Mouse10 (N23-2g-17M),3,21,0,2
Mouse10 (N23-2g-17M),3,22,1,2
Mouse10 (N23-2g-17M),3,23,0,2
Mouse10 (N23-2g-17M),3,24,1,2
Mouse10 (N23-2g-17M),3,25,1,2
Mouse10 (N23-2g-17M),3,26,0,2
Mouse10 (N23-2g-17M),3,27,1,2
Mouse10 (N23-2g-17M),3,28,1,2
Mouse10 (N23-2g-17M),3,29,0,2
Mouse10 (N23-2g-17M),3,30,0,2
Mouse10 (N23-2g-17M),3,31,0,2
Mouse10 (N23-2g-17M),3,32,0,2
Mouse10 (N23-2g-17M),3,33,0,2
Mouse10 (N23-2g-17M),3,34,1,2
Mouse10 (N23-2g-17M),3,35,1,2
Mouse10 (N23-2g-17M),3,36,1,2
Mouse10 (N23-2g-17M),3,37,1,2
Mouse10 (N23-2g-17M),3,38,1,2
Mouse10 (N23-2g-17M),3,39,1,2
Mouse10 (N23-2g-17M),3,40,1,2
Mouse10 (N23-2g-17M),3,41,1,2
Mouse10 (N23-2g-17M),3,42,1,2
Mouse10 (N23-2g-17M),3,43,0,2
Mouse10 (N23-2g-17M),3,44,0,2
Mouse10 (N23-2g-17M),3,45,1,2
Mouse10 (N23-2g-17M),3,46,0,2
Mouse10 (N23-2g-17M),3,47,0,2
Mouse10 (N23-2g-17M),3,48,0,2
Mouse10 (N23-2g-17M),3,49,1,2
Mouse10 (N23-2g-17M),3,50,1,2
Mouse10 (N23-2g-17M),3,51,0,2
Mouse10 (N23-2g-17M),3,52,0,2
Mouse10 (N23-2g-17M),3,53,0,2
Mouse10 (N23-2g-17M),3,54,1,2
Mouse10 (N23-2g-17M),3,55,1,2
Mouse10 (N23-2g-17M),3,56,1,2
Mouse10 (N23-2g-17M),3,57,0,2
Mouse10 (N23-2g-17M),3,58,0,2
Mouse10 (N23-2g-17M),3,59,1,2
Mouse10 (N23-2g-17M),3,60,1,2
Mouse10 (N23-2g-17M),3,61,0,2
Mouse10 (N23-2g-17M),3,62,1,2
Mouse10 (N23-2g-17M),3,63,0,2
Mouse10 (N23-2g-17M),3,64,0,2
Mouse10 (N23-2g-17M),3,65,0,2
Mouse10 (N23-2g-17M),3,66,1,2
Mouse10 (N23-2g-17M),3,67,1,2
Mouse10 (N23-2g-17M),3,68,0,2
Mouse10 (N23-2g-17M),3,69,0,2
Mouse10 (N23-2g-17M),3,70,0,2
Mouse10 (N23-2g-17M),3,71,0,2
Mouse10 (N23-2g-17M),3,72,1,2
Mouse10 (N23-2g-17M),3,73,1,2
Mouse10 (N23-2g-17M),3,74,1,2
Mouse10 (N23-2g-17M),3,75,0,2
Mouse10 (N23-2g-17M),3,76,1,2
Mouse10 (N23-2g-17M),3,77,1,2
Mouse10 (N23-2g-17M),3,78,0,2
Mouse10 (N23-2g-17M),3,79,0,2
Mouse10 (N23-2g-17M),3,80,0,2
Mouse10 (N23-2g-17M),3,81,0,2
Mouse10 (N23-2g-17M),3,82,0,2
Mouse10 (N23-2g-17M),3,83,0,2
Mouse10 (N23-2g-17M),3,84,0,2
Mouse10 (N23-2g-17M),3,85,1,2
Mouse10 (N23-2g-17M),3,86,1,2
Mouse10 (N23-2g-17M),3,87,1,2
Mouse10 (N23-2g-17M),3,88,0,2
Mouse10 (N23-2g-17M),3,89,0,2
Mouse10 (N23-2g-17M),3,90,1,2
Mouse10 (N23-2g-17M),3,91,1,2
Mouse10 (N23-2g-17M),3,92,1,2
Mouse10 (N23-2g-17M),3,93,0,2
Mouse10 (N23-2g-17M),3,94,1,2
Mouse10 (N23-2g-17M),3,95,1,2
Mouse10 (N23-2g-17M),3,96,0,2
Mouse10 (N23-2g-17M),3,97,1,2
Mouse10 (N23-2g-17M),3,98,1,2
Mouse10 (N23-2g-17M),3,99,0,2
Mouse10 (N23-2g-17M),3,100,0,2
Mouse10 (N23-2g-17M),3,101,1,2
Mouse10 (N23-2g-17M),3,102,0,2
Mouse10 (N23-2g-17M),3,103,0,2
Mouse10 (N23-2g-17M),3,104,1,2
Mouse10 (N23-2g-17M),3,105,1,2
Mouse10 (N23-2g-17M),3,106,0,2
Mouse10 (N23-2g-17M),3,107,0,2
Mouse10 (N23-2g-17M),3,108,1,2
Mouse10 (N23-2g-17M),3,109,1,2
Mouse10 (N23-2g-17M),3,110,1,2
Mouse10 (N23-2g-17M),3,111,0,2
Mouse10 (N23-2g-17M),3,112,0,2
Mouse10 (N23-2g-17M),3,113,0,2
Mouse10 (N23-2g-17M),3,114,1,2
Mouse10 (N23-2g-17M),3,115,1,2
Mouse10 (N23-2g-17M),3,116,0,2
Mouse10 (N23-2g-17M),3,117,1,2
Mouse10 (N23-2g-17M),3,118,0,2
Mouse10 (N23-2g-17M),3,119,0,2
Mouse10 (N23-2g-17M),3,120,1,2
Mouse10 (N23-2g-17M),3,121,1,2
Mouse10 (N23-2g-17M),3,122,0,2
Mouse10 (N23-2g-17M),3,123,1,2
Mouse10 (N23-2g-17M),3,124,0,2
Mouse10 (N23-2g-17M),3,125,1,2
Mouse10 (N23-2g-17M),3,126,1,2
Mouse10 (N23-2g-17M),3,127,1,2
Mouse10 (N23-2g-17M),3,128,0,2
Mouse10 (N23-2g-17M),3,129,1,2
Mouse10 (N23-2g-17M),3,130,0,2
Mouse10 (N23-2g-17M),3,131,0,2
Mouse10 (N23-2g-17M),3,132,0,2
Mouse10 (N23-2g-17M),3,133,0,2
Mouse10 (N23-2g-17M),3,134,0,2
Mouse10 (N23-2g-17M),3,135,0,2
Mouse10 (N23-2g-17M),3,136,1,2
Mouse10 (N23-2g-17M),3,137,1,2
Mouse10 (N23-2g-17M),3,138,1,2
Mouse10 (N23-2g-17M),3,139,1,2
Mouse10 (N23-2g-17M),3,140,0,2
Mouse10 (N23-2g-17M),3,141,0,2
Mouse10 (N23-2g-17M),3,142,0,2
Mouse10 (N23-2g-17M),3,143,1,2
Mouse10 (N23-2g-17M),3,144,1,2
Mouse10 (N23-2g-17M),3,145,1,2
Mouse10 (N23-2g-17M),3,146,0,2
Mouse10 (N23-2g-17M),3,147,0,2
Mouse10 (N23-2g-17M),3,148,1,2
Mouse10 (N23-2g-17M),3,149,1,2
Mouse10 (N23-2g-17M),3,150,1,2
Mouse10 (N23-2g-17M),3,151,1,2
Mouse10 (N23-2g-17M),3,152,0,2
Mouse10 (N23-2g-17M),3,153,0,2
Mouse10 (N23-2g-17M),3,154,0,2
Mouse10 (N23-2g-17M),3,155,0,2
Mouse10 (N23-2g-17M),3,156,0,2
Mouse10 (N23-2g-17M),3,157,1,2
Mouse10 (N23-2g-17M),4,1,1,2
Mouse10 (N23-2g-17M),4,2,1,2
Mouse10 (N23-2g-17M),4,3,1,2
Mouse10 (N23-2g-17M),4,4,1,2
Mouse10 (N23-2g-17M),4,5,0,2
Mouse10 (N23-2g-17M),4,6,0,2
Mouse10 (N23-2g-17M),4,7,1,2
Mouse10 (N23-2g-17M),4,8,1,2
Mouse10 (N23-2g-17M),4,9,1,2
Mouse10 (N23-2g-17M),4,10,0,2
Mouse10 (N23-2g-17M),4,11,0,2
Mouse10 (N23-2g-17M),4,12,1,2
Mouse10 (N23-2g-17M),4,13,1,2
Mouse10 (N23-2g-17M),4,14,0,2
Mouse10 (N23-2g-17M),4,15,1,2
Mouse10 (N23-2g-17M),4,16,0,2
Mouse10 (N23-2g-17M),4,17,1,2
Mouse10 (N23-2g-17M),4,18,1,2
Mouse10 (N23-2g-17M),4,19,0,2
Mouse10 (N23-2g-17M),4,20,1,2
Mouse10 (N23-2g-17M),4,21,0,2
Mouse10 (N23-2g-17M),4,22,0,2
Mouse10 (N23-2g-17M),4,23,0,2
Mouse10 (N23-2g-17M),4,24,1,2
Mouse10 (N23-2g-17M),4,25,1,2
Mouse10 (N23-2g-17M),4,26,1,2
Mouse10 (N23-2g-17M),4,27,1,2
Mouse10 (N23-2g-17M),4,28,0,2
Mouse10 (N23-2g-17M),4,29,1,2
Mouse10 (N23-2g-17M),4,30,0,2
Mouse10 (N23-2g-17M),4,31,1,2
Mouse10 (N23-2g-17M),4,32,0,2
Mouse10 (N23-2g-17M),4,33,1,2
Mouse10 (N23-2g-17M),4,34,1,2
Mouse10 (N23-2g-17M),4,35,0,2
Mouse10 (N23-2g-17M),4,36,0,2
Mouse10 (N23-2g-17M),4,37,1,2
Mouse10 (N23-2g-17M),4,38,1,2
Mouse10 (N23-2g-17M),4,39,1,2
Mouse10 (N23-2g-17M),4,40,1,2
Mouse10 (N23-2g-17M),4,41,1,2
Mouse10 (N23-2g-17M),4,42,1,2
Mouse10 (N23-2g-17M),4,43,1,2
Mouse10 (N23-2g-17M),4,44,0,2
Mouse10 (N23-2g-17M),4,45,1,2
Mouse10 (N23-2g-17M),4,46,0,2
Mouse10 (N23-2g-17M),4,47,1,2
Mouse10 (N23-2g-17M),4,48,0,2
Mouse10 (N23-2g-17M),4,49,1,2
Mouse10 (N23-2g-17M),4,50,1,2
Mouse10 (N23-2g-17M),4,51,0,2
Mouse10 (N23-2g-17M),4,52,1,2
Mouse10 (N23-2g-17M),4,53,0,2
Mouse10 (N23-2g-17M),4,54,1,2
Mouse10 (N23-2g-17M),4,55,1,2
Mouse10 (N23-2g-17M),4,56,1,2
Mouse10 (N23-2g-17M),4,57,1,2
Mouse10 (N23-2g-17M),4,58,1,2
Mouse10 (N23-2g-17M),4,59,0,2
Mouse10 (N23-2g-17M),4,60,1,2
Mouse10 (N23-2g-17M),4,61,1,2
Mouse10 (N23-2g-17M),4,62,1,2
Mouse10 (N23-2g-17M),4,63,1,2
Mouse10 (N23-2g-17M),4,64,0,2
Mouse10 (N23-2g-17M),4,65,1,2
Mouse10 (N23-2g-17M),4,66,0,2
Mouse10 (N23-2g-17M),4,67,0,2
Mouse10 (N23-2g-17M),4,68,1,2
Mouse10 (N23-2g-17M),4,69,1,2
Mouse10 (N23-2g-17M),4,70,0,2
Mouse10 (N23-2g-17M),4,71,0,2
Mouse10 (N23-2g-17M),4,72,1,2
Mouse10 (N23-2g-17M),4,73,1,2
Mouse10 (N23-2g-17M),4,74,1,2
Mouse10 (N23-2g-17M),4,75,1,2
Mouse10 (N23-2g-17M),4,76,1,2
Mouse10 (N23-2g-17M),4,77,1,2
Mouse10 (N23-2g-17M),4,78,0,2
Mouse10 (N23-2g-17M),4,79,1,2
Mouse10 (N23-2g-17M),4,80,0,2
Mouse10 (N23-2g-17M),4,81,1,2
Mouse10 (N23-2g-17M),4,82,0,2
Mouse10 (N23-2g-17M),4,83,1,2
Mouse10 (N23-2g-17M),4,84,1,2
Mouse10 (N23-2g-17M),4,85,0,2
Mouse10 (N23-2g-17M),4,86,1,2
Mouse10 (N23-2g-17M),4,87,0,2
Mouse10 (N23-2g-17M),4,88,0,2
Mouse10 (N23-2g-17M),4,89,0,2
Mouse10 (N23-2g-17M),4,90,1,2
Mouse10 (N23-2g-17M),4,91,1,2
Mouse10 (N23-2g-17M),4,92,0,2
Mouse10 (N23-2g-17M),4,93,1,2
Mouse10 (N23-2g-17M),4,94,1,2
Mouse10 (N23-2g-17M),4,95,1,2
Mouse10 (N23-2g-17M),4,96,1,2
Mouse10 (N23-2g-17M),4,97,1,2
Mouse10 (N23-2g-17M),4,98,0,2
Mouse10 (N23-2g-17M),4,99,1,2
Mouse10 (N23-2g-17M),4,100,0,2
Mouse10 (N23-2g-17M),4,101,0,2
Mouse10 (N23-2g-17M),4,102,1,2
Mouse10 (N23-2g-17M),4,103,1,2
Mouse10 (N23-2g-17M),4,104,1,2
Mouse10 (N23-2g-17M),4,105,1,2
Mouse10 (N23-2g-17M),4,106,1,2
Mouse10 (N23-2g-17M),4,107,0,2
Mouse10 (N23-2g-17M),4,108,1,2
Mouse10 (N23-2g-17M),4,109,1,2
Mouse10 (N23-2g-17M),4,110,0,2
Mouse10 (N23-2g-17M),4,111,0,2
Mouse10 (N23-2g-17M),4,112,1,2
Mouse10 (N23-2g-17M),4,113,0,2
Mouse10 (N23-2g-17M),4,114,1,2
Mouse10 (N23-2g-17M),4,115,1,2
Mouse10 (N23-2g-17M),4,116,0,2
Mouse10 (N23-2g-17M),4,117,0,2
Mouse10 (N23-2g-17M),4,118,1,2
Mouse10 (N23-2g-17M),4,119,1,2
Mouse10 (N23-2g-17M),4,120,1,2
Mouse10 (N23-2g-17M),4,121,0,2
Mouse10 (N23-2g-17M),4,122,0,2
Mouse10 (N23-2g-17M),4,123,1,2
Mouse10 (N23-2g-17M),4,124,1,2
Mouse10 (N23-2g-17M),4,125,0,2
Mouse10 (N23-2g-17M),4,126,0,2
Mouse10 (N23-2g-17M),4,127,0,2
Mouse10 (N23-2g-17M),4,128,0,2
Mouse10 (N23-2g-17M),4,129,1,2
Mouse11 (N69-2g-1M),1,1,1,2
Mouse11 (N69-2g-1M),1,2,0,2
Mouse11 (N69-2g-1M),1,3,1,2
Mouse11 (N69-2g-1M),1,4,1,2
Mouse11 (N69-2g-1M),1,5,1,2
Mouse11 (N69-2g-1M),1,6,1,2
Mouse11 (N69-2g-1M),1,7,1,2
Mouse11 (N69-2g-1M),1,8,0,2
Mouse11 (N69-2g-1M),1,9,0,2
Mouse11 (N69-2g-1M),1,10,1,2
Mouse11 (N69-2g-1M),1,11,1,2
Mouse11 (N69-2g-1M),1,12,1,2
Mouse11 (N69-2g-1M),1,13,1,2
Mouse11 (N69-2g-1M),1,14,1,2
Mouse11 (N69-2g-1M),1,15,1,2
Mouse11 (N69-2g-1M),1,16,1,2
Mouse11 (N69-2g-1M),1,17,0,2
Mouse11 (N69-2g-1M),1,18,0,2
Mouse11 (N69-2g-1M),1,19,1,2
Mouse11 (N69-2g-1M),1,20,1,2
Mouse11 (N69-2g-1M),1,21,1,2
Mouse11 (N69-2g-1M),1,22,0,2
Mouse11 (N69-2g-1M),1,23,0,2
Mouse11 (N69-2g-1M),1,24,0,2
Mouse11 (N69-2g-1M),1,25,1,2
Mouse11 (N69-2g-1M),1,26,1,2
Mouse11 (N69-2g-1M),1,27,1,2
Mouse11 (N69-2g-1M),1,28,1,2
Mouse11 (N69-2g-1M),1,29,1,2
Mouse11 (N69-2g-1M),1,30,0,2
Mouse11 (N69-2g-1M),1,31,1,2
Mouse11 (N69-2g-1M),1,32,0,2
Mouse11 (N69-2g-1M),1,33,0,2
Mouse11 (N69-2g-1M),1,34,0,2
Mouse11 (N69-2g-1M),1,35,0,2
Mouse11 (N69-2g-1M),1,36,0,2
Mouse11 (N69-2g-1M),1,37,1,2
Mouse11 (N69-2g-1M),1,38,0,2
Mouse11 (N69-2g-1M),1,39,1,2
Mouse11 (N69-2g-1M),1,40,0,2
Mouse11 (N69-2g-1M),1,41,1,2
Mouse11 (N69-2g-1M),1,42,1,2
Mouse11 (N69-2g-1M),1,43,0,2
Mouse11 (N69-2g-1M),1,44,1,2
Mouse11 (N69-2g-1M),1,45,0,2
Mouse11 (N69-2g-1M),1,46,0,2
Mouse11 (N69-2g-1M),1,47,0,2
Mouse11 (N69-2g-1M),1,48,0,2
Mouse11 (N69-2g-1M),1,49,1,2
Mouse11 (N69-2g-1M),1,50,0,2
Mouse11 (N69-2g-1M),1,51,0,2
Mouse11 (N69-2g-1M),1,52,0,2
Mouse11 (N69-2g-1M),1,53,1,2
Mouse11 (N69-2g-1M),1,54,0,2
Mouse11 (N69-2g-1M),1,55,0,2
Mouse11 (N69-2g-1M),1,56,1,2
Mouse11 (N69-2g-1M),1,57,1,2
Mouse11 (N69-2g-1M),1,58,1,2
Mouse11 (N69-2g-1M),1,59,0,2
Mouse11 (N69-2g-1M),1,60,0,2
Mouse11 (N69-2g-1M),1,61,1,2
Mouse11 (N69-2g-1M),1,62,0,2
Mouse11 (N69-2g-1M),1,63,1,2
Mouse11 (N69-2g-1M),1,64,0,2
Mouse11 (N69-2g-1M),1,65,1,2
Mouse11 (N69-2g-1M),1,66,1,2
Mouse11 (N69-2g-1M),1,67,1,2
Mouse11 (N69-2g-1M),1,68,1,2
Mouse11 (N69-2g-1M),1,69,1,2
Mouse11 (N69-2g-1M),1,70,1,2
Mouse11 (N69-2g-1M),1,71,0,2
Mouse11 (N69-2g-1M),1,72,1,2
Mouse11 (N69-2g-1M),1,73,1,2
Mouse11 (N69-2g-1M),1,74,1,2
Mouse11 (N69-2g-1M),1,75,1,2
Mouse11 (N69-2g-1M),1,76,0,2
Mouse11 (N69-2g-1M),1,77,1,2
Mouse11 (N69-2g-1M),1,78,1,2
Mouse11 (N69-2g-1M),1,79,0,2
Mouse11 (N69-2g-1M),1,80,1,2
Mouse11 (N69-2g-1M),1,81,1,2
Mouse11 (N69-2g-1M),1,82,0,2
Mouse11 (N69-2g-1M),1,83,1,2
Mouse11 (N69-2g-1M),1,84,1,2
Mouse11 (N69-2g-1M),1,85,1,2
Mouse11 (N69-2g-1M),1,86,0,2
Mouse11 (N69-2g-1M),1,87,0,2
Mouse11 (N69-2g-1M),1,88,1,2
Mouse11 (N69-2g-1M),1,89,0,2
Mouse11 (N69-2g-1M),1,90,1,2
Mouse11 (N69-2g-1M),1,91,1,2
Mouse11 (N69-2g-1M),1,92,0,2
Mouse11 (N69-2g-1M),1,93,0,2
Mouse11 (N69-2g-1M),1,94,1,2
Mouse11 (N69-2g-1M),1,95,0,2
Mouse11 (N69-2g-1M),1,96,1,2
Mouse11 (N69-2g-1M),1,97,1,2
Mouse11 (N69-2g-1M),1,98,1,2
Mouse11 (N69-2g-1M),1,99,0,2
Mouse11 (N69-2g-1M),1,100,1,2
Mouse11 (N69-2g-1M),1,101,1,2
Mouse11 (N69-2g-1M),1,102,0,2
Mouse11 (N69-2g-1M),1,103,1,2
Mouse11 (N69-2g-1M),1,104,1,2
Mouse11 (N69-2g-1M),1,105,1,2
Mouse11 (N69-2g-1M),1,106,0,2
Mouse11 (N69-2g-1M),1,107,0,2
Mouse11 (N69-2g-1M),1,108,0,2
Mouse11 (N69-2g-1M),1,109,1,2
Mouse11 (N69-2g-1M),1,110,1,2
Mouse11 (N69-2g-1M),1,111,1,2
Mouse11 (N69-2g-1M),1,112,1,2
Mouse11 (N69-2g-1M),1,113,1,2
Mouse11 (N69-2g-1M),1,114,1,2
Mouse11 (N69-2g-1M),1,115,1,2
Mouse11 (N69-2g-1M),1,116,0,2
Mouse11 (N69-2g-1M),1,117,0,2
Mouse11 (N69-2g-1M),1,118,1,2
Mouse11 (N69-2g-1M),1,119,0,2
Mouse11 (N69-2g-1M),1,120,1,2
Mouse11 (N69-2g-1M),1,121,1,2
Mouse11 (N69-2g-1M),1,122,0,2
Mouse11 (N69-2g-1M),1,123,0,2
Mouse11 (N69-2g-1M),1,124,1,2
Mouse11 (N69-2g-1M),1,125,0,2
Mouse11 (N69-2g-1M),1,126,0,2
Mouse11 (N69-2g-1M),1,127,1,2
Mouse11 (N69-2g-1M),1,128,0,2
Mouse11 (N69-2g-1M),1,129,1,2
Mouse11 (N69-2g-1M),1,130,0,2
Mouse11 (N69-2g-1M),1,131,1,2
Mouse11 (N69-2g-1M),1,132,1,2
Mouse11 (N69-2g-1M),1,133,0,2
Mouse11 (N69-2g-1M),1,134,1,2
Mouse11 (N69-2g-1M),1,135,0,2
Mouse11 (N69-2g-1M),1,136,1,2
Mouse11 (N69-2g-1M),2,1,1,2
Mouse11 (N69-2g-1M),2,2,1,2
Mouse11 (N69-2g-1M),2,3,1,2
Mouse11 (N69-2g-1M),2,4,0,2
Mouse11 (N69-2g-1M),2,5,1,2
Mouse11 (N69-2g-1M),2,6,1,2
Mouse11 (N69-2g-1M),2,7,1,2
Mouse11 (N69-2g-1M),2,8,1,2
Mouse11 (N69-2g-1M),2,9,0,2
Mouse11 (N69-2g-1M),2,10,1,2
Mouse11 (N69-2g-1M),2,11,0,2
Mouse11 (N69-2g-1M),2,12,1,2
Mouse11 (N69-2g-1M),2,13,1,2
Mouse11 (N69-2g-1M),2,14,1,2
Mouse11 (N69-2g-1M),2,15,0,2
Mouse11 (N69-2g-1M),2,16,1,2
Mouse11 (N69-2g-1M),2,17,1,2
Mouse11 (N69-2g-1M),2,18,1,2
Mouse11 (N69-2g-1M),2,19,1,2
Mouse11 (N69-2g-1M),2,20,1,2
Mouse11 (N69-2g-1M),2,21,0,2
Mouse11 (N69-2g-1M),2,22,1,2
Mouse11 (N69-2g-1M),2,23,1,2
Mouse11 (N69-2g-1M),2,24,0,2
Mouse11 (N69-2g-1M),2,25,1,2
Mouse11 (N69-2g-1M),2,26,1,2
Mouse11 (N69-2g-1M),2,27,1,2
Mouse11 (N69-2g-1M),2,28,1,2
Mouse11 (N69-2g-1M),2,29,1,2
Mouse11 (N69-2g-1M),2,30,0,2
Mouse11 (N69-2g-1M),2,31,0,2
Mouse11 (N69-2g-1M),2,32,1,2
Mouse11 (N69-2g-1M),2,33,1,2
Mouse11 (N69-2g-1M),2,34,1,2
Mouse11 (N69-2g-1M),2,35,1,2
Mouse11 (N69-2g-1M),2,36,1,2
Mouse11 (N69-2g-1M),2,37,1,2
Mouse11 (N69-2g-1M),2,38,0,2
Mouse11 (N69-2g-1M),2,39,0,2
Mouse11 (N69-2g-1M),2,40,1,2
Mouse11 (N69-2g-1M),2,41,1,2
Mouse11 (N69-2g-1M),2,42,0,2
Mouse11 (N69-2g-1M),2,43,1,2
Mouse11 (N69-2g-1M),2,44,1,2
Mouse11 (N69-2g-1M),2,45,1,2
Mouse11 (N69-2g-1M),2,46,1,2
Mouse11 (N69-2g-1M),2,47,1,2
Mouse11 (N69-2g-1M),2,48,1,2
Mouse11 (N69-2g-1M),2,49,0,2
Mouse11 (N69-2g-1M),2,50,1,2
Mouse11 (N69-2g-1M),2,51,0,2
Mouse11 (N69-2g-1M),2,52,1,2
Mouse11 (N69-2g-1M),2,53,1,2
Mouse11 (N69-2g-1M),2,54,1,2
Mouse11 (N69-2g-1M),2,55,1,2
Mouse11 (N69-2g-1M),2,56,1,2
Mouse11 (N69-2g-1M),2,57,1,2
Mouse11 (N69-2g-1M),2,58,1,2
Mouse11 (N69-2g-1M),2,59,1,2
Mouse11 (N69-2g-1M),2,60,0,2
Mouse11 (N69-2g-1M),2,61,1,2
Mouse11 (N69-2g-1M),2,62,0,2
Mouse11 (N69-2g-1M),2,63,1,2
Mouse11 (N69-2g-1M),2,64,1,2
Mouse11 (N69-2g-1M),2,65,0,2
Mouse11 (N69-2g-1M),2,66,1,2
Mouse11 (N69-2g-1M),2,67,1,2
Mouse11 (N69-2g-1M),2,68,1,2
Mouse11 (N69-2g-1M),2,69,0,2
Mouse11 (N69-2g-1M),2,70,1,2
Mouse11 (N69-2g-1M),2,71,0,2
Mouse11 (N69-2g-1M),2,72,1,2
Mouse11 (N69-2g-1M),2,73,1,2
Mouse11 (N69-2g-1M),2,74,1,2
Mouse11 (N69-2g-1M),2,75,1,2
Mouse11 (N69-2g-1M),2,76,1,2
Mouse11 (N69-2g-1M),2,77,1,2
Mouse11 (N69-2g-1M),2,78,1,2
Mouse11 (N69-2g-1M),2,79,1,2
Mouse11 (N69-2g-1M),2,80,1,2
Mouse11 (N69-2g-1M),2,81,1,2
Mouse11 (N69-2g-1M),2,82,1,2
Mouse11 (N69-2g-1M),2,83,1,2
Mouse11 (N69-2g-1M),2,84,1,2
Mouse11 (N69-2g-1M),2,85,1,2
Mouse11 (N69-2g-1M),2,86,0,2
Mouse11 (N69-2g-1M),2,87,1,2
Mouse11 (N69-2g-1M),2,88,0,2
Mouse11 (N69-2g-1M),2,89,1,2
Mouse11 (N69-2g-1M),2,90,1,2
Mouse11 (N69-2g-1M),2,91,0,2
Mouse11 (N69-2g-1M),2,92,1,2
Mouse11 (N69-2g-1M),2,93,0,2
Mouse11 (N69-2g-1M),2,94,0,2
Mouse11 (N69-2g-1M),2,95,1,2
Mouse11 (N69-2g-1M),2,96,1,2
Mouse11 (N69-2g-1M),2,97,0,2
Mouse11 (N69-2g-1M),2,98,0,2
Mouse11 (N69-2g-1M),2,99,1,2
Mouse11 (N69-2g-1M),2,100,0,2
Mouse11 (N69-2g-1M),2,101,1,2
Mouse11 (N69-2g-1M),2,102,1,2
Mouse11 (N69-2g-1M),2,103,0,2
Mouse11 (N69-2g-1M),2,104,1,2
Mouse11 (N69-2g-1M),2,105,0,2
Mouse11 (N69-2g-1M),2,106,0,2
Mouse11 (N69-2g-1M),2,107,1,2
Mouse11 (N69-2g-1M),2,108,0,2
Mouse11 (N69-2g-1M),2,109,0,2
Mouse11 (N69-2g-1M),2,110,0,2
Mouse11 (N69-2g-1M),2,111,1,2
Mouse11 (N69-2g-1M),2,112,1,2
Mouse11 (N69-2g-1M),3,1,1,2
Mouse11 (N69-2g-1M),3,2,1,2
Mouse11 (N69-2g-1M),3,3,1,2
Mouse11 (N69-2g-1M),3,4,0,2
Mouse11 (N69-2g-1M),3,5,0,2
Mouse11 (N69-2g-1M),3,6,1,2
Mouse11 (N69-2g-1M),3,7,1,2
Mouse11 (N69-2g-1M),3,8,1,2
Mouse11 (N69-2g-1M),3,9,1,2
Mouse11 (N69-2g-1M),3,10,0,2
Mouse11 (N69-2g-1M),3,11,1,2
Mouse11 (N69-2g-1M),3,12,1,2
Mouse11 (N69-2g-1M),3,13,1,2
Mouse11 (N69-2g-1M),3,14,1,2
Mouse11 (N69-2g-1M),3,15,1,2
Mouse11 (N69-2g-1M),3,16,1,2
Mouse11 (N69-2g-1M),3,17,1,2
Mouse11 (N69-2g-1M),3,18,1,2
Mouse11 (N69-2g-1M),3,19,0,2
Mouse11 (N69-2g-1M),3,20,1,2
Mouse11 (N69-2g-1M),3,21,1,2
Mouse11 (N69-2g-1M),3,22,1,2
Mouse11 (N69-2g-1M),3,23,0,2
Mouse11 (N69-2g-1M),3,24,1,2
Mouse11 (N69-2g-1M),3,25,1,2
Mouse11 (N69-2g-1M),3,26,0,2
Mouse11 (N69-2g-1M),3,27,1,2
Mouse11 (N69-2g-1M),3,28,1,2
Mouse11 (N69-2g-1M),3,29,0,2
Mouse11 (N69-2g-1M),3,30,1,2
Mouse11 (N69-2g-1M),3,31,1,2
Mouse11 (N69-2g-1M),3,32,1,2
Mouse11 (N69-2g-1M),3,33,1,2
Mouse11 (N69-2g-1M),3,34,1,2
Mouse11 (N69-2g-1M),3,35,1,2
Mouse11 (N69-2g-1M),3,36,1,2
Mouse11 (N69-2g-1M),3,37,1,2
Mouse11 (N69-2g-1M),3,38,1,2
Mouse11 (N69-2g-1M),3,39,1,2
Mouse11 (N69-2g-1M),3,40,0,2
Mouse11 (N69-2g-1M),3,41,1,2
Mouse11 (N69-2g-1M),3,42,0,2
Mouse11 (N69-2g-1M),3,43,1,2
Mouse11 (N69-2g-1M),3,44,1,2
Mouse11 (N69-2g-1M),3,45,1,2
Mouse11 (N69-2g-1M),3,46,1,2
Mouse11 (N69-2g-1M),3,47,1,2
Mouse11 (N69-2g-1M),3,48,1,2
Mouse11 (N69-2g-1M),3,49,1,2
Mouse11 (N69-2g-1M),3,50,1,2
Mouse11 (N69-2g-1M),3,51,0,2
Mouse11 (N69-2g-1M),3,52,1,2
Mouse11 (N69-2g-1M),3,53,1,2
Mouse11 (N69-2g-1M),3,54,0,2
Mouse11 (N69-2g-1M),3,55,1,2
Mouse11 (N69-2g-1M),3,56,1,2
Mouse11 (N69-2g-1M),3,57,1,2
Mouse11 (N69-2g-1M),3,58,1,2
Mouse11 (N69-2g-1M),3,59,1,2
Mouse11 (N69-2g-1M),3,60,1,2
Mouse11 (N69-2g-1M),3,61,0,2
Mouse11 (N69-2g-1M),3,62,1,2
Mouse11 (N69-2g-1M),3,63,0,2
Mouse11 (N69-2g-1M),3,64,1,2
Mouse11 (N69-2g-1M),3,65,1,2
Mouse11 (N69-2g-1M),3,66,1,2
Mouse11 (N69-2g-1M),3,67,1,2
Mouse11 (N69-2g-1M),3,68,1,2
Mouse11 (N69-2g-1M),3,69,1,2
Mouse11 (N69-2g-1M),3,70,0,2
Mouse11 (N69-2g-1M),3,71,0,2
Mouse11 (N69-2g-1M),3,72,0,2
Mouse11 (N69-2g-1M),3,73,1,2
Mouse11 (N69-2g-1M),3,74,0,2
Mouse11 (N69-2g-1M),3,75,1,2
Mouse11 (N69-2g-1M),3,76,1,2
Mouse11 (N69-2g-1M),3,77,1,2
Mouse11 (N69-2g-1M),3,78,0,2
Mouse11 (N69-2g-1M),3,79,1,2
Mouse11 (N69-2g-1M),3,80,1,2
Mouse11 (N69-2g-1M),3,81,0,2
Mouse11 (N69-2g-1M),3,82,1,2
Mouse11 (N69-2g-1M),3,83,1,2
Mouse11 (N69-2g-1M),3,84,1,2
Mouse11 (N69-2g-1M),3,85,1,2
Mouse11 (N69-2g-1M),3,86,1,2
Mouse11 (N69-2g-1M),3,87,0,2
Mouse11 (N69-2g-1M),3,88,1,2
Mouse11 (N69-2g-1M),3,89,1,2
Mouse11 (N69-2g-1M),3,90,0,2
Mouse11 (N69-2g-1M),3,91,1,2
Mouse11 (N69-2g-1M),3,92,0,2
Mouse11 (N69-2g-1M),3,93,1,2
Mouse11 (N69-2g-1M),3,94,1,2
Mouse11 (N69-2g-1M),3,95,1,2
Mouse11 (N69-2g-1M),3,96,0,2
Mouse11 (N69-2g-1M),3,97,0,2
Mouse11 (N69-2g-1M),3,98,1,2
Mouse11 (N69-2g-1M),3,99,0,2
Mouse11 (N69-2g-1M),3,100,1,2
Mouse11 (N69-2g-1M),3,101,0,2
Mouse11 (N69-2g-1M),3,102,0,2
Mouse11 (N69-2g-1M),3,103,1,2
Mouse11 (N69-2g-1M),3,104,1,2
Mouse11 (N69-2g-1M),3,105,0,2
Mouse11 (N69-2g-1M),3,106,1,2
Mouse11 (N69-2g-1M),3,107,0,2
Mouse11 (N69-2g-1M),3,108,1,2
Mouse11 (N69-2g-1M),3,109,1,2
Mouse11 (N69-2g-1M),4,1,1,2
Mouse11 (N69-2g-1M),4,2,1,2
Mouse11 (N69-2g-1M),4,3,1,2
Mouse11 (N69-2g-1M),4,4,1,2
Mouse11 (N69-2g-1M),4,5,0,2
Mouse11 (N69-2g-1M),4,6,0,2
Mouse11 (N69-2g-1M),4,7,1,2
Mouse11 (N69-2g-1M),4,8,0,2
Mouse11 (N69-2g-1M),4,9,1,2
Mouse11 (N69-2g-1M),4,10,1,2
Mouse11 (N69-2g-1M),4,11,1,2
Mouse11 (N69-2g-1M),4,12,1,2
Mouse11 (N69-2g-1M),4,13,1,2
Mouse11 (N69-2g-1M),4,14,1,2
Mouse11 (N69-2g-1M),4,15,1,2
Mouse11 (N69-2g-1M),4,16,1,2
Mouse11 (N69-2g-1M),4,17,1,2
Mouse11 (N69-2g-1M),4,18,1,2
Mouse11 (N69-2g-1M),4,19,0,2
Mouse11 (N69-2g-1M),4,20,1,2
Mouse11 (N69-2g-1M),4,21,1,2
Mouse11 (N69-2g-1M),4,22,1,2
Mouse11 (N69-2g-1M),4,23,0,2
Mouse11 (N69-2g-1M),4,24,1,2
Mouse11 (N69-2g-1M),4,25,1,2
Mouse11 (N69-2g-1M),4,26,1,2
Mouse11 (N69-2g-1M),4,27,1,2
Mouse11 (N69-2g-1M),4,28,0,2
Mouse11 (N69-2g-1M),4,29,1,2
Mouse11 (N69-2g-1M),4,30,1,2
Mouse11 (N69-2g-1M),4,31,1,2
Mouse11 (N69-2g-1M),4,32,0,2
Mouse11 (N69-2g-1M),4,33,1,2
Mouse11 (N69-2g-1M),4,34,1,2
Mouse11 (N69-2g-1M),4,35,1,2
Mouse11 (N69-2g-1M),4,36,1,2
Mouse11 (N69-2g-1M),4,37,0,2
Mouse11 (N69-2g-1M),4,38,1,2
Mouse11 (N69-2g-1M),4,39,1,2
Mouse11 (N69-2g-1M),4,40,1,2
Mouse11 (N69-2g-1M),4,41,1,2
Mouse11 (N69-2g-1M),4,42,1,2
Mouse11 (N69-2g-1M),4,43,1,2
Mouse11 (N69-2g-1M),4,44,1,2
Mouse11 (N69-2g-1M),4,45,1,2
Mouse11 (N69-2g-1M),4,46,1,2
Mouse11 (N69-2g-1M),4,47,1,2
Mouse11 (N69-2g-1M),4,48,1,2
Mouse11 (N69-2g-1M),4,49,0,2
Mouse11 (N69-2g-1M),4,50,1,2
Mouse11 (N69-2g-1M),4,51,1,2
Mouse11 (N69-2g-1M),4,52,1,2
Mouse11 (N69-2g-1M),4,53,0,2
Mouse11 (N69-2g-1M),4,54,1,2
Mouse11 (N69-2g-1M),4,55,1,2
Mouse11 (N69-2g-1M),4,56,1,2
Mouse11 (N69-2g-1M),4,57,0,2
Mouse11 (N69-2g-1M),4,58,1,2
Mouse11 (N69-2g-1M),4,59,0,2
Mouse11 (N69-2g-1M),4,60,1,2
Mouse11 (N69-2g-1M),4,61,1,2
Mouse11 (N69-2g-1M),4,62,1,2
Mouse11 (N69-2g-1M),4,63,1,2
Mouse11 (N69-2g-1M),4,64,1,2
Mouse11 (N69-2g-1M),4,65,1,2
Mouse11 (N69-2g-1M),4,66,1,2
Mouse11 (N69-2g-1M),4,67,1,2
Mouse11 (N69-2g-1M),4,68,1,2
Mouse11 (N69-2g-1M),4,69,0,2
Mouse11 (N69-2g-1M),4,70,0,2
Mouse11 (N69-2g-1M),4,71,1,2
Mouse11 (N69-2g-1M),4,72,1,2
Mouse11 (N69-2g-1M),4,73,1,2
Mouse11 (N69-2g-1M),4,74,0,2
Mouse11 (N69-2g-1M),4,75,1,2
Mouse11 (N69-2g-1M),4,76,1,2
Mouse11 (N69-2g-1M),4,77,1,2
Mouse11 (N69-2g-1M),4,78,0,2
Mouse11 (N69-2g-1M),4,79,0,2
Mouse11 (N69-2g-1M),4,80,1,2
Mouse11 (N69-2g-1M),4,81,0,2
Mouse11 (N69-2g-1M),4,82,1,2
Mouse11 (N69-2g-1M),4,83,1,2
Mouse11 (N69-2g-1M),4,84,1,2
Mouse11 (N69-2g-1M),4,85,1,2
Mouse11 (N69-2g-1M),4,86,0,2
Mouse11 (N69-2g-1M),4,87,1,2
Mouse11 (N69-2g-1M),4,88,1,2
Mouse11 (N69-2g-1M),4,89,1,2
Mouse11 (N69-2g-1M),4,90,1,2
Mouse11 (N69-2g-1M),4,91,1,2
Mouse11 (N69-2g-1M),4,92,1,2
Mouse11 (N69-2g-1M),4,93,1,2
Mouse11 (N69-2g-1M),4,94,1,2
Mouse11 (N69-2g-1M),4,95,1,2
Mouse11 (N69-2g-1M),4,96,1,2
Mouse11 (N69-2g-1M),4,97,0,2
Mouse11 (N69-2g-1M),4,98,1,2
Mouse11 (N69-2g-1M),4,99,1,2
Mouse11 (N69-2g-1M),4,100,1,2
