mouse,session,trial,result,geno
Mouse1,1,2,1,1
Mouse1,1,3,1,1
Mouse1,1,4,1,1
Mouse1,1,5,1,1
Mouse1,1,6,1,1
Mouse1,1,7,0,1
Mouse1,1,8,1,1
Mouse1,1,9,0,1
Mouse1,1,10,0,1
Mouse1,1,11,0,1
Mouse1,1,12,1,1
Mouse1,1,13,1,1
Mouse1,1,15,1,1
Mouse1,1,16,0,1
Mouse1,1,17,1,1
Mouse1,1,18,1,1
Mouse1,1,19,1,1
Mouse1,1,20,0,1
Mouse1,1,21,0,1
Mouse1,1,22,1,1
Mouse1,1,24,1,1
Mouse1,1,25,0,1
Mouse1,1,26,1,1
Mouse1,1,27,1,1
Mouse1,1,29,1,1
Mouse1,1,32,1,1
Mouse1,1,33,0,1
Mouse1,1,35,1,1
Mouse1,1,36,1,1
Mouse1,1,37,1,1
Mouse1,1,38,1,1
Mouse1,1,39,0,1
Mouse1,1,40,0,1
Mouse1,1,43,1,1
Mouse1,1,44,1,1
Mouse1,1,46,1,1
Mouse1,1,47,1,1
Mouse1,1,48,0,1
Mouse1,1,50,0,1
Mouse1,1,51,1,1
Mouse1,1,54,0,1
Mouse1,1,55,0,1
Mouse1,1,58,1,1
Mouse1,1,59,1,1
Mouse1,1,60,1,1
Mouse1,1,61,1,1
Mouse1,1,62,0,1
Mouse1,1,64,1,1
Mouse1,1,65,0,1
Mouse1,1,66,0,1
Mouse1,1,67,0,1
Mouse1,1,68,0,1
Mouse1,1,69,1,1
Mouse1,1,70,0,1
Mouse1,1,71,1,1
Mouse1,1,72,0,1
Mouse1,1,73,0,1
Mouse1,1,75,0,1
Mouse1,1,76,1,1
Mouse1,1,78,1,1
Mouse1,1,82,0,1
Mouse1,1,83,0,1
Mouse1,1,87,0,1
Mouse1,1,89,1,1
Mouse1,1,94,1,1
Mouse1,1,95,1,1
Mouse1,1,96,0,1
Mouse1,1,98,1,1
Mouse1,1,99,1,1
Mouse1,1,100,0,1
Mouse1,1,101,1,1
Mouse1,1,102,1,1
Mouse1,1,103,1,1
Mouse1,1,104,1,1
Mouse1,1,105,1,1
Mouse1,1,106,0,1
Mouse1,1,110,0,1
Mouse1,1,111,0,1
Mouse1,1,120,0,1
Mouse1,1,121,0,1
Mouse1,1,125,0,1
Mouse1,1,132,0,1
Mouse1,1,134,1,1
Mouse1,1,135,0,1
Mouse1,1,137,0,1
Mouse1,1,142,1,1
Mouse1,1,144,1,1
Mouse1,1,147,1,1
Mouse1,1,148,1,1
Mouse1,1,149,0,1
Mouse1,1,150,0,1
Mouse1,1,151,0,1
Mouse1,1,152,1,1
Mouse1,1,153,0,1
Mouse1,1,154,1,1
Mouse1,1,155,0,1
Mouse1,1,156,0,1
Mouse1,1,157,0,1
Mouse1,1,164,1,1
Mouse1,1,165,1,1
Mouse1,1,166,1,1
Mouse1,1,168,1,1
Mouse1,1,169,1,1
Mouse1,1,170,1,1
Mouse1,1,171,1,1
Mouse1,1,172,0,1
Mouse1,1,173,1,1
Mouse1,1,174,1,1
Mouse1,1,175,1,1
Mouse1,1,176,0,1
Mouse1,1,177,1,1
Mouse1,1,181,1,1
Mouse1,1,183,1,1
Mouse1,1,184,1,1
Mouse1,1,185,0,1
Mouse1,1,186,0,1
Mouse1,1,187,0,1
Mouse1,1,188,0,1
Mouse1,1,189,0,1
Mouse1,1,191,0,1
Mouse1,1,192,1,1
Mouse1,1,193,1,1
Mouse1,1,194,1,1
Mouse1,1,196,0,1
Mouse1,1,197,1,1
Mouse1,1,198,1,1
Mouse1,1,199,1,1
Mouse1,1,200,0,1
Mouse1,1,201,0,1
Mouse1,1,202,1,1
Mouse1,1,203,0,1
Mouse1,1,204,0,1
Mouse1,1,205,0,1
Mouse1,1,206,1,1
Mouse1,1,207,1,1
Mouse1,1,210,0,1
Mouse1,1,211,0,1
Mouse1,1,212,0,1
Mouse1,1,213,0,1
Mouse1,1,214,1,1
Mouse1,1,215,0,1
Mouse1,1,216,1,1
Mouse1,1,217,0,1
Mouse1,1,218,0,1
Mouse1,1,219,0,1
Mouse1,1,220,1,1
Mouse1,1,222,1,1
Mouse1,1,224,1,1
Mouse1,1,225,1,1
Mouse1,1,226,0,1
Mouse1,1,227,0,1
Mouse1,1,229,1,1
Mouse1,1,230,0,1
Mouse1,1,231,1,1
Mouse1,1,234,1,1
Mouse1,1,235,0,1
Mouse1,1,236,0,1
Mouse1,1,237,1,1
Mouse1,1,238,1,1
Mouse1,1,239,1,1
Mouse1,1,240,1,1
Mouse1,1,242,1,1
Mouse1,1,246,1,1
Mouse1,1,247,1,1
Mouse1,1,248,1,1
Mouse1,1,249,1,1
Mouse1,1,252,1,1
Mouse1,1,253,0,1
Mouse1,1,254,0,1
Mouse1,1,255,0,1
Mouse1,1,261,1,1
Mouse1,1,264,1,1
Mouse1,1,270,0,1
Mouse1,1,271,0,1
Mouse1,1,275,1,1
Mouse1,1,277,1,1
Mouse1,1,278,1,1
Mouse1,1,279,1,1
Mouse1,2,2,1,1
Mouse1,2,3,1,1
Mouse1,2,4,1,1
Mouse1,2,5,1,1
Mouse1,2,7,1,1
Mouse1,2,9,0,1
Mouse1,2,10,0,1
Mouse1,2,11,0,1
Mouse1,2,14,1,1
Mouse1,2,15,1,1
Mouse1,2,16,1,1
Mouse1,2,17,1,1
Mouse1,2,18,0,1
Mouse1,2,19,1,1
Mouse1,2,20,0,1
Mouse1,2,24,1,1
Mouse1,2,25,1,1
Mouse1,2,26,1,1
Mouse1,2,27,0,1
Mouse1,2,28,0,1
Mouse1,2,29,1,1
Mouse1,2,30,1,1
Mouse1,2,31,1,1
Mouse1,2,32,0,1
Mouse1,2,34,1,1
Mouse1,2,35,1,1
Mouse1,2,36,1,1
Mouse1,2,37,0,1
Mouse1,2,38,1,1
Mouse1,2,39,0,1
Mouse1,2,40,1,1
Mouse1,2,41,0,1
Mouse1,2,42,1,1
Mouse1,2,43,1,1
Mouse1,2,44,0,1
Mouse1,2,45,0,1
Mouse1,2,46,1,1
Mouse1,2,47,1,1
Mouse1,2,48,1,1
Mouse1,2,49,0,1
Mouse1,2,50,0,1
Mouse1,2,51,1,1
Mouse1,2,53,1,1
Mouse1,2,54,1,1
Mouse1,2,55,1,1
Mouse1,2,56,1,1
Mouse1,2,57,0,1
Mouse1,2,59,0,1
Mouse1,2,60,0,1
Mouse1,2,62,1,1
Mouse1,2,63,0,1
Mouse1,2,64,0,1
Mouse1,2,65,1,1
Mouse1,2,66,1,1
Mouse1,2,68,1,1
Mouse1,2,69,0,1
Mouse1,2,72,1,1
Mouse1,2,73,1,1
Mouse1,2,74,0,1
Mouse1,2,75,1,1
Mouse1,2,80,0,1
Mouse1,2,83,1,1
Mouse1,2,84,0,1
Mouse1,2,85,0,1
Mouse1,2,87,0,1
Mouse1,2,89,1,1
Mouse1,2,90,1,1
Mouse1,2,91,1,1
Mouse1,2,92,1,1
Mouse1,2,93,1,1
Mouse1,2,94,1,1
Mouse1,2,95,0,1
Mouse1,2,99,1,1
Mouse1,2,104,1,1
Mouse1,2,105,1,1
Mouse1,2,106,1,1
Mouse1,2,107,1,1
Mouse1,2,109,1,1
Mouse1,2,110,0,1
Mouse1,2,111,0,1
Mouse1,2,112,0,1
Mouse1,2,113,0,1
Mouse1,2,115,0,1
Mouse1,2,118,1,1
Mouse1,2,119,1,1
Mouse1,2,120,1,1
Mouse1,2,121,0,1
Mouse1,2,123,1,1
Mouse1,2,124,1,1
Mouse1,2,125,0,1
Mouse1,2,126,0,1
Mouse1,2,128,1,1
Mouse1,2,129,1,1
Mouse1,2,130,1,1
Mouse1,2,131,1,1
Mouse1,2,132,1,1
Mouse1,2,133,0,1
Mouse1,2,134,0,1
Mouse1,2,135,0,1
Mouse1,2,136,0,1
Mouse1,2,140,1,1
Mouse1,2,141,1,1
Mouse1,2,142,1,1
Mouse1,2,143,1,1
Mouse1,2,144,0,1
Mouse1,2,147,1,1
Mouse1,2,148,1,1
Mouse1,2,149,1,1
Mouse1,2,150,0,1
Mouse1,2,152,1,1
Mouse1,2,153,1,1
Mouse1,2,154,0,1
Mouse1,2,155,1,1
Mouse1,2,156,0,1
Mouse1,2,157,0,1
Mouse1,2,158,1,1
Mouse1,2,159,0,1
Mouse1,2,160,1,1
Mouse1,2,161,1,1
Mouse1,2,162,1,1
Mouse1,2,163,1,1
Mouse1,2,164,1,1
Mouse1,2,165,0,1
Mouse1,2,166,1,1
Mouse1,2,169,0,1
Mouse1,2,175,1,1
Mouse1,2,176,1,1
Mouse1,2,177,0,1
Mouse1,2,178,1,1
Mouse1,2,180,1,1
Mouse1,2,185,1,1
Mouse1,2,187,0,1
Mouse1,2,189,1,1
Mouse1,2,190,1,1
Mouse1,2,191,1,1
Mouse1,2,192,1,1
Mouse1,2,193,1,1
Mouse1,2,194,1,1
Mouse1,2,195,0,1
Mouse1,2,197,0,1
Mouse1,2,199,1,1
Mouse1,2,200,1,1
Mouse1,2,201,0,1
Mouse1,2,203,0,1
Mouse1,2,205,0,1
Mouse1,2,207,1,1
Mouse1,2,208,1,1
Mouse1,2,210,1,1
Mouse1,2,211,1,1
Mouse1,2,212,1,1
Mouse1,2,213,1,1
Mouse1,2,214,0,1
Mouse1,2,215,0,1
Mouse1,2,216,0,1
Mouse1,2,218,0,1
Mouse1,2,219,1,1
Mouse1,2,220,1,1
Mouse1,2,224,0,1
Mouse1,2,225,0,1
Mouse1,2,226,1,1
Mouse1,2,227,0,1
Mouse1,2,229,0,1
Mouse1,2,232,1,1
Mouse1,2,234,0,1
Mouse1,2,235,0,1
Mouse1,2,236,1,1
Mouse1,2,238,0,1
Mouse1,3,2,0,1
Mouse1,3,4,1,1
Mouse1,3,6,1,1
Mouse1,3,8,1,1
Mouse1,3,9,1,1
Mouse1,3,10,1,1
Mouse1,3,12,0,1
Mouse1,3,16,1,1
Mouse1,3,18,0,1
Mouse1,3,20,0,1
Mouse1,3,21,1,1
Mouse1,3,22,0,1
Mouse1,3,23,1,1
Mouse1,3,24,0,1
Mouse1,3,25,0,1
Mouse1,3,26,1,1
Mouse1,3,27,1,1
Mouse1,3,28,1,1
Mouse1,3,29,1,1
Mouse1,3,31,0,1
Mouse1,3,33,1,1
Mouse1,3,34,0,1
Mouse1,3,35,0,1
Mouse1,3,36,0,1
Mouse1,3,37,0,1
Mouse1,3,38,1,1
Mouse1,3,39,1,1
Mouse1,3,40,0,1
Mouse1,3,41,0,1
Mouse1,3,42,1,1
Mouse1,3,43,1,1
Mouse1,3,44,1,1
Mouse1,3,45,0,1
Mouse1,3,46,1,1
Mouse1,3,47,1,1
Mouse1,3,48,1,1
Mouse1,3,49,1,1
Mouse1,3,52,0,1
Mouse1,3,54,0,1
Mouse1,3,55,0,1
Mouse1,3,57,0,1
Mouse1,3,58,1,1
Mouse1,3,60,1,1
Mouse1,3,61,1,1
Mouse1,3,62,1,1
Mouse1,3,63,1,1
Mouse1,3,64,0,1
Mouse1,3,65,0,1
Mouse1,3,66,0,1
Mouse1,3,67,1,1
Mouse1,3,68,1,1
Mouse1,3,69,1,1
Mouse1,3,70,0,1
Mouse1,3,73,0,1
Mouse1,3,74,1,1
Mouse1,3,75,1,1
Mouse1,3,76,1,1
Mouse1,3,77,1,1
Mouse1,3,78,1,1
Mouse1,3,79,0,1
Mouse1,3,80,1,1
Mouse1,3,81,1,1
Mouse1,3,82,0,1
Mouse1,3,85,1,1
Mouse1,3,88,1,1
Mouse1,3,92,0,1
Mouse1,3,96,1,1
Mouse1,3,97,1,1
Mouse1,3,98,1,1
Mouse1,3,99,1,1
Mouse1,3,100,0,1
Mouse1,3,101,1,1
Mouse1,3,102,1,1
Mouse1,3,103,1,1
Mouse1,3,107,1,1
Mouse1,3,108,1,1
Mouse1,3,110,1,1
Mouse1,3,116,1,1
Mouse1,3,118,1,1
Mouse1,3,119,1,1
Mouse1,3,120,0,1
Mouse1,3,121,1,1
Mouse1,3,122,0,1
Mouse1,3,123,1,1
Mouse1,3,124,1,1
Mouse1,3,126,1,1
Mouse1,3,127,0,1
Mouse1,3,128,0,1
Mouse1,3,129,1,1
Mouse1,3,130,1,1
Mouse1,3,131,0,1
Mouse1,3,132,0,1
Mouse1,3,133,1,1
Mouse1,3,134,0,1
Mouse1,3,135,1,1
Mouse1,3,136,1,1
Mouse1,3,137,0,1
Mouse1,3,138,1,1
Mouse1,3,140,0,1
Mouse1,3,141,0,1
Mouse1,3,142,1,1
Mouse1,3,143,1,1
Mouse1,3,144,1,1
Mouse1,3,145,1,1
Mouse1,3,146,0,1
Mouse1,3,147,0,1
Mouse1,3,148,1,1
Mouse1,3,150,0,1
Mouse1,3,153,0,1
Mouse1,3,154,1,1
Mouse1,3,157,1,1
Mouse1,3,158,0,1
Mouse1,3,160,1,1
Mouse1,3,161,1,1
Mouse1,3,162,1,1
Mouse1,3,163,1,1
Mouse1,3,175,1,1
Mouse1,3,177,0,1
Mouse1,3,181,1,1
Mouse1,3,183,1,1
Mouse1,3,185,0,1
Mouse1,3,187,1,1
Mouse1,3,190,0,1
Mouse1,3,192,1,1
Mouse1,3,193,0,1
Mouse1,3,194,1,1
Mouse1,3,195,0,1
Mouse1,3,196,1,1
Mouse1,3,197,1,1
Mouse1,3,198,1,1
Mouse1,3,199,1,1
Mouse1,3,200,1,1
Mouse1,3,201,1,1
Mouse1,3,202,0,1
Mouse1,3,204,0,1
Mouse1,3,206,0,1
Mouse1,3,207,0,1
Mouse1,3,209,0,1
Mouse1,3,210,1,1
Mouse1,3,213,1,1
Mouse1,3,214,1,1
Mouse1,3,215,0,1
Mouse1,3,216,0,1
Mouse1,3,217,1,1
Mouse1,3,218,1,1
Mouse1,3,219,1,1
Mouse1,3,220,1,1
Mouse1,3,221,1,1
Mouse1,3,222,1,1
Mouse1,3,223,1,1
Mouse1,3,224,0,1
Mouse1,3,225,0,1
Mouse1,3,226,1,1
Mouse1,3,227,1,1
Mouse1,3,228,1,1
Mouse1,3,230,0,1
Mouse1,3,233,0,1
Mouse1,3,235,0,1
Mouse1,3,238,0,1
Mouse1,3,239,0,1
Mouse1,3,240,0,1
Mouse1,3,242,1,1
Mouse1,3,245,1,1
Mouse1,3,246,0,1
Mouse1,3,249,0,1
Mouse1,3,250,1,1
Mouse1,3,251,1,1
Mouse1,3,252,1,1
Mouse1,3,253,1,1
Mouse1,3,254,1,1
Mouse1,3,255,0,1
Mouse1,3,257,0,1
Mouse2,1,2,1,1
Mouse2,1,3,1,1
Mouse2,1,4,1,1
Mouse2,1,6,1,1
Mouse2,1,7,1,1
Mouse2,1,8,0,1
Mouse2,1,9,0,1
Mouse2,1,10,0,1
Mouse2,1,11,0,1
Mouse2,1,12,1,1
Mouse2,1,13,0,1
Mouse2,1,14,1,1
Mouse2,1,15,0,1
Mouse2,1,16,1,1
Mouse2,1,17,0,1
Mouse2,1,18,1,1
Mouse2,1,20,0,1
Mouse2,1,22,0,1
Mouse2,1,23,0,1
Mouse2,1,25,1,1
Mouse2,1,26,1,1
Mouse2,1,27,1,1
Mouse2,1,28,0,1
Mouse2,1,31,1,1
Mouse2,1,33,1,1
Mouse2,1,34,1,1
Mouse2,1,35,1,1
Mouse2,1,36,1,1
Mouse2,1,37,0,1
Mouse2,1,38,0,1
Mouse2,1,39,0,1
Mouse2,1,40,0,1
Mouse2,1,41,1,1
Mouse2,1,42,0,1
Mouse2,1,43,0,1
Mouse2,1,44,0,1
Mouse2,1,45,0,1
Mouse2,1,46,0,1
Mouse2,1,47,0,1
Mouse2,1,48,0,1
Mouse2,1,49,0,1
Mouse2,1,51,0,1
Mouse2,1,52,0,1
Mouse2,1,53,0,1
Mouse2,1,54,0,1
Mouse2,1,55,1,1
Mouse2,1,56,0,1
Mouse2,1,57,1,1
Mouse2,1,58,1,1
Mouse2,1,59,1,1
Mouse2,1,60,1,1
Mouse2,1,61,1,1
Mouse2,1,62,1,1
Mouse2,1,63,0,1
Mouse2,1,64,1,1
Mouse2,1,65,1,1
Mouse2,1,66,0,1
Mouse2,1,67,1,1
Mouse2,1,68,0,1
Mouse2,1,69,1,1
Mouse2,1,70,1,1
Mouse2,1,71,0,1
Mouse2,1,72,1,1
Mouse2,1,73,1,1
Mouse2,1,74,1,1
Mouse2,1,75,1,1
Mouse2,1,77,1,1
Mouse2,1,78,1,1
Mouse2,1,79,1,1
Mouse2,1,80,1,1
Mouse2,1,81,1,1
Mouse2,1,82,1,1
Mouse2,1,83,0,1
Mouse2,1,84,1,1
Mouse2,1,85,0,1
Mouse2,1,86,0,1
Mouse2,1,88,0,1
Mouse2,1,89,1,1
Mouse2,1,90,0,1
Mouse2,1,91,1,1
Mouse2,1,92,0,1
Mouse2,1,93,1,1
Mouse2,1,94,0,1
Mouse2,1,95,1,1
Mouse2,1,96,1,1
Mouse2,1,97,1,1
Mouse2,1,98,0,1
Mouse2,1,99,0,1
Mouse2,1,100,1,1
Mouse2,1,101,1,1
Mouse2,1,102,1,1
Mouse2,1,103,1,1
Mouse2,1,104,0,1
Mouse2,1,105,0,1
Mouse2,1,107,0,1
Mouse2,1,108,1,1
Mouse2,1,109,1,1
Mouse2,1,110,1,1
Mouse2,1,111,1,1
Mouse2,1,112,0,1
Mouse2,1,113,1,1
Mouse2,1,114,1,1
Mouse2,1,115,1,1
Mouse2,1,117,0,1
Mouse2,1,119,1,1
Mouse2,1,120,1,1
Mouse2,1,121,1,1
Mouse2,1,122,1,1
Mouse2,1,123,1,1
Mouse2,1,124,0,1
Mouse2,1,125,1,1
Mouse2,1,126,0,1
Mouse2,1,127,0,1
Mouse2,1,128,0,1
Mouse2,1,129,1,1
Mouse2,1,130,1,1
Mouse2,1,131,1,1
Mouse2,1,132,1,1
Mouse2,1,133,1,1
Mouse2,1,134,1,1
Mouse2,1,135,0,1
Mouse2,1,136,1,1
Mouse2,1,137,0,1
Mouse2,1,140,1,1
Mouse2,1,141,0,1
Mouse2,1,142,0,1
Mouse2,1,143,1,1
Mouse2,1,144,1,1
Mouse2,1,145,1,1
Mouse2,1,146,1,1
Mouse2,1,147,1,1
Mouse2,1,148,1,1
Mouse2,1,149,1,1
Mouse2,1,150,0,1
Mouse2,1,152,1,1
Mouse2,1,153,1,1
Mouse2,1,154,0,1
Mouse2,1,155,0,1
Mouse2,1,156,1,1
Mouse2,1,157,0,1
Mouse2,1,158,1,1
Mouse2,1,159,0,1
Mouse2,1,162,0,1
Mouse2,1,163,1,1
Mouse2,1,164,0,1
Mouse2,1,165,0,1
Mouse2,1,166,0,1
Mouse2,1,167,1,1
Mouse2,1,168,1,1
Mouse2,1,170,1,1
Mouse2,1,172,1,1
Mouse2,1,173,1,1
Mouse2,1,174,0,1
Mouse2,1,175,1,1
Mouse2,1,176,1,1
Mouse2,1,177,0,1
Mouse2,1,178,0,1
Mouse2,1,180,1,1
Mouse2,1,181,0,1
Mouse2,1,182,0,1
Mouse2,1,183,1,1
Mouse2,1,184,1,1
Mouse2,1,185,1,1
Mouse2,1,186,1,1
Mouse2,1,187,1,1
Mouse2,1,188,1,1
Mouse2,1,189,1,1
Mouse2,1,190,0,1
Mouse2,1,191,0,1
Mouse2,1,193,1,1
Mouse2,1,194,0,1
Mouse2,1,195,0,1
Mouse2,1,196,0,1
Mouse2,1,197,1,1
Mouse2,1,198,1,1
Mouse2,1,199,1,1
Mouse2,1,200,1,1
Mouse2,1,201,1,1
Mouse2,1,202,0,1
Mouse2,1,203,1,1
Mouse2,1,206,0,1
Mouse2,1,207,0,1
Mouse2,1,209,0,1
Mouse2,1,210,0,1
Mouse2,1,211,0,1
Mouse2,1,212,0,1
Mouse2,1,214,0,1
Mouse2,1,215,0,1
Mouse2,1,216,0,1
Mouse2,1,218,1,1
Mouse2,1,219,1,1
Mouse2,1,220,1,1
Mouse2,1,221,0,1
Mouse2,1,222,1,1
Mouse2,1,223,1,1
Mouse2,1,224,1,1
Mouse2,1,225,0,1
Mouse2,1,226,1,1
Mouse2,1,227,0,1
Mouse2,1,228,0,1
Mouse2,1,229,1,1
Mouse2,1,230,1,1
Mouse2,1,231,0,1
Mouse2,1,233,0,1
Mouse2,1,234,0,1
Mouse2,1,236,0,1
Mouse2,1,237,1,1
Mouse2,1,238,1,1
Mouse2,1,239,1,1
Mouse2,1,241,1,1
Mouse2,1,242,1,1
Mouse2,1,243,0,1
Mouse2,1,244,1,1
Mouse2,1,246,1,1
Mouse2,1,248,0,1
Mouse2,1,249,1,1
Mouse2,2,2,1,1
Mouse2,2,3,1,1
Mouse2,2,4,1,1
Mouse2,2,6,0,1
Mouse2,2,8,1,1
Mouse2,2,9,0,1
Mouse2,2,10,0,1
Mouse2,2,12,0,1
Mouse2,2,14,1,1
Mouse2,2,15,1,1
Mouse2,2,16,1,1
Mouse2,2,17,1,1
Mouse2,2,18,1,1
Mouse2,2,19,1,1
Mouse2,2,20,1,1
Mouse2,2,21,0,1
Mouse2,2,22,1,1
Mouse2,2,23,1,1
Mouse2,2,24,1,1
Mouse2,2,25,1,1
Mouse2,2,26,1,1
Mouse2,2,27,1,1
Mouse2,2,28,0,1
Mouse2,2,29,1,1
Mouse2,2,30,0,1
Mouse2,2,31,0,1
Mouse2,2,32,0,1
Mouse2,2,34,0,1
Mouse2,2,35,0,1
Mouse2,2,36,0,1
Mouse2,2,37,1,1
Mouse2,2,38,0,1
Mouse2,2,39,0,1
Mouse2,2,40,0,1
Mouse2,2,42,0,1
Mouse2,2,45,0,1
Mouse2,2,46,0,1
Mouse2,2,51,1,1
Mouse2,2,52,1,1
Mouse2,2,53,1,1
Mouse2,2,54,1,1
Mouse2,2,55,1,1
Mouse2,2,56,0,1
Mouse2,2,57,1,1
Mouse2,2,59,0,1
Mouse2,2,61,0,1
Mouse2,2,63,1,1
Mouse2,2,65,0,1
Mouse2,2,66,1,1
Mouse2,2,69,1,1
Mouse2,2,70,0,1
Mouse2,2,72,1,1
Mouse2,2,73,1,1
Mouse2,2,74,1,1
Mouse2,2,75,1,1
Mouse2,2,76,1,1
Mouse2,2,77,1,1
Mouse2,2,78,1,1
Mouse2,2,79,0,1
Mouse2,2,80,1,1
Mouse2,2,81,0,1
Mouse2,2,82,0,1
Mouse2,2,84,0,1
Mouse2,2,85,1,1
Mouse2,2,86,1,1
Mouse2,2,87,1,1
Mouse2,2,88,1,1
Mouse2,2,89,1,1
Mouse2,2,90,1,1
Mouse2,2,91,0,1
Mouse2,2,92,0,1
Mouse2,2,93,1,1
Mouse2,2,94,1,1
Mouse2,2,95,1,1
Mouse2,2,96,1,1
Mouse2,2,97,1,1
Mouse2,2,98,1,1
Mouse2,2,99,1,1
Mouse2,2,100,0,1
Mouse2,2,101,1,1
Mouse2,2,102,0,1
Mouse2,2,103,0,1
Mouse2,2,104,0,1
Mouse2,2,106,1,1
Mouse2,2,107,1,1
Mouse2,2,108,0,1
Mouse2,2,109,0,1
Mouse2,2,110,0,1
Mouse2,2,111,1,1
Mouse2,2,112,1,1
Mouse2,2,113,1,1
Mouse2,2,114,0,1
Mouse2,2,116,1,1
Mouse2,2,117,0,1
Mouse2,2,118,0,1
Mouse2,2,119,1,1
Mouse2,2,120,1,1
Mouse2,2,121,1,1
Mouse2,2,122,1,1
Mouse2,2,123,0,1
Mouse2,2,124,1,1
Mouse2,2,125,1,1
Mouse2,2,126,0,1
Mouse2,2,127,1,1
Mouse2,2,128,1,1
Mouse2,2,129,1,1
Mouse2,2,130,1,1
Mouse2,2,131,1,1
Mouse2,2,132,1,1
Mouse2,2,133,0,1
Mouse2,2,134,0,1
Mouse2,2,135,0,1
Mouse2,2,136,0,1
Mouse2,2,137,1,1
Mouse2,2,138,1,1
Mouse2,3,2,1,1
Mouse2,3,3,1,1
Mouse2,3,4,0,1
Mouse2,3,5,1,1
Mouse2,3,8,1,1
Mouse2,3,10,0,1
Mouse2,3,12,1,1
Mouse2,3,14,1,1
Mouse2,3,15,1,1
Mouse2,3,16,0,1
Mouse2,3,17,1,1
Mouse2,3,19,1,1
Mouse2,3,20,0,1
Mouse2,3,21,0,1
Mouse2,3,22,0,1
Mouse2,3,24,1,1
Mouse2,3,25,0,1
Mouse2,3,26,1,1
Mouse2,3,28,1,1
Mouse2,3,29,1,1
Mouse2,3,30,0,1
Mouse2,3,31,0,1
Mouse2,3,32,1,1
Mouse2,3,33,1,1
Mouse2,3,34,0,1
Mouse2,3,35,0,1
Mouse2,3,36,0,1
Mouse2,3,37,0,1
Mouse2,3,38,1,1
Mouse2,3,39,1,1
Mouse2,3,40,1,1
Mouse2,3,41,1,1
Mouse2,3,42,1,1
Mouse2,3,43,1,1
Mouse2,3,45,0,1
Mouse2,3,47,0,1
Mouse2,3,48,1,1
Mouse2,3,50,1,1
Mouse2,3,51,0,1
Mouse2,3,52,1,1
Mouse2,3,53,1,1
Mouse2,3,54,1,1
Mouse2,3,55,0,1
Mouse2,3,57,1,1
Mouse2,3,58,1,1
Mouse2,3,59,1,1
Mouse2,3,60,1,1
Mouse2,3,61,0,1
Mouse2,3,62,1,1
Mouse2,3,64,1,1
Mouse2,3,65,1,1
Mouse2,3,66,1,1
Mouse2,3,67,1,1
Mouse2,3,68,1,1
Mouse2,3,69,1,1
Mouse2,3,70,0,1
Mouse2,3,71,0,1
Mouse2,3,72,0,1
Mouse2,3,73,0,1
Mouse2,3,74,0,1
Mouse2,3,75,0,1
Mouse2,3,76,1,1
Mouse2,3,78,1,1
Mouse2,3,79,1,1
Mouse2,3,80,1,1
Mouse2,3,81,0,1
Mouse2,3,83,1,1
Mouse2,3,84,0,1
Mouse2,3,85,0,1
Mouse2,3,86,0,1
Mouse2,3,87,0,1
Mouse2,3,88,0,1
Mouse2,3,89,1,1
Mouse2,3,90,1,1
Mouse2,3,91,0,1
Mouse2,3,92,1,1
Mouse2,3,93,1,1
Mouse2,3,96,1,1
Mouse2,3,97,1,1
Mouse2,3,100,1,1
Mouse2,3,101,1,1
Mouse2,3,102,1,1
Mouse2,3,103,1,1
Mouse2,3,104,0,1
Mouse2,3,105,0,1
Mouse2,3,106,0,1
Mouse2,3,107,1,1
Mouse2,3,109,1,1
Mouse2,3,110,1,1
Mouse2,3,111,1,1
Mouse2,3,112,1,1
Mouse2,3,113,1,1
Mouse2,3,114,0,1
Mouse2,3,115,0,1
Mouse2,3,116,1,1
Mouse2,3,118,0,1
Mouse2,3,119,1,1
Mouse2,3,120,1,1
Mouse2,3,121,1,1
Mouse2,3,122,1,1
Mouse2,3,123,1,1
Mouse2,3,124,0,1
Mouse2,3,125,1,1
Mouse2,3,126,0,1
Mouse2,3,128,1,1
Mouse2,3,129,1,1
Mouse2,3,130,1,1
Mouse2,3,131,0,1
Mouse2,3,132,1,1
Mouse2,3,135,1,1
Mouse2,3,136,0,1
Mouse2,3,137,0,1
Mouse2,3,139,0,1
Mouse2,3,140,0,1
Mouse2,3,141,1,1
Mouse2,3,142,1,1
Mouse2,3,143,1,1
Mouse2,3,144,1,1
Mouse2,3,145,1,1
Mouse2,3,146,1,1
Mouse2,3,147,1,1
Mouse2,3,148,0,1
Mouse2,3,149,0,1
Mouse2,3,152,1,1
Mouse2,3,153,1,1
Mouse2,3,154,0,1
Mouse2,3,156,0,1
Mouse2,3,157,1,1
Mouse2,3,158,1,1
Mouse2,3,159,1,1
Mouse2,3,160,1,1
Mouse2,3,161,1,1
Mouse2,3,162,1,1
Mouse2,3,164,0,1
Mouse2,3,165,0,1
Mouse2,3,166,0,1
Mouse2,3,168,1,1
Mouse2,3,169,0,1
Mouse2,3,172,1,1
Mouse2,3,173,0,1
Mouse2,3,175,1,1
Mouse2,3,176,1,1
Mouse2,3,177,1,1
Mouse2,3,178,1,1
Mouse2,3,179,1,1
Mouse2,3,180,0,1
Mouse2,3,182,1,1
Mouse2,3,183,0,1
Mouse2,3,184,1,1
Mouse2,3,185,1,1
Mouse2,3,186,1,1
Mouse2,3,187,0,1
Mouse2,3,189,1,1
Mouse2,3,190,1,1
Mouse2,3,191,1,1
Mouse2,3,194,1,1
Mouse2,3,196,0,1
Mouse2,3,200,1,1
Mouse2,3,201,1,1
Mouse2,3,202,1,1
Mouse2,3,203,1,1
Mouse2,3,204,0,1
Mouse2,3,205,1,1
Mouse2,3,206,1,1
Mouse2,3,207,0,1
Mouse2,3,209,1,1
Mouse2,3,210,1,1
Mouse2,3,211,1,1
Mouse2,3,212,1,1
Mouse2,3,213,1,1
Mouse2,3,214,1,1
Mouse2,3,215,0,1
Mouse2,3,219,1,1
Mouse2,3,220,1,1
Mouse2,3,221,1,1
Mouse2,3,222,1,1
Mouse2,3,223,0,1
Mouse2,3,224,1,1
Mouse2,3,225,1,1
Mouse2,3,226,1,1
Mouse2,3,227,1,1
Mouse2,3,228,0,1
Mouse2,3,231,1,1
Mouse2,3,233,1,1
Mouse2,3,234,1,1
Mouse3,1,2,0,1
Mouse3,1,3,0,1
Mouse3,1,5,0,1
Mouse3,1,7,0,1
Mouse3,1,13,0,1
Mouse3,1,14,1,1
Mouse3,1,15,0,1
Mouse3,1,17,0,1
Mouse3,1,19,0,1
Mouse3,1,20,0,1
Mouse3,1,23,0,1
Mouse3,1,25,0,1
Mouse3,1,26,1,1
Mouse3,1,32,1,1
Mouse3,1,35,0,1
Mouse3,1,36,0,1
Mouse3,1,37,0,1
Mouse3,1,38,0,1
Mouse3,1,40,1,1
Mouse3,1,41,1,1
Mouse3,1,43,0,1
Mouse3,1,44,0,1
Mouse3,1,45,0,1
Mouse3,1,46,1,1
Mouse3,1,47,0,1
Mouse3,1,48,0,1
Mouse3,1,49,0,1
Mouse3,1,54,1,1
Mouse3,1,57,0,1
Mouse3,1,58,0,1
Mouse3,1,59,0,1
Mouse3,1,61,1,1
Mouse3,1,62,1,1
Mouse3,1,63,0,1
Mouse3,1,64,0,1
Mouse3,1,65,0,1
Mouse3,1,66,1,1
Mouse3,1,67,0,1
Mouse3,1,68,0,1
Mouse3,1,69,1,1
Mouse3,1,70,1,1
Mouse3,1,71,1,1
Mouse3,1,72,1,1
Mouse3,1,74,1,1
Mouse3,1,75,1,1
Mouse3,1,76,0,1
Mouse3,1,77,0,1
Mouse3,1,78,1,1
Mouse3,1,80,1,1
Mouse3,1,82,1,1
Mouse3,1,89,0,1
Mouse3,1,90,0,1
Mouse3,1,91,1,1
Mouse3,1,94,0,1
Mouse3,1,95,0,1
Mouse3,1,98,1,1
Mouse3,1,100,1,1
Mouse3,1,101,0,1
Mouse3,1,102,0,1
Mouse3,1,103,1,1
Mouse3,1,104,1,1
Mouse3,1,106,1,1
Mouse3,1,107,1,1
Mouse3,1,108,0,1
Mouse3,1,109,1,1
Mouse3,1,110,1,1
Mouse3,1,111,0,1
Mouse3,1,114,0,1
Mouse3,1,116,0,1
Mouse3,1,117,1,1
Mouse3,1,118,1,1
Mouse3,1,119,1,1
Mouse3,1,120,1,1
Mouse3,1,122,1,1
Mouse3,1,123,0,1
Mouse3,1,124,0,1
Mouse3,1,125,0,1
Mouse3,1,126,0,1
Mouse3,1,127,1,1
Mouse3,1,128,1,1
Mouse3,1,129,1,1
Mouse3,1,130,1,1
Mouse3,1,131,1,1
Mouse3,1,133,1,1
Mouse3,1,134,0,1
Mouse3,1,135,0,1
Mouse3,1,136,0,1
Mouse3,1,137,1,1
Mouse3,1,138,0,1
Mouse3,1,141,1,1
Mouse3,1,142,0,1
Mouse3,1,144,0,1
Mouse3,1,145,1,1
Mouse3,1,146,1,1
Mouse3,1,148,1,1
Mouse3,1,149,1,1
Mouse3,1,150,1,1
Mouse3,1,151,1,1
Mouse3,1,152,0,1
Mouse3,1,153,1,1
Mouse3,1,154,1,1
Mouse3,1,155,1,1
Mouse3,1,156,0,1
Mouse3,1,157,0,1
Mouse3,1,158,1,1
Mouse3,1,159,1,1
Mouse3,1,160,1,1
Mouse3,1,161,1,1
Mouse3,1,162,1,1
Mouse3,1,163,1,1
Mouse3,1,164,1,1
Mouse3,1,165,0,1
Mouse3,1,166,1,1
Mouse3,1,167,1,1
Mouse3,1,168,1,1
Mouse3,1,169,1,1
Mouse3,1,171,0,1
Mouse3,1,172,1,1
Mouse3,1,173,0,1
Mouse3,1,175,1,1
Mouse3,1,177,1,1
Mouse3,1,178,0,1
Mouse3,1,179,1,1
Mouse3,1,180,1,1
Mouse3,1,181,1,1
Mouse3,1,182,1,1
Mouse3,1,183,1,1
Mouse3,1,184,1,1
Mouse3,1,185,1,1
Mouse3,1,186,1,1
Mouse3,1,187,0,1
Mouse3,1,188,0,1
Mouse3,1,189,1,1
Mouse3,1,190,0,1
Mouse3,1,191,1,1
Mouse3,1,193,1,1
Mouse3,1,195,1,1
Mouse3,1,196,1,1
Mouse3,1,197,1,1
Mouse3,1,198,1,1
Mouse3,1,200,1,1
Mouse3,1,201,0,1
Mouse3,1,203,1,1
Mouse3,1,207,1,1
Mouse3,1,213,0,1
Mouse3,1,217,0,1
Mouse3,1,218,1,1
Mouse3,1,221,0,1
Mouse3,1,222,1,1
Mouse3,1,223,0,1
Mouse3,1,226,1,1
Mouse3,1,228,0,1
Mouse3,1,230,1,1
Mouse3,1,232,1,1
Mouse3,1,233,0,1
Mouse3,1,234,1,1
Mouse3,1,235,0,1
Mouse3,1,236,1,1
Mouse3,1,237,1,1
Mouse3,1,238,1,1
Mouse3,1,239,1,1
Mouse3,1,240,1,1
Mouse3,1,242,1,1
Mouse3,1,243,0,1
Mouse3,1,246,0,1
Mouse3,1,247,0,1
Mouse3,1,248,1,1
Mouse3,1,249,1,1
Mouse3,1,250,0,1
Mouse3,1,251,0,1
Mouse3,1,252,1,1
Mouse3,1,253,1,1
Mouse3,1,256,0,1
Mouse3,1,257,0,1
Mouse3,1,258,0,1
Mouse3,1,259,0,1
Mouse3,1,260,0,1
Mouse3,1,261,1,1
Mouse3,1,264,0,1
Mouse3,1,266,1,1
Mouse3,1,267,1,1
Mouse3,1,268,0,1
Mouse3,1,269,1,1
Mouse3,1,270,0,1
Mouse3,1,271,0,1
Mouse3,1,274,1,1
Mouse3,1,276,1,1
Mouse3,2,2,1,1
Mouse3,2,5,0,1
Mouse3,2,6,1,1
Mouse3,2,7,1,1
Mouse3,2,10,0,1
Mouse3,2,11,1,1
Mouse3,2,12,0,1
Mouse3,2,15,0,1
Mouse3,2,18,1,1
Mouse3,2,19,0,1
Mouse3,2,20,0,1
Mouse3,2,24,1,1
Mouse3,2,25,1,1
Mouse3,2,26,1,1
Mouse3,2,27,1,1
Mouse3,2,28,1,1
Mouse3,2,29,0,1
Mouse3,2,30,0,1
Mouse3,2,32,1,1
Mouse3,2,34,0,1
Mouse3,2,35,0,1
Mouse3,2,36,0,1
Mouse3,2,37,0,1
Mouse3,2,38,0,1
Mouse3,2,42,0,1
Mouse3,2,44,1,1
Mouse3,2,47,1,1
Mouse3,2,48,0,1
Mouse3,2,49,0,1
Mouse3,2,50,1,1
Mouse3,2,51,1,1
Mouse3,2,52,1,1
Mouse3,2,53,1,1
Mouse3,2,54,1,1
Mouse3,2,56,0,1
Mouse3,2,57,1,1
Mouse3,2,58,1,1
Mouse3,2,59,1,1
Mouse3,2,60,1,1
Mouse3,2,61,1,1
Mouse3,2,62,1,1
Mouse3,2,63,0,1
Mouse3,2,64,0,1
Mouse3,2,65,1,1
Mouse3,2,66,1,1
Mouse3,2,67,1,1
Mouse3,2,68,1,1
Mouse3,2,69,1,1
Mouse3,2,70,1,1
Mouse3,2,72,0,1
Mouse3,2,73,0,1
Mouse3,2,74,0,1
Mouse3,2,75,0,1
Mouse3,2,76,0,1
Mouse3,2,79,1,1
Mouse3,2,80,0,1
Mouse3,2,81,1,1
Mouse3,2,82,1,1
Mouse3,2,83,1,1
Mouse3,2,84,0,1
Mouse3,2,85,1,1
Mouse3,2,86,1,1
Mouse3,2,87,0,1
Mouse3,2,88,1,1
Mouse3,2,89,1,1
Mouse3,2,91,0,1
Mouse3,2,92,0,1
Mouse3,2,93,1,1
Mouse3,2,94,0,1
Mouse3,2,95,1,1
Mouse3,2,96,0,1
Mouse3,2,98,1,1
Mouse3,2,99,1,1
Mouse3,2,100,1,1
Mouse3,2,101,1,1
Mouse3,2,104,1,1
Mouse3,2,106,0,1
Mouse3,2,107,0,1
Mouse3,2,108,1,1
Mouse3,2,109,0,1
Mouse3,2,110,0,1
Mouse3,2,111,0,1
Mouse3,2,112,0,1
Mouse3,2,113,1,1
Mouse3,2,115,1,1
Mouse3,2,120,1,1
Mouse3,2,121,0,1
Mouse3,2,122,1,1
Mouse3,2,123,0,1
Mouse3,2,126,1,1
Mouse3,2,127,1,1
Mouse3,2,129,1,1
Mouse3,2,131,1,1
Mouse3,2,132,0,1
Mouse3,2,133,0,1
Mouse3,2,139,0,1
Mouse3,2,141,1,1
Mouse3,2,142,1,1
Mouse3,2,143,1,1
Mouse3,2,144,1,1
Mouse3,2,145,1,1
Mouse3,2,146,1,1
Mouse3,2,147,0,1
Mouse3,2,148,0,1
Mouse3,2,149,0,1
Mouse3,2,150,0,1
Mouse3,2,151,0,1
Mouse3,2,152,1,1
Mouse3,2,154,0,1
Mouse3,2,155,0,1
Mouse3,2,156,1,1
Mouse3,2,157,1,1
Mouse3,2,158,1,1
Mouse3,2,159,1,1
Mouse3,2,162,0,1
Mouse3,2,166,1,1
Mouse3,2,167,1,1
Mouse3,2,168,1,1
Mouse3,2,169,1,1
Mouse3,2,170,1,1
Mouse3,2,171,0,1
Mouse3,2,172,1,1
Mouse3,2,173,0,1
Mouse3,2,174,0,1
Mouse3,2,175,0,1
Mouse3,2,176,1,1
Mouse3,2,177,0,1
Mouse3,2,180,1,1
Mouse3,2,181,1,1
Mouse3,2,182,0,1
Mouse3,2,183,1,1
Mouse3,2,184,1,1
Mouse3,2,185,1,1
Mouse3,2,187,0,1
Mouse3,2,188,0,1
Mouse3,2,189,1,1
Mouse3,2,190,1,1
Mouse3,2,191,1,1
Mouse3,2,192,1,1
Mouse3,2,193,1,1
Mouse3,2,194,1,1
Mouse3,2,195,1,1
Mouse3,2,196,0,1
Mouse3,2,197,1,1
Mouse3,2,198,1,1
Mouse3,2,199,0,1
Mouse3,2,203,1,1
Mouse3,2,204,0,1
Mouse3,2,206,0,1
Mouse3,2,208,0,1
Mouse3,2,210,1,1
Mouse3,2,212,1,1
Mouse3,2,213,1,1
Mouse3,2,214,1,1
Mouse3,2,215,0,1
Mouse3,2,216,0,1
Mouse3,2,217,0,1
Mouse3,2,219,0,1
Mouse3,2,220,0,1
Mouse3,2,225,0,1
Mouse3,2,228,1,1
Mouse3,2,229,1,1
Mouse3,2,231,0,1
Mouse3,2,232,0,1
Mouse3,2,234,0,1
Mouse3,2,235,1,1
Mouse3,2,236,1,1
Mouse3,2,237,1,1
Mouse3,2,238,1,1
Mouse3,2,239,0,1
Mouse3,2,240,0,1
Mouse3,2,241,1,1
Mouse3,2,242,1,1
Mouse3,2,243,1,1
Mouse3,2,244,1,1
Mouse3,2,245,1,1
Mouse3,2,246,1,1
Mouse3,2,247,0,1
Mouse3,2,248,0,1
Mouse3,2,249,1,1
Mouse3,2,250,1,1
Mouse3,3,3,1,1
Mouse3,3,7,0,1
Mouse3,3,12,1,1
Mouse3,3,13,1,1
Mouse3,3,15,0,1
Mouse3,3,16,1,1
Mouse3,3,19,0,1
Mouse3,3,20,0,1
Mouse3,3,24,0,1
Mouse3,3,30,0,1
Mouse3,3,31,1,1
Mouse3,3,35,1,1
Mouse3,3,37,1,1
Mouse3,3,38,0,1
Mouse3,3,39,0,1
Mouse3,3,40,1,1
Mouse3,3,41,1,1
Mouse3,3,42,1,1
Mouse3,3,43,1,1
Mouse3,3,45,0,1
Mouse3,3,47,1,1
Mouse3,3,48,0,1
Mouse3,3,49,0,1
Mouse3,3,51,1,1
Mouse3,3,52,1,1
Mouse3,3,53,1,1
Mouse3,3,58,1,1
Mouse3,3,59,1,1
Mouse3,3,60,1,1
Mouse3,3,61,1,1
Mouse3,3,62,1,1
Mouse3,3,63,1,1
Mouse3,3,68,1,1
Mouse3,3,69,1,1
Mouse3,3,70,1,1
Mouse3,3,71,1,1
Mouse3,3,72,1,1
Mouse3,3,73,1,1
Mouse3,3,75,0,1
Mouse3,3,76,0,1
Mouse3,3,78,1,1
Mouse3,3,80,0,1
Mouse3,3,84,1,1
Mouse3,3,87,0,1
Mouse3,3,89,1,1
Mouse3,3,90,1,1
Mouse3,3,91,1,1
Mouse3,3,92,1,1
Mouse3,3,94,1,1
Mouse3,3,95,0,1
Mouse3,3,97,0,1
Mouse3,3,98,0,1
Mouse3,3,100,0,1
Mouse3,3,102,0,1
Mouse3,3,103,1,1
Mouse3,3,104,1,1
Mouse3,3,105,1,1
Mouse3,3,106,1,1
Mouse3,3,107,1,1
Mouse3,3,108,1,1
Mouse3,3,112,1,1
Mouse3,3,113,0,1
Mouse3,3,114,0,1
Mouse3,3,115,0,1
Mouse3,3,116,1,1
Mouse3,3,117,1,1
Mouse3,3,118,1,1
Mouse3,3,119,1,1
Mouse3,3,120,1,1
Mouse3,3,121,1,1
Mouse3,3,122,1,1
Mouse3,3,123,0,1
Mouse3,3,124,1,1
Mouse3,3,125,0,1
Mouse3,3,126,0,1
Mouse3,3,127,1,1
Mouse3,3,128,1,1
Mouse3,3,129,1,1
Mouse3,3,130,1,1
Mouse3,3,134,1,1
Mouse3,3,136,1,1
Mouse3,3,137,1,1
Mouse3,3,138,1,1
Mouse3,3,139,1,1
Mouse3,3,140,1,1
Mouse3,3,141,1,1
Mouse3,3,142,0,1
Mouse3,3,143,0,1
Mouse3,3,144,0,1
Mouse3,3,145,1,1
Mouse3,3,146,1,1
Mouse3,3,147,1,1
Mouse3,3,148,1,1
Mouse3,3,149,1,1
Mouse3,3,151,1,1
Mouse3,3,152,0,1
Mouse3,3,154,0,1
Mouse3,3,155,1,1
Mouse3,3,156,1,1
Mouse3,3,157,1,1
Mouse3,3,158,1,1
Mouse3,3,163,1,1
Mouse3,3,164,1,1
Mouse3,3,165,1,1
Mouse3,3,166,1,1
Mouse3,3,167,1,1
Mouse3,3,168,1,1
Mouse3,3,169,0,1
Mouse3,3,171,0,1
Mouse3,3,174,0,1
Mouse3,3,175,0,1
Mouse3,3,176,0,1
Mouse3,3,182,1,1
Mouse3,3,183,1,1
Mouse3,3,184,0,1
Mouse3,3,185,0,1
Mouse3,3,186,0,1
Mouse3,3,188,1,1
Mouse3,3,189,0,1
Mouse3,3,190,1,1
Mouse3,3,191,1,1
Mouse3,3,194,1,1
Mouse3,3,195,1,1
Mouse3,3,196,1,1
Mouse3,3,197,1,1
Mouse3,3,198,1,1
Mouse3,3,199,1,1
Mouse3,3,200,1,1
Mouse3,3,201,0,1
Mouse3,3,202,0,1
Mouse3,3,203,0,1
Mouse3,3,205,0,1
Mouse3,3,206,0,1
Mouse3,3,207,0,1
Mouse3,3,208,0,1
Mouse3,3,213,1,1
Mouse3,3,215,1,1
Mouse3,3,216,1,1
Mouse3,3,217,1,1
Mouse3,3,218,0,1
Mouse3,3,219,1,1
Mouse3,3,220,0,1
Mouse3,3,221,1,1
Mouse3,3,222,1,1
Mouse3,3,223,0,1
Mouse3,3,224,1,1
Mouse3,3,225,1,1
Mouse3,3,230,1,1
Mouse3,3,231,1,1
Mouse3,3,232,0,1
Mouse3,3,233,0,1
Mouse3,3,238,0,1
Mouse3,3,240,0,1
Mouse3,3,244,0,1
Mouse3,3,246,0,1
Mouse3,3,247,0,1
Mouse3,3,248,1,1
Mouse3,3,249,1,1
Mouse3,3,250,1,1
Mouse3,3,251,1,1
Mouse3,3,252,0,1
Mouse3,3,253,0,1
Mouse3,3,254,0,1
Mouse3,3,255,0,1
Mouse3,3,256,1,1
Mouse3,3,258,1,1
Mouse3,3,261,0,1
Mouse3,3,262,0,1
Mouse3,3,263,1,1
Mouse4,1,2,1,1
Mouse4,1,3,1,1
Mouse4,1,4,1,1
Mouse4,1,5,1,1
Mouse4,1,6,1,1
Mouse4,1,7,0,1
Mouse4,1,8,1,1
Mouse4,1,9,0,1
Mouse4,1,10,1,1
Mouse4,1,11,0,1
Mouse4,1,12,1,1
Mouse4,1,13,0,1
Mouse4,1,14,0,1
Mouse4,1,15,1,1
Mouse4,1,16,0,1
Mouse4,1,17,1,1
Mouse4,1,18,0,1
Mouse4,1,19,0,1
Mouse4,1,21,0,1
Mouse4,1,22,0,1
Mouse4,1,23,0,1
Mouse4,1,24,1,1
Mouse4,1,25,0,1
Mouse4,1,26,0,1
Mouse4,1,27,1,1
Mouse4,1,28,0,1
Mouse4,1,29,1,1
Mouse4,1,30,0,1
Mouse4,1,33,0,1
Mouse4,1,34,1,1
Mouse4,1,35,1,1
Mouse4,1,36,1,1
Mouse4,1,37,1,1
Mouse4,1,38,1,1
Mouse4,1,39,1,1
Mouse4,1,40,1,1
Mouse4,1,41,0,1
Mouse4,1,42,1,1
Mouse4,1,43,1,1
Mouse4,1,44,0,1
Mouse4,1,45,0,1
Mouse4,1,46,1,1
Mouse4,1,47,1,1
Mouse4,1,48,0,1
Mouse4,1,49,0,1
Mouse4,1,50,0,1
Mouse4,1,51,1,1
Mouse4,1,52,0,1
Mouse4,1,53,1,1
Mouse4,1,54,0,1
Mouse4,1,55,1,1
Mouse4,1,56,1,1
Mouse4,1,57,1,1
Mouse4,1,58,1,1
Mouse4,1,59,1,1
Mouse4,1,60,1,1
Mouse4,1,61,0,1
Mouse4,1,62,0,1
Mouse4,1,64,0,1
Mouse4,1,65,1,1
Mouse4,1,66,0,1
Mouse4,1,67,1,1
Mouse4,1,68,0,1
Mouse4,1,69,1,1
Mouse4,1,70,1,1
Mouse4,1,71,1,1
Mouse4,1,72,0,1
Mouse4,1,73,1,1
Mouse4,1,74,0,1
Mouse4,1,76,0,1
Mouse4,1,77,1,1
Mouse4,1,78,1,1
Mouse4,1,79,1,1
Mouse4,1,80,0,1
Mouse4,1,81,1,1
Mouse4,1,82,1,1
Mouse4,1,83,1,1
Mouse4,1,84,1,1
Mouse4,1,85,0,1
Mouse4,1,86,1,1
Mouse4,1,87,1,1
Mouse4,1,88,1,1
Mouse4,1,89,0,1
Mouse4,1,90,0,1
Mouse4,1,91,1,1
Mouse4,1,92,1,1
Mouse4,1,93,1,1
Mouse4,1,94,1,1
Mouse4,1,95,0,1
Mouse4,1,96,0,1
Mouse4,1,98,1,1
Mouse4,1,99,1,1
Mouse4,1,100,1,1
Mouse4,1,101,0,1
Mouse4,1,103,0,1
Mouse4,1,104,0,1
Mouse4,1,106,1,1
Mouse4,1,107,1,1
Mouse4,1,108,1,1
Mouse4,1,109,1,1
Mouse4,1,110,0,1
Mouse4,1,111,1,1
Mouse4,1,112,1,1
Mouse4,1,113,0,1
Mouse4,1,114,0,1
Mouse4,1,115,1,1
Mouse4,1,116,0,1
Mouse4,1,117,0,1
Mouse4,1,118,0,1
Mouse4,1,119,1,1
Mouse4,1,120,1,1
Mouse4,1,121,0,1
Mouse4,1,122,0,1
Mouse4,1,126,1,1
Mouse4,1,127,0,1
Mouse4,1,128,1,1
Mouse4,1,129,1,1
Mouse4,1,130,0,1
Mouse4,1,131,0,1
Mouse4,1,132,0,1
Mouse4,1,133,0,1
Mouse4,1,134,1,1
Mouse4,1,135,0,1
Mouse4,1,137,1,1
Mouse4,1,138,0,1
Mouse4,1,139,0,1
Mouse4,1,140,1,1
Mouse4,1,141,0,1
Mouse4,1,142,0,1
Mouse4,1,143,1,1
Mouse4,1,144,0,1
Mouse4,1,146,1,1
Mouse4,1,147,1,1
Mouse4,1,149,1,1
Mouse4,1,150,1,1
Mouse4,1,151,1,1
Mouse4,1,152,1,1
Mouse4,1,153,1,1
Mouse4,1,154,1,1
Mouse4,1,155,1,1
Mouse4,1,156,1,1
Mouse4,1,157,0,1
Mouse4,1,159,1,1
Mouse4,1,161,0,1
Mouse4,1,165,0,1
Mouse4,1,166,0,1
Mouse4,1,168,0,1
Mouse4,1,169,1,1
Mouse4,1,171,1,1
Mouse4,1,173,0,1
Mouse4,1,174,0,1
Mouse4,1,175,0,1
Mouse4,1,176,1,1
Mouse4,1,177,0,1
Mouse4,1,178,0,1
Mouse4,1,179,0,1
Mouse4,1,181,0,1
Mouse4,1,182,0,1
Mouse4,1,184,0,1
Mouse4,1,185,1,1
Mouse4,1,186,0,1
Mouse4,1,190,0,1
Mouse4,1,191,1,1
Mouse4,1,192,1,1
Mouse4,1,193,0,1
Mouse4,1,194,1,1
Mouse4,1,195,0,1
Mouse4,1,196,1,1
Mouse4,1,197,1,1
Mouse4,1,198,1,1
Mouse4,1,199,0,1
Mouse4,1,200,1,1
Mouse4,1,201,0,1
Mouse4,1,202,1,1
Mouse4,1,203,1,1
Mouse4,1,204,1,1
Mouse4,1,205,0,1
Mouse4,1,207,1,1
Mouse4,1,208,0,1
Mouse4,1,210,1,1
Mouse4,1,211,1,1
Mouse4,1,213,0,1
Mouse4,1,214,0,1
Mouse4,1,215,1,1
Mouse4,1,216,1,1
Mouse4,1,217,0,1
Mouse4,1,218,1,1
Mouse4,1,219,1,1
Mouse4,1,220,1,1
Mouse4,1,224,0,1
Mouse4,1,226,1,1
Mouse4,1,227,1,1
Mouse4,1,228,0,1
Mouse4,1,230,1,1
Mouse4,1,231,1,1
Mouse4,1,232,1,1
Mouse4,1,233,1,1
Mouse4,1,234,0,1
Mouse4,1,235,1,1
Mouse4,1,236,0,1
Mouse4,1,237,0,1
Mouse4,1,238,0,1
Mouse4,1,249,1,1
Mouse4,1,250,1,1
Mouse4,1,251,1,1
Mouse4,1,252,1,1
Mouse4,1,253,1,1
Mouse4,1,254,1,1
Mouse4,1,255,0,1
Mouse4,1,256,1,1
Mouse4,1,257,1,1
Mouse4,1,258,1,1
Mouse4,1,259,1,1
Mouse4,1,260,1,1
Mouse4,1,261,1,1
Mouse4,1,262,0,1
Mouse4,1,264,1,1
Mouse4,2,2,0,1
Mouse4,2,3,1,1
Mouse4,2,4,0,1
Mouse4,2,5,1,1
Mouse4,2,6,0,1
Mouse4,2,7,0,1
Mouse4,2,8,1,1
Mouse4,2,9,1,1
Mouse4,2,10,1,1
Mouse4,2,11,1,1
Mouse4,2,12,1,1
Mouse4,2,13,0,1
Mouse4,2,14,1,1
Mouse4,2,15,0,1
Mouse4,2,16,1,1
Mouse4,2,17,1,1
Mouse4,2,18,1,1
Mouse4,2,19,1,1
Mouse4,2,20,0,1
Mouse4,2,21,1,1
Mouse4,2,22,1,1
Mouse4,2,23,1,1
Mouse4,2,24,0,1
Mouse4,2,25,1,1
Mouse4,2,26,0,1
Mouse4,2,27,1,1
Mouse4,2,28,0,1
Mouse4,2,29,0,1
Mouse4,2,30,0,1
Mouse4,2,31,0,1
Mouse4,2,32,0,1
Mouse4,2,35,0,1
Mouse4,2,36,0,1
Mouse4,2,37,1,1
Mouse4,2,38,0,1
Mouse4,2,39,0,1
Mouse4,2,40,0,1
Mouse4,2,41,0,1
Mouse4,2,42,0,1
Mouse4,2,43,0,1
Mouse4,2,44,0,1
Mouse4,2,46,1,1
Mouse4,2,47,1,1
Mouse4,2,48,0,1
Mouse4,2,49,0,1
Mouse4,2,50,0,1
Mouse4,2,51,1,1
Mouse4,2,52,1,1
Mouse4,2,53,1,1
Mouse4,2,54,1,1
Mouse4,2,55,1,1
Mouse4,2,56,1,1
Mouse4,2,57,1,1
Mouse4,2,58,0,1
Mouse4,2,59,1,1
Mouse4,2,60,0,1
Mouse4,2,61,1,1
Mouse4,2,62,1,1
Mouse4,2,63,1,1
Mouse4,2,64,0,1
Mouse4,2,66,1,1
Mouse4,2,67,1,1
Mouse4,2,68,1,1
Mouse4,2,69,1,1
Mouse4,2,70,1,1
Mouse4,2,71,0,1
Mouse4,2,72,0,1
Mouse4,2,74,1,1
Mouse4,2,75,1,1
Mouse4,2,76,1,1
Mouse4,2,77,1,1
Mouse4,2,78,1,1
Mouse4,2,79,1,1
Mouse4,2,80,0,1
Mouse4,2,81,0,1
Mouse4,2,83,0,1
Mouse4,2,84,0,1
Mouse4,2,85,0,1
Mouse4,2,86,0,1
Mouse4,2,90,0,1
Mouse4,2,91,0,1
Mouse4,2,92,0,1
Mouse4,2,93,0,1
Mouse4,2,95,1,1
Mouse4,2,96,0,1
Mouse4,2,97,0,1
Mouse4,2,98,1,1
Mouse4,2,99,0,1
Mouse4,2,100,0,1
Mouse4,2,101,0,1
Mouse4,2,102,1,1
Mouse4,2,103,1,1
Mouse4,2,104,1,1
Mouse4,2,105,1,1
Mouse4,2,106,0,1
Mouse4,2,107,0,1
Mouse4,2,108,0,1
Mouse4,2,109,0,1
Mouse4,2,110,1,1
Mouse4,2,111,0,1
Mouse4,2,113,1,1
Mouse4,2,114,1,1
Mouse4,2,115,1,1
Mouse4,2,116,1,1
Mouse4,2,117,1,1
Mouse4,2,118,0,1
Mouse4,2,119,1,1
Mouse4,2,120,1,1
Mouse4,2,121,0,1
Mouse4,2,122,1,1
Mouse4,2,123,1,1
Mouse4,2,124,1,1
Mouse4,2,125,0,1
Mouse4,2,126,1,1
Mouse4,2,127,0,1
Mouse4,2,129,0,1
Mouse4,2,130,1,1
Mouse4,2,131,0,1
Mouse4,2,132,1,1
Mouse4,2,133,1,1
Mouse4,2,134,1,1
Mouse4,2,135,1,1
Mouse4,2,136,1,1
Mouse4,2,137,1,1
Mouse4,2,138,0,1
Mouse4,2,139,0,1
Mouse4,2,140,1,1
Mouse4,2,141,1,1
Mouse4,2,142,1,1
Mouse4,2,143,1,1
Mouse4,2,144,0,1
Mouse4,2,145,0,1
Mouse4,2,146,1,1
Mouse4,2,147,1,1
Mouse4,2,148,0,1
Mouse4,2,149,1,1
Mouse4,2,150,1,1
Mouse4,2,151,1,1
Mouse4,2,152,1,1
Mouse4,2,154,0,1
Mouse4,2,155,0,1
Mouse4,2,156,1,1
Mouse4,2,157,0,1
Mouse4,2,158,1,1
Mouse4,2,159,1,1
Mouse4,2,160,0,1
Mouse4,2,161,0,1
Mouse4,2,162,0,1
Mouse4,2,163,1,1
Mouse4,2,164,1,1
Mouse4,2,165,1,1
Mouse4,2,166,0,1
Mouse4,2,167,0,1
Mouse4,2,168,0,1
Mouse4,2,169,1,1
Mouse4,2,170,1,1
Mouse4,2,171,1,1
Mouse4,2,172,1,1
Mouse4,2,173,1,1
Mouse4,2,174,1,1
Mouse4,2,175,0,1
Mouse4,2,176,1,1
Mouse4,2,177,1,1
Mouse4,2,178,0,1
Mouse4,2,181,0,1
Mouse4,2,182,0,1
Mouse4,2,184,1,1
Mouse4,2,185,1,1
Mouse4,2,186,0,1
Mouse4,2,188,1,1
Mouse4,2,189,1,1
Mouse4,2,190,1,1
Mouse4,2,191,1,1
Mouse4,2,192,0,1
Mouse4,2,194,0,1
Mouse4,2,195,0,1
Mouse4,2,196,1,1
Mouse4,2,197,0,1
Mouse4,2,198,1,1
Mouse4,2,199,1,1
Mouse4,2,200,0,1
Mouse4,2,201,1,1
Mouse4,2,202,0,1
Mouse4,2,203,1,1
Mouse4,2,204,1,1
Mouse4,2,205,0,1
Mouse4,2,206,1,1
Mouse4,2,207,0,1
Mouse4,2,208,1,1
Mouse4,2,209,1,1
Mouse4,2,210,0,1
Mouse4,2,212,0,1
Mouse4,2,213,1,1
Mouse4,2,214,0,1
Mouse4,2,219,1,1
Mouse4,2,220,1,1
Mouse4,2,221,1,1
Mouse4,2,222,1,1
Mouse4,2,223,1,1
Mouse4,2,224,1,1
Mouse4,2,225,1,1
Mouse4,2,226,1,1
Mouse4,2,227,0,1
Mouse4,2,228,0,1
Mouse4,2,229,0,1
Mouse4,2,230,1,1
Mouse4,2,231,0,1
Mouse4,2,232,1,1
Mouse4,2,233,0,1
Mouse4,2,234,0,1
Mouse4,2,235,1,1
Mouse4,2,236,0,1
Mouse4,2,237,1,1
Mouse4,2,238,0,1
Mouse4,2,239,0,1
Mouse4,2,241,1,1
Mouse4,2,242,1,1
Mouse4,2,243,1,1
Mouse4,2,244,1,1
Mouse4,2,245,1,1
Mouse4,2,246,1,1
Mouse4,2,247,1,1
Mouse4,2,248,0,1
Mouse4,2,249,1,1
Mouse4,2,250,1,1
Mouse4,2,251,1,1
Mouse4,2,252,1,1
Mouse4,2,253,1,1
Mouse4,2,254,0,1
Mouse4,2,255,0,1
Mouse4,2,256,1,1
Mouse4,2,257,0,1
Mouse4,2,258,0,1
Mouse4,2,259,1,1
Mouse4,2,260,0,1
Mouse4,2,261,0,1
Mouse4,2,262,1,1
Mouse4,2,263,0,1
Mouse4,2,266,1,1
Mouse4,2,267,1,1
Mouse4,2,268,1,1
Mouse4,2,269,0,1
Mouse4,2,270,1,1
Mouse4,2,271,1,1
Mouse4,3,2,0,1
Mouse4,3,3,0,1
Mouse4,3,4,0,1
Mouse4,3,6,1,1
Mouse4,3,7,0,1
Mouse4,3,8,1,1
Mouse4,3,9,1,1
Mouse4,3,10,0,1
Mouse4,3,11,1,1
Mouse4,3,12,0,1
Mouse4,3,13,1,1
Mouse4,3,14,0,1
Mouse4,3,15,1,1
Mouse4,3,16,1,1
Mouse4,3,17,1,1
Mouse4,3,18,1,1
Mouse4,3,19,1,1
Mouse4,3,20,1,1
Mouse4,3,21,0,1
Mouse4,3,22,1,1
Mouse4,3,23,0,1
Mouse4,3,24,0,1
Mouse4,3,26,1,1
Mouse4,3,27,1,1
Mouse4,3,28,0,1
Mouse4,3,29,1,1
Mouse4,3,30,1,1
Mouse4,3,31,1,1
Mouse4,3,32,1,1
Mouse4,3,33,0,1
Mouse4,3,34,0,1
Mouse4,3,35,0,1
Mouse4,3,36,1,1
Mouse4,3,37,1,1
Mouse4,3,38,0,1
Mouse4,3,40,0,1
Mouse4,3,41,0,1
Mouse4,3,42,1,1
Mouse4,3,43,1,1
Mouse4,3,44,1,1
Mouse4,3,45,1,1
Mouse4,3,46,0,1
Mouse4,3,47,0,1
Mouse4,3,48,1,1
Mouse4,3,49,1,1
Mouse4,3,50,0,1
Mouse4,3,51,0,1
Mouse4,3,52,1,1
Mouse4,3,53,1,1
Mouse4,3,54,0,1
Mouse4,3,55,1,1
Mouse4,3,56,1,1
Mouse4,3,57,1,1
Mouse4,3,58,1,1
Mouse4,3,59,1,1
Mouse4,3,60,1,1
Mouse4,3,61,0,1
Mouse4,3,63,1,1
Mouse4,3,64,1,1
Mouse4,3,65,0,1
Mouse4,3,66,0,1
Mouse4,3,67,1,1
Mouse4,3,68,0,1
Mouse4,3,69,0,1
Mouse4,3,70,1,1
Mouse4,3,71,1,1
Mouse4,3,72,1,1
Mouse4,3,73,0,1
Mouse4,3,74,0,1
Mouse4,3,75,1,1
Mouse4,3,76,1,1
Mouse4,3,77,1,1
Mouse4,3,78,0,1
Mouse4,3,79,0,1
Mouse4,3,80,1,1
Mouse4,3,81,1,1
Mouse4,3,82,0,1
Mouse4,3,83,1,1
Mouse4,3,84,1,1
Mouse4,3,85,1,1
Mouse4,3,86,1,1
Mouse4,3,87,1,1
Mouse4,3,88,0,1
Mouse4,3,89,0,1
Mouse4,3,90,1,1
Mouse4,3,91,0,1
Mouse4,3,92,0,1
Mouse4,3,93,1,1
Mouse4,3,94,1,1
Mouse4,3,95,0,1
Mouse4,3,96,1,1
Mouse4,3,97,1,1
Mouse4,3,98,0,1
Mouse4,3,99,0,1
Mouse4,3,100,1,1
Mouse4,3,101,1,1
Mouse4,3,102,0,1
Mouse4,3,103,1,1
Mouse4,3,104,1,1
Mouse4,3,105,1,1
Mouse4,3,106,1,1
Mouse4,3,107,0,1
Mouse4,3,109,1,1
Mouse4,3,110,1,1
Mouse4,3,112,0,1
Mouse4,3,113,1,1
Mouse4,3,114,0,1
Mouse4,3,115,0,1
Mouse4,3,116,0,1
Mouse4,3,117,1,1
Mouse4,3,118,1,1
Mouse4,3,119,0,1
Mouse4,3,120,0,1
Mouse4,3,121,0,1
Mouse4,3,122,1,1
Mouse4,3,123,1,1
Mouse4,3,124,0,1
Mouse4,3,125,1,1
Mouse4,3,126,1,1
Mouse4,3,127,1,1
Mouse4,3,128,1,1
Mouse4,3,129,1,1
Mouse4,3,130,0,1
Mouse4,3,131,0,1
Mouse4,3,132,1,1
Mouse4,3,133,1,1
Mouse4,3,134,0,1
Mouse4,3,135,1,1
Mouse4,3,136,1,1
Mouse4,3,137,1,1
Mouse4,3,138,1,1
Mouse4,3,139,1,1
Mouse4,3,142,1,1
Mouse4,3,143,1,1
Mouse4,3,144,1,1
Mouse4,3,145,1,1
Mouse4,3,146,1,1
Mouse4,3,147,1,1
Mouse4,3,148,0,1
Mouse4,3,149,0,1
Mouse4,3,150,0,1
Mouse4,3,151,1,1
Mouse4,3,152,1,1
Mouse4,3,153,1,1
Mouse4,3,154,0,1
Mouse4,3,155,0,1
Mouse4,3,156,1,1
Mouse4,3,157,0,1
Mouse4,3,158,1,1
Mouse4,3,159,1,1
Mouse4,3,160,1,1
Mouse4,3,161,0,1
Mouse4,3,163,1,1
Mouse4,3,164,0,1
Mouse4,3,167,1,1
Mouse4,3,168,1,1
Mouse4,3,169,1,1
Mouse4,3,170,1,1
Mouse4,3,171,1,1
Mouse4,3,172,1,1
Mouse4,3,174,0,1
Mouse4,3,175,1,1
Mouse4,3,176,0,1
Mouse4,3,177,1,1
Mouse4,3,178,0,1
Mouse4,3,180,1,1
Mouse4,3,181,0,1
Mouse4,3,182,1,1
Mouse4,3,183,1,1
Mouse4,3,184,1,1
Mouse4,3,185,0,1
Mouse4,3,186,1,1
Mouse4,3,187,0,1
Mouse4,3,189,0,1
Mouse4,3,190,1,1
Mouse4,3,191,0,1
Mouse4,3,192,1,1
Mouse4,3,193,1,1
Mouse4,3,194,1,1
Mouse4,3,195,1,1
Mouse4,3,196,1,1
Mouse4,3,197,0,1
Mouse4,3,198,1,1
Mouse4,3,199,1,1
Mouse4,3,201,0,1
Mouse4,3,204,0,1
Mouse4,3,205,1,1
Mouse4,3,206,1,1
Mouse4,3,207,1,1
Mouse4,3,208,1,1
Mouse4,3,209,1,1
Mouse4,3,210,1,1
Mouse4,3,211,0,1
Mouse4,3,212,0,1
Mouse4,3,213,1,1
Mouse4,3,214,0,1
Mouse4,3,215,1,1
Mouse4,3,216,1,1
Mouse4,3,218,1,1
Mouse4,3,219,0,1
Mouse4,3,224,1,1
Mouse4,3,225,1,1
Mouse4,3,226,1,1
Mouse4,3,227,0,1
Mouse4,3,228,1,1
Mouse4,3,229,1,1
Mouse4,3,230,0,1
Mouse4,3,231,1,1
Mouse4,3,232,1,1
Mouse4,3,233,1,1
Mouse4,3,234,0,1
Mouse4,3,236,1,1
Mouse4,3,240,1,1
Mouse5,1,2,1,1
Mouse5,1,3,1,1
Mouse5,1,4,1,1
Mouse5,1,5,1,1
Mouse5,1,6,1,1
Mouse5,1,7,1,1
Mouse5,1,8,1,1
Mouse5,1,9,0,1
Mouse5,1,10,0,1
Mouse5,1,11,1,1
Mouse5,1,12,0,1
Mouse5,1,13,0,1
Mouse5,1,14,1,1
Mouse5,1,15,1,1
Mouse5,1,16,1,1
Mouse5,1,17,1,1
Mouse5,1,18,1,1
Mouse5,1,19,1,1
Mouse5,1,20,1,1
Mouse5,1,21,0,1
Mouse5,1,22,0,1
Mouse5,1,23,0,1
Mouse5,1,24,1,1
Mouse5,1,25,1,1
Mouse5,1,26,1,1
Mouse5,1,27,1,1
Mouse5,1,28,1,1
Mouse5,1,29,1,1
Mouse5,1,30,0,1
Mouse5,1,32,0,1
Mouse5,1,33,1,1
Mouse5,1,34,1,1
Mouse5,1,35,1,1
Mouse5,1,36,1,1
Mouse5,1,37,1,1
Mouse5,1,38,1,1
Mouse5,1,41,0,1
Mouse5,1,42,0,1
Mouse5,1,43,1,1
Mouse5,1,44,0,1
Mouse5,1,45,1,1
Mouse5,1,46,0,1
Mouse5,1,47,0,1
Mouse5,1,50,1,1
Mouse5,1,51,1,1
Mouse5,1,52,1,1
Mouse5,1,53,1,1
Mouse5,1,54,1,1
Mouse5,1,55,0,1
Mouse5,1,56,1,1
Mouse5,1,57,1,1
Mouse5,1,58,1,1
Mouse5,1,59,1,1
Mouse5,1,60,1,1
Mouse5,1,61,0,1
Mouse5,1,62,1,1
Mouse5,1,63,1,1
Mouse5,1,64,1,1
Mouse5,1,65,0,1
Mouse5,1,66,0,1
Mouse5,1,67,1,1
Mouse5,1,68,0,1
Mouse5,1,69,1,1
Mouse5,1,70,0,1
Mouse5,1,71,1,1
Mouse5,1,72,0,1
Mouse5,1,73,0,1
Mouse5,1,74,1,1
Mouse5,1,75,1,1
Mouse5,1,76,1,1
Mouse5,1,77,0,1
Mouse5,1,78,0,1
Mouse5,1,79,0,1
Mouse5,1,80,0,1
Mouse5,1,81,1,1
Mouse5,1,82,1,1
Mouse5,1,83,1,1
Mouse5,1,84,1,1
Mouse5,1,85,1,1
Mouse5,1,86,1,1
Mouse5,1,87,1,1
Mouse5,1,88,0,1
Mouse5,1,89,0,1
Mouse5,1,90,1,1
Mouse5,1,91,0,1
Mouse5,1,92,0,1
Mouse5,1,93,0,1
Mouse5,1,94,1,1
Mouse5,1,96,1,1
Mouse5,1,97,1,1
Mouse5,1,98,0,1
Mouse5,1,99,1,1
Mouse5,1,100,1,1
Mouse5,1,101,0,1
Mouse5,1,102,1,1
Mouse5,1,103,0,1
Mouse5,1,104,0,1
Mouse5,1,105,0,1
Mouse5,1,106,1,1
Mouse5,1,107,1,1
Mouse5,1,108,1,1
Mouse5,1,109,1,1
Mouse5,1,110,1,1
Mouse5,1,111,0,1
Mouse5,1,112,0,1
Mouse5,1,113,1,1
Mouse5,1,114,1,1
Mouse5,1,115,1,1
Mouse5,1,116,1,1
Mouse5,1,119,1,1
Mouse5,1,120,1,1
Mouse5,1,121,1,1
Mouse5,1,123,1,1
Mouse5,1,124,1,1
Mouse5,1,125,1,1
Mouse5,1,128,0,1
Mouse5,1,129,1,1
Mouse5,1,130,1,1
Mouse5,1,131,1,1
Mouse5,1,132,1,1
Mouse5,1,133,1,1
Mouse5,1,134,1,1
Mouse5,1,135,0,1
Mouse5,1,136,0,1
Mouse5,1,137,0,1
Mouse5,1,138,1,1
Mouse5,1,139,0,1
Mouse5,1,140,1,1
Mouse5,1,141,0,1
Mouse5,1,142,0,1
Mouse5,1,143,0,1
Mouse5,1,144,1,1
Mouse5,1,145,0,1
Mouse5,1,146,0,1
Mouse5,1,147,1,1
Mouse5,1,148,1,1
Mouse5,1,149,1,1
Mouse5,1,150,1,1
Mouse5,1,151,0,1
Mouse5,1,152,0,1
Mouse5,1,153,0,1
Mouse5,1,154,1,1
Mouse5,1,155,0,1
Mouse5,1,156,0,1
Mouse5,1,157,1,1
Mouse5,1,158,0,1
Mouse5,1,159,0,1
Mouse5,1,160,1,1
Mouse5,1,162,1,1
Mouse5,1,163,0,1
Mouse5,1,164,1,1
Mouse5,1,165,0,1
Mouse5,1,166,0,1
Mouse5,1,167,0,1
Mouse5,1,168,0,1
Mouse5,1,170,0,1
Mouse5,1,171,1,1
Mouse5,1,172,1,1
Mouse5,1,173,1,1
Mouse5,1,174,0,1
Mouse5,1,175,1,1
Mouse5,1,176,1,1
Mouse5,1,177,1,1
Mouse5,1,181,1,1
Mouse5,1,182,1,1
Mouse5,1,183,1,1
Mouse5,1,185,1,1
Mouse5,1,187,1,1
Mouse5,1,188,0,1
Mouse5,1,189,0,1
Mouse5,1,190,0,1
Mouse5,1,191,1,1
Mouse5,1,195,1,1
Mouse5,1,196,1,1
Mouse5,1,197,0,1
Mouse5,1,198,0,1
Mouse5,1,199,0,1
Mouse5,1,201,1,1
Mouse5,1,203,1,1
Mouse5,1,205,0,1
Mouse5,1,206,1,1
Mouse5,1,208,0,1
Mouse5,1,209,1,1
Mouse5,1,210,0,1
Mouse5,1,211,0,1
Mouse5,1,212,0,1
Mouse5,1,214,1,1
Mouse5,1,216,1,1
Mouse5,1,217,1,1
Mouse5,1,218,1,1
Mouse5,1,219,1,1
Mouse5,1,220,0,1
Mouse5,1,221,0,1
Mouse5,1,225,0,1
Mouse5,1,228,0,1
Mouse5,1,229,1,1
Mouse5,1,232,1,1
Mouse5,1,236,0,1
Mouse5,1,237,0,1
Mouse5,1,238,0,1
Mouse5,1,239,1,1
Mouse5,1,249,1,1
Mouse5,2,2,1,1
Mouse5,2,3,1,1
Mouse5,2,4,0,1
Mouse5,2,6,1,1
Mouse5,2,7,1,1
Mouse5,2,8,1,1
Mouse5,2,9,0,1
Mouse5,2,10,1,1
Mouse5,2,11,1,1
Mouse5,2,12,1,1
Mouse5,2,13,0,1
Mouse5,2,14,0,1
Mouse5,2,18,0,1
Mouse5,2,20,1,1
Mouse5,2,21,1,1
Mouse5,2,22,0,1
Mouse5,2,24,1,1
Mouse5,2,26,1,1
Mouse5,2,28,1,1
Mouse5,2,29,0,1
Mouse5,2,30,0,1
Mouse5,2,31,0,1
Mouse5,2,32,0,1
Mouse5,2,33,1,1
Mouse5,2,34,1,1
Mouse5,2,35,1,1
Mouse5,2,36,1,1
Mouse5,2,37,1,1
Mouse5,2,38,1,1
Mouse5,2,39,1,1
Mouse5,2,40,1,1
Mouse5,2,41,1,1
Mouse5,2,42,0,1
Mouse5,2,43,1,1
Mouse5,2,44,0,1
Mouse5,2,45,0,1
Mouse5,2,46,0,1
Mouse5,2,47,0,1
Mouse5,2,48,0,1
Mouse5,2,51,1,1
Mouse5,2,53,1,1
Mouse5,2,54,1,1
Mouse5,2,55,1,1
Mouse5,2,56,1,1
Mouse5,2,57,1,1
Mouse5,2,58,0,1
Mouse5,2,59,0,1
Mouse5,2,60,0,1
Mouse5,2,61,1,1
Mouse5,2,62,0,1
Mouse5,2,63,1,1
Mouse5,2,64,0,1
Mouse5,2,65,1,1
Mouse5,2,66,1,1
Mouse5,2,67,1,1
Mouse5,2,70,1,1
Mouse5,2,71,0,1
Mouse5,2,72,1,1
Mouse5,2,73,1,1
Mouse5,2,74,1,1
Mouse5,2,75,1,1
Mouse5,2,76,1,1
Mouse5,2,77,0,1
Mouse5,2,78,0,1
Mouse5,2,80,1,1
Mouse5,2,81,0,1
Mouse5,2,82,0,1
Mouse5,2,83,1,1
Mouse5,2,84,1,1
Mouse5,2,85,1,1
Mouse5,2,86,1,1
Mouse5,2,87,1,1
Mouse5,2,88,1,1
Mouse5,2,89,1,1
Mouse5,2,90,0,1
Mouse5,2,92,1,1
Mouse5,2,93,1,1
Mouse5,2,94,1,1
Mouse5,2,95,0,1
Mouse5,2,97,0,1
Mouse5,2,98,1,1
Mouse5,2,100,0,1
Mouse5,2,102,1,1
Mouse5,2,103,1,1
Mouse5,2,104,1,1
Mouse5,2,105,1,1
Mouse5,2,106,0,1
Mouse5,2,107,1,1
Mouse5,2,108,1,1
Mouse5,2,109,1,1
Mouse5,2,110,0,1
Mouse5,2,111,1,1
Mouse5,2,112,1,1
Mouse5,2,113,0,1
Mouse5,2,114,1,1
Mouse5,2,115,1,1
Mouse5,2,116,1,1
Mouse5,2,117,1,1
Mouse5,2,118,1,1
Mouse5,2,119,0,1
Mouse5,2,120,1,1
Mouse5,2,121,0,1
Mouse5,2,122,0,1
Mouse5,2,123,0,1
Mouse5,2,124,1,1
Mouse5,2,125,0,1
Mouse5,2,126,0,1
Mouse5,2,127,0,1
Mouse5,2,129,1,1
Mouse5,2,130,0,1
Mouse5,2,131,0,1
Mouse5,2,134,0,1
Mouse5,2,135,0,1
Mouse5,2,136,1,1
Mouse5,2,137,0,1
Mouse5,2,138,0,1
Mouse5,2,139,1,1
Mouse5,2,140,0,1
Mouse5,2,141,1,1
Mouse5,2,142,1,1
Mouse5,2,143,1,1
Mouse5,2,144,1,1
Mouse5,2,146,0,1
Mouse5,2,147,0,1
Mouse5,2,148,1,1
Mouse5,2,149,1,1
Mouse5,2,150,1,1
Mouse5,2,151,1,1
Mouse5,2,152,1,1
Mouse5,2,154,0,1
Mouse5,2,155,0,1
Mouse5,2,156,0,1
Mouse5,2,157,0,1
Mouse5,2,158,1,1
Mouse5,2,159,0,1
Mouse5,2,161,0,1
Mouse5,2,162,0,1
Mouse5,2,163,0,1
Mouse5,2,169,0,1
Mouse5,2,170,1,1
Mouse5,2,171,1,1
Mouse5,2,172,1,1
Mouse5,2,173,1,1
Mouse5,2,174,0,1
Mouse5,2,175,0,1
Mouse5,2,176,1,1
Mouse5,2,178,1,1
Mouse5,2,179,0,1
Mouse5,2,180,0,1
Mouse5,2,186,0,1
Mouse5,2,187,0,1
Mouse5,2,188,1,1
Mouse5,2,190,1,1
Mouse5,2,191,1,1
Mouse5,2,192,1,1
Mouse5,2,193,1,1
Mouse5,2,195,0,1
Mouse5,2,196,0,1
Mouse5,2,197,1,1
Mouse5,2,198,0,1
Mouse5,2,199,1,1
Mouse5,2,200,0,1
Mouse5,2,201,1,1
Mouse5,2,202,1,1
Mouse5,2,203,1,1
Mouse5,2,205,0,1
Mouse5,2,207,1,1
Mouse5,2,208,1,1
Mouse5,2,209,0,1
Mouse5,2,212,0,1
Mouse5,2,215,1,1
Mouse5,2,218,0,1
Mouse5,2,219,0,1
Mouse5,2,220,1,1
Mouse5,2,221,1,1
Mouse5,2,222,1,1
Mouse5,2,223,1,1
Mouse5,2,224,1,1
Mouse5,2,227,1,1
Mouse5,2,228,0,1
Mouse5,2,229,0,1
Mouse5,2,230,1,1
Mouse5,2,231,0,1
Mouse5,2,232,0,1
Mouse5,2,233,0,1
Mouse5,2,234,1,1
Mouse5,2,235,1,1
Mouse5,2,236,1,1
Mouse5,2,237,0,1
Mouse5,2,238,1,1
Mouse5,2,239,1,1
Mouse5,2,240,1,1
Mouse5,2,241,0,1
Mouse5,2,243,0,1
Mouse5,2,244,1,1
Mouse5,2,245,1,1
Mouse5,2,246,1,1
Mouse5,2,247,1,1
Mouse5,2,248,1,1
Mouse5,2,249,1,1
Mouse5,2,250,0,1
Mouse5,2,251,1,1
Mouse5,2,252,1,1
Mouse5,2,253,0,1
Mouse5,2,255,0,1
Mouse5,2,259,1,1
Mouse5,2,262,0,1
Mouse5,2,263,0,1
Mouse5,2,264,0,1
Mouse5,3,2,1,1
Mouse5,3,3,0,1
Mouse5,3,4,1,1
Mouse5,3,5,1,1
Mouse5,3,7,1,1
Mouse5,3,8,1,1
Mouse5,3,9,0,1
Mouse5,3,10,0,1
Mouse5,3,13,1,1
Mouse5,3,14,1,1
Mouse5,3,15,1,1
Mouse5,3,16,0,1
Mouse5,3,18,0,1
Mouse5,3,20,1,1
Mouse5,3,21,0,1
Mouse5,3,22,1,1
Mouse5,3,23,1,1
Mouse5,3,24,1,1
Mouse5,3,25,1,1
Mouse5,3,26,1,1
Mouse5,3,27,0,1
Mouse5,3,28,1,1
Mouse5,3,29,1,1
Mouse5,3,30,1,1
Mouse5,3,31,0,1
Mouse5,3,32,0,1
Mouse5,3,33,0,1
Mouse5,3,37,0,1
Mouse5,3,38,1,1
Mouse5,3,39,1,1
Mouse5,3,41,1,1
Mouse5,3,44,0,1
Mouse5,3,46,0,1
Mouse5,3,47,1,1
Mouse5,3,51,0,1
Mouse5,3,53,1,1
Mouse5,3,56,1,1
Mouse5,3,57,0,1
Mouse5,3,58,1,1
Mouse5,3,59,1,1
Mouse5,3,60,1,1
Mouse5,3,61,0,1
Mouse5,3,63,1,1
Mouse5,3,64,1,1
Mouse5,3,65,1,1
Mouse5,3,66,1,1
Mouse5,3,67,1,1
Mouse5,3,68,1,1
Mouse5,3,69,0,1
Mouse5,3,70,1,1
Mouse5,3,71,0,1
Mouse5,3,72,0,1
Mouse5,3,73,0,1
Mouse5,3,74,1,1
Mouse5,3,75,1,1
Mouse5,3,76,1,1
Mouse5,3,77,1,1
Mouse5,3,78,1,1
Mouse5,3,79,1,1
Mouse5,3,80,1,1
Mouse5,3,81,0,1
Mouse5,3,82,0,1
Mouse5,3,83,1,1
Mouse5,3,84,0,1
Mouse5,3,85,0,1
Mouse5,3,86,0,1
Mouse5,3,87,0,1
Mouse5,3,89,1,1
Mouse5,3,90,1,1
Mouse5,3,91,1,1
Mouse5,3,92,1,1
Mouse5,3,93,0,1
Mouse5,3,94,0,1
Mouse5,3,95,0,1
Mouse5,3,97,0,1
Mouse5,3,98,1,1
Mouse5,3,99,1,1
Mouse5,3,100,0,1
Mouse5,3,101,0,1
Mouse5,3,102,1,1
Mouse5,3,103,1,1
Mouse5,3,106,1,1
Mouse5,3,107,0,1
Mouse5,3,110,1,1
Mouse5,3,111,1,1
Mouse5,3,112,0,1
Mouse5,3,113,1,1
Mouse5,3,114,1,1
Mouse5,3,115,0,1
Mouse5,3,116,0,1
Mouse5,3,117,0,1
Mouse5,3,118,0,1
Mouse5,3,119,0,1
Mouse5,3,120,0,1
Mouse5,3,121,0,1
Mouse5,3,123,1,1
Mouse5,3,124,1,1
Mouse5,3,125,1,1
Mouse5,3,126,1,1
Mouse5,3,128,1,1
Mouse5,3,129,1,1
Mouse5,3,130,0,1
Mouse5,3,132,0,1
Mouse5,3,133,1,1
Mouse5,3,134,1,1
Mouse5,3,135,1,1
Mouse5,3,137,1,1
Mouse5,3,138,1,1
Mouse5,3,139,0,1
Mouse5,3,141,1,1
Mouse5,3,143,0,1
Mouse5,3,144,0,1
Mouse5,3,148,0,1
Mouse5,3,149,0,1
Mouse5,3,151,1,1
Mouse5,3,152,1,1
Mouse5,3,153,0,1
Mouse5,3,154,1,1
Mouse5,3,156,1,1
Mouse5,3,157,1,1
Mouse5,3,158,1,1
Mouse5,3,159,0,1
Mouse5,3,160,0,1
Mouse5,3,161,1,1
Mouse5,3,162,0,1
Mouse5,3,163,0,1
Mouse5,3,164,1,1
Mouse5,3,165,0,1
Mouse5,3,166,1,1
Mouse5,3,168,0,1
Mouse5,3,169,0,1
Mouse5,3,170,0,1
Mouse5,3,171,1,1
Mouse5,3,174,1,1
Mouse5,3,175,1,1
Mouse5,3,176,1,1
Mouse5,3,177,1,1
Mouse5,3,178,0,1
Mouse5,3,179,0,1
Mouse5,3,180,0,1
Mouse5,3,181,1,1
Mouse5,3,182,1,1
Mouse5,3,183,0,1
Mouse5,3,184,1,1
Mouse5,3,185,1,1
Mouse5,3,187,0,1
Mouse5,3,188,1,1
Mouse5,3,189,0,1
Mouse5,3,190,0,1
Mouse5,3,192,0,1
Mouse5,3,193,0,1
Mouse5,3,194,0,1
Mouse5,3,195,1,1
Mouse5,3,196,0,1
Mouse5,3,197,0,1
Mouse5,3,201,1,1
Mouse5,3,203,1,1
Mouse5,3,204,1,1
Mouse5,3,205,1,1
Mouse5,3,206,0,1
Mouse5,3,207,1,1
Mouse5,3,208,0,1
Mouse5,3,210,1,1
Mouse5,3,211,1,1
Mouse5,3,212,0,1
Mouse5,3,214,1,1
Mouse5,3,215,1,1
Mouse5,3,217,0,1
Mouse5,3,218,0,1
Mouse5,3,219,0,1
Mouse5,3,222,1,1
Mouse5,3,223,1,1
Mouse5,3,224,0,1
Mouse5,3,225,1,1
Mouse5,3,226,0,1
Mouse5,3,227,1,1
Mouse5,3,228,1,1
Mouse5,3,229,0,1
Mouse5,3,230,0,1
Mouse5,3,231,0,1
Mouse5,3,233,1,1
Mouse5,3,234,0,1
Mouse5,3,235,1,1
Mouse5,3,236,1,1
Mouse5,3,237,1,1
Mouse5,3,239,1,1
Mouse5,3,240,0,1
Mouse5,3,244,0,1
Mouse5,3,248,0,1
Mouse5,3,252,0,1
Mouse5,3,253,1,1
Mouse5,3,254,1,1
Mouse5,3,255,0,1
Mouse5,3,257,1,1
Mouse6,1,2,1,1
Mouse6,1,3,1,1
Mouse6,1,4,1,1
Mouse6,1,5,1,1
Mouse6,1,6,1,1
Mouse6,1,7,1,1
Mouse6,1,8,1,1
Mouse6,1,9,0,1
Mouse6,1,10,0,1
Mouse6,1,11,1,1
Mouse6,1,12,0,1
Mouse6,1,14,0,1
Mouse6,1,15,1,1
Mouse6,1,16,0,1
Mouse6,1,18,0,1
Mouse6,1,19,0,1
Mouse6,1,20,0,1
Mouse6,1,21,0,1
Mouse6,1,23,0,1
Mouse6,1,24,1,1
Mouse6,1,25,1,1
Mouse6,1,26,1,1
Mouse6,1,27,0,1
Mouse6,1,29,0,1
Mouse6,1,32,0,1
Mouse6,1,36,1,1
Mouse6,1,39,1,1
Mouse6,1,40,1,1
Mouse6,1,41,1,1
Mouse6,1,42,1,1
Mouse6,1,43,0,1
Mouse6,1,44,0,1
Mouse6,1,45,0,1
Mouse6,1,46,0,1
Mouse6,1,47,1,1
Mouse6,1,48,1,1
Mouse6,1,50,1,1
Mouse6,1,51,1,1
Mouse6,1,53,1,1
Mouse6,1,54,0,1
Mouse6,1,56,0,1
Mouse6,1,58,0,1
Mouse6,1,60,1,1
Mouse6,1,61,1,1
Mouse6,1,62,0,1
Mouse6,1,63,0,1
Mouse6,1,66,0,1
Mouse6,1,67,0,1
Mouse6,1,69,1,1
Mouse6,1,70,1,1
Mouse6,1,71,1,1
Mouse6,1,72,1,1
Mouse6,1,73,0,1
Mouse6,1,74,1,1
Mouse6,1,75,1,1
Mouse6,1,76,0,1
Mouse6,1,77,1,1
Mouse6,1,78,0,1
Mouse6,1,79,1,1
Mouse6,1,80,1,1
Mouse6,1,81,1,1
Mouse6,1,82,0,1
Mouse6,1,84,0,1
Mouse6,1,86,0,1
Mouse6,1,87,0,1
Mouse6,1,90,0,1
Mouse6,1,91,1,1
Mouse6,1,93,1,1
Mouse6,1,94,1,1
Mouse6,1,95,1,1
Mouse6,1,96,0,1
Mouse6,1,99,1,1
Mouse6,1,100,1,1
Mouse6,1,101,0,1
Mouse6,1,102,0,1
Mouse6,1,105,1,1
Mouse6,1,106,1,1
Mouse6,1,107,1,1
Mouse6,1,108,0,1
Mouse6,1,112,1,1
Mouse6,1,113,1,1
Mouse6,1,114,1,1
Mouse6,1,115,1,1
Mouse6,1,116,0,1
Mouse6,1,117,0,1
Mouse6,1,118,1,1
Mouse6,1,119,1,1
Mouse6,1,120,1,1
Mouse6,1,121,1,1
Mouse6,1,125,1,1
Mouse6,1,127,1,1
Mouse6,1,129,0,1
Mouse6,1,130,1,1
Mouse6,1,132,1,1
Mouse6,1,133,1,1
Mouse6,1,135,0,1
Mouse6,1,139,0,1
Mouse6,1,142,1,1
Mouse6,1,143,1,1
Mouse6,1,144,1,1
Mouse6,1,145,0,1
Mouse6,1,146,1,1
Mouse6,1,147,1,1
Mouse6,1,148,0,1
Mouse6,1,149,0,1
Mouse6,1,150,1,1
Mouse6,1,151,1,1
Mouse6,1,152,1,1
Mouse6,1,153,1,1
Mouse6,1,154,1,1
Mouse6,1,155,1,1
Mouse6,1,156,1,1
Mouse6,1,157,0,1
Mouse6,1,159,0,1
Mouse6,1,160,0,1
Mouse6,1,162,1,1
Mouse6,1,166,0,1
Mouse6,1,169,1,1
Mouse6,1,170,1,1
Mouse6,1,171,1,1
Mouse6,1,173,0,1
Mouse6,1,175,1,1
Mouse6,1,176,1,1
Mouse6,1,177,0,1
Mouse6,1,178,0,1
Mouse6,1,179,0,1
Mouse6,1,181,0,1
Mouse6,1,182,1,1
Mouse6,1,183,0,1
Mouse6,1,184,0,1
Mouse6,1,187,0,1
Mouse6,1,189,0,1
Mouse6,1,193,1,1
Mouse6,1,196,1,1
Mouse6,1,197,1,1
Mouse6,1,199,0,1
Mouse6,1,200,0,1
Mouse6,1,201,0,1
Mouse6,1,202,0,1
Mouse6,1,203,0,1
Mouse6,1,204,1,1
Mouse6,1,205,0,1
Mouse6,1,206,0,1
Mouse6,1,207,1,1
Mouse6,1,208,1,1
Mouse6,1,209,1,1
Mouse6,1,210,1,1
Mouse6,1,211,1,1
Mouse6,1,212,1,1
Mouse6,1,214,0,1
Mouse6,1,215,0,1
Mouse6,1,216,1,1
Mouse6,1,218,1,1
Mouse6,1,219,1,1
Mouse6,1,220,1,1
Mouse6,1,221,1,1
Mouse6,1,222,1,1
Mouse6,1,223,0,1
Mouse6,1,224,1,1
Mouse6,1,225,1,1
Mouse6,1,226,1,1
Mouse6,1,228,1,1
Mouse6,1,231,0,1
Mouse6,1,234,1,1
Mouse6,1,235,1,1
Mouse6,1,236,1,1
Mouse6,1,237,0,1
Mouse6,1,239,0,1
Mouse6,1,240,1,1
Mouse6,1,242,0,1
Mouse6,1,243,1,1
Mouse6,1,244,1,1
Mouse6,1,248,1,1
Mouse6,1,252,1,1
Mouse6,1,257,1,1
Mouse6,1,261,0,1
Mouse6,1,262,0,1
Mouse6,1,263,0,1
Mouse6,1,264,0,1
Mouse6,1,265,0,1
Mouse6,1,266,0,1
Mouse6,1,269,1,1
Mouse6,1,270,1,1
Mouse6,1,271,1,1
Mouse6,1,272,1,1
Mouse6,1,273,0,1
Mouse6,1,274,1,1
Mouse6,2,2,1,1
Mouse6,2,3,1,1
Mouse6,2,4,0,1
Mouse6,2,7,1,1
Mouse6,2,8,1,1
Mouse6,2,9,1,1
Mouse6,2,10,1,1
Mouse6,2,11,1,1
Mouse6,2,12,1,1
Mouse6,2,13,0,1
Mouse6,2,14,1,1
Mouse6,2,15,0,1
Mouse6,2,16,1,1
Mouse6,2,17,0,1
Mouse6,2,18,0,1
Mouse6,2,19,0,1
Mouse6,2,24,0,1
Mouse6,2,26,0,1
Mouse6,2,28,0,1
Mouse6,2,30,1,1
Mouse6,2,31,1,1
Mouse6,2,32,1,1
Mouse6,2,33,1,1
Mouse6,2,34,0,1
Mouse6,2,35,0,1
Mouse6,2,37,1,1
Mouse6,2,38,0,1
Mouse6,2,40,1,1
Mouse6,2,41,1,1
Mouse6,2,42,1,1
Mouse6,2,43,1,1
Mouse6,2,44,0,1
Mouse6,2,45,1,1
Mouse6,2,46,1,1
Mouse6,2,47,1,1
Mouse6,2,48,1,1
Mouse6,2,49,1,1
Mouse6,2,52,0,1
Mouse6,2,53,1,1
Mouse6,2,55,1,1
Mouse6,2,57,1,1
Mouse6,2,58,1,1
Mouse6,2,59,1,1
Mouse6,2,60,0,1
Mouse6,2,61,0,1
Mouse6,2,63,0,1
Mouse6,2,64,1,1
Mouse6,2,65,0,1
Mouse6,2,66,0,1
Mouse6,2,70,1,1
Mouse6,2,71,0,1
Mouse6,2,73,0,1
Mouse6,2,74,0,1
Mouse6,2,76,1,1
Mouse6,2,77,1,1
Mouse6,2,78,1,1
Mouse6,2,79,1,1
Mouse6,2,80,0,1
Mouse6,2,81,0,1
Mouse6,2,82,1,1
Mouse6,2,83,1,1
Mouse6,2,84,1,1
Mouse6,2,87,0,1
Mouse6,2,88,1,1
Mouse6,2,90,1,1
Mouse6,2,91,1,1
Mouse6,2,94,1,1
Mouse6,2,95,1,1
Mouse6,2,96,1,1
Mouse6,2,98,0,1
Mouse6,2,99,0,1
Mouse6,2,102,1,1
Mouse6,2,103,1,1
Mouse6,2,104,1,1
Mouse6,2,105,1,1
Mouse6,2,106,1,1
Mouse6,2,107,1,1
Mouse6,2,108,1,1
Mouse6,2,109,1,1
Mouse6,2,111,1,1
Mouse6,2,113,0,1
Mouse6,2,121,1,1
Mouse6,2,122,1,1
Mouse6,2,123,1,1
Mouse6,2,124,1,1
Mouse6,2,125,1,1
Mouse6,2,126,0,1
Mouse6,2,127,1,1
Mouse6,2,128,1,1
Mouse6,2,129,0,1
Mouse6,2,131,1,1
Mouse6,2,132,1,1
Mouse6,2,133,0,1
Mouse6,2,135,1,1
Mouse6,2,136,1,1
Mouse6,2,137,0,1
Mouse6,2,138,1,1
Mouse6,2,139,1,1
Mouse6,2,140,1,1
Mouse6,2,142,0,1
Mouse6,2,144,0,1
Mouse6,2,147,1,1
Mouse6,2,148,1,1
Mouse6,2,149,0,1
Mouse6,2,150,1,1
Mouse6,2,151,0,1
Mouse6,2,152,0,1
Mouse6,2,153,1,1
Mouse6,2,154,1,1
Mouse6,2,155,1,1
Mouse6,2,156,1,1
Mouse6,2,161,1,1
Mouse6,2,162,1,1
Mouse6,2,163,1,1
Mouse6,2,165,1,1
Mouse6,2,166,1,1
Mouse6,2,167,1,1
Mouse6,2,168,0,1
Mouse6,2,170,0,1
Mouse6,2,171,1,1
Mouse6,2,172,0,1
Mouse6,2,174,0,1
Mouse6,2,175,0,1
Mouse6,2,176,1,1
Mouse6,2,178,1,1
Mouse6,2,179,0,1
Mouse6,2,180,0,1
Mouse6,2,182,1,1
Mouse6,2,183,1,1
Mouse6,2,184,0,1
Mouse6,2,185,0,1
Mouse6,2,186,0,1
Mouse6,2,187,1,1
Mouse6,2,188,1,1
Mouse6,2,189,1,1
Mouse6,2,190,1,1
Mouse6,2,191,1,1
Mouse6,2,192,1,1
Mouse6,2,193,1,1
Mouse6,2,194,1,1
Mouse6,2,195,1,1
Mouse6,2,196,1,1
Mouse6,2,197,0,1
Mouse6,2,198,1,1
Mouse6,2,199,0,1
Mouse6,2,200,1,1
Mouse6,2,201,1,1
Mouse6,2,207,1,1
Mouse6,2,209,0,1
Mouse6,2,210,0,1
Mouse6,2,211,0,1
Mouse6,2,212,1,1
Mouse6,2,213,1,1
Mouse6,2,214,1,1
Mouse6,2,216,0,1
Mouse6,2,217,0,1
Mouse6,2,219,1,1
Mouse6,2,220,0,1
Mouse6,2,221,1,1
Mouse6,2,223,0,1
Mouse6,2,225,0,1
Mouse6,2,226,0,1
Mouse6,2,227,1,1
Mouse6,2,229,0,1
Mouse6,2,232,0,1
Mouse6,2,233,0,1
Mouse6,2,234,0,1
Mouse6,2,235,0,1
Mouse6,2,236,0,1
Mouse6,2,238,0,1
Mouse6,2,239,0,1
Mouse6,2,241,1,1
Mouse6,2,242,1,1
Mouse6,2,243,0,1
Mouse6,2,244,1,1
Mouse6,2,245,1,1
Mouse6,2,246,1,1
Mouse6,2,247,1,1
Mouse6,2,248,0,1
Mouse6,2,250,1,1
Mouse6,2,252,0,1
Mouse6,3,2,1,1
Mouse6,3,3,1,1
Mouse6,3,4,0,1
Mouse6,3,6,1,1
Mouse6,3,7,1,1
Mouse6,3,8,1,1
Mouse6,3,9,0,1
Mouse6,3,10,0,1
Mouse6,3,11,0,1
Mouse6,3,15,0,1
Mouse6,3,17,1,1
Mouse6,3,18,0,1
Mouse6,3,20,0,1
Mouse6,3,21,1,1
Mouse6,3,22,1,1
Mouse6,3,23,1,1
Mouse6,3,24,1,1
Mouse6,3,25,1,1
Mouse6,3,26,1,1
Mouse6,3,27,0,1
Mouse6,3,29,1,1
Mouse6,3,30,1,1
Mouse6,3,31,1,1
Mouse6,3,32,0,1
Mouse6,3,34,1,1
Mouse6,3,36,1,1
Mouse6,3,37,1,1
Mouse6,3,38,1,1
Mouse6,3,39,1,1
Mouse6,3,40,1,1
Mouse6,3,41,0,1
Mouse6,3,42,1,1
Mouse6,3,43,1,1
Mouse6,3,44,1,1
Mouse6,3,45,1,1
Mouse6,3,46,1,1
Mouse6,3,47,1,1
Mouse6,3,48,1,1
Mouse6,3,49,1,1
Mouse6,3,51,1,1
Mouse6,3,52,1,1
Mouse6,3,54,1,1
Mouse6,3,55,0,1
Mouse6,3,56,0,1
Mouse6,3,57,0,1
Mouse6,3,58,0,1
Mouse6,3,59,1,1
Mouse6,3,61,0,1
Mouse6,3,62,1,1
Mouse6,3,64,0,1
Mouse6,3,66,1,1
Mouse6,3,67,1,1
Mouse6,3,68,1,1
Mouse6,3,69,0,1
Mouse6,3,71,1,1
Mouse6,3,72,1,1
Mouse6,3,73,1,1
Mouse6,3,74,0,1
Mouse6,3,76,0,1
Mouse6,3,77,0,1
Mouse6,3,78,0,1
Mouse6,3,79,0,1
Mouse6,3,80,0,1
Mouse6,3,85,0,1
Mouse6,3,86,0,1
Mouse6,3,87,1,1
Mouse6,3,88,1,1
Mouse6,3,89,1,1
Mouse6,3,90,0,1
Mouse6,3,92,0,1
Mouse6,3,93,1,1
Mouse6,3,94,0,1
Mouse6,3,95,1,1
Mouse6,3,96,1,1
Mouse6,3,97,1,1
Mouse6,3,98,0,1
Mouse6,3,99,1,1
Mouse6,3,100,1,1
Mouse6,3,101,0,1
Mouse6,3,103,1,1
Mouse6,3,104,0,1
Mouse6,3,105,0,1
Mouse6,3,106,1,1
Mouse6,3,108,0,1
Mouse6,3,109,1,1
Mouse6,3,111,1,1
Mouse6,3,112,1,1
Mouse6,3,113,1,1
Mouse6,3,114,1,1
Mouse6,3,115,1,1
Mouse6,3,116,0,1
Mouse6,3,118,0,1
Mouse6,3,119,1,1
Mouse6,3,120,0,1
Mouse6,3,121,1,1
Mouse6,3,122,1,1
Mouse6,3,123,1,1
Mouse6,3,124,1,1
Mouse6,3,125,0,1
Mouse6,3,126,0,1
Mouse6,3,129,0,1
Mouse6,3,130,0,1
Mouse6,3,132,0,1
Mouse6,3,133,0,1
Mouse6,3,135,0,1
Mouse6,3,136,0,1
Mouse6,3,139,0,1
Mouse6,3,140,0,1
Mouse6,3,144,1,1
Mouse6,3,145,1,1
Mouse6,3,146,1,1
Mouse6,3,147,0,1
Mouse6,3,149,1,1
Mouse6,3,150,1,1
Mouse6,3,151,1,1
Mouse6,3,152,0,1
Mouse6,3,153,0,1
Mouse6,3,154,0,1
Mouse6,3,155,0,1
Mouse6,3,156,0,1
Mouse6,3,157,0,1
Mouse6,3,158,0,1
Mouse6,3,164,1,1
Mouse6,3,165,0,1
Mouse6,3,166,1,1
Mouse6,3,167,0,1
Mouse6,3,168,1,1
Mouse6,3,169,1,1
Mouse6,3,170,1,1
Mouse6,3,171,1,1
Mouse6,3,172,1,1
Mouse6,3,173,1,1
Mouse6,3,174,0,1
Mouse6,3,176,0,1
Mouse6,3,178,0,1
Mouse6,3,179,1,1
Mouse6,3,180,1,1
Mouse6,3,181,1,1
Mouse6,3,183,1,1
Mouse6,3,184,1,1
Mouse6,3,185,0,1
Mouse6,3,186,1,1
Mouse6,3,187,1,1
Mouse6,3,188,1,1
Mouse6,3,191,1,1
Mouse6,3,192,1,1
Mouse6,3,193,1,1
Mouse6,3,196,0,1
Mouse6,3,198,1,1
Mouse6,3,199,1,1
Mouse6,3,200,1,1
Mouse6,3,201,1,1
Mouse6,3,202,1,1
Mouse6,3,203,0,1
Mouse6,3,204,0,1
Mouse6,3,205,0,1
Mouse6,3,207,0,1
Mouse6,3,208,1,1
Mouse6,3,210,1,1
Mouse6,3,211,1,1
Mouse6,3,212,0,1
Mouse6,3,213,1,1
Mouse6,3,214,1,1
Mouse6,3,215,1,1
Mouse6,3,216,1,1
Mouse6,3,217,1,1
Mouse6,3,218,0,1
Mouse6,3,219,0,1
Mouse6,3,223,1,1
Mouse6,3,224,1,1
Mouse6,3,225,1,1
Mouse6,3,226,1,1
Mouse6,3,227,0,1
Mouse6,3,228,0,1
Mouse6,3,230,1,1
Mouse6,3,231,1,1
Mouse6,3,232,1,1
Mouse6,3,234,0,1
Mouse6,3,235,0,1
Mouse6,3,237,0,1
Mouse6,3,239,0,1
Mouse6,3,240,1,1
Mouse6,3,241,0,1
Mouse6,3,242,1,1
Mouse6,3,243,0,1
Mouse6,3,244,0,1
Mouse6,3,245,1,1
Mouse6,3,246,1,1
Mouse6,3,247,0,1
Mouse6,3,248,0,1
Mouse6,3,250,1,1
Mouse6,3,251,0,1
Mouse6,3,253,1,1
Mouse6,3,254,1,1
Mouse6,3,255,1,1
Mouse6,3,256,1,1
Mouse6,3,257,0,1
Mouse6,3,258,0,1
Mouse6,3,260,0,1
Mouse6,3,261,0,1
Mouse6,3,262,0,1
Mouse6,3,267,1,1
Mouse6,3,268,1,1
Mouse6,3,269,1,1
Mouse6,3,270,0,1
Mouse6,3,271,1,1
Mouse7,1,3,1,1
Mouse7,1,4,0,1
Mouse7,1,7,0,1
Mouse7,1,8,0,1
Mouse7,1,9,1,1
Mouse7,1,11,0,1
Mouse7,1,12,1,1
Mouse7,1,13,1,1
Mouse7,1,14,1,1
Mouse7,1,15,1,1
Mouse7,1,16,1,1
Mouse7,1,18,1,1
Mouse7,1,21,1,1
Mouse7,1,22,0,1
Mouse7,1,23,1,1
Mouse7,1,26,0,1
Mouse7,1,27,1,1
Mouse7,1,33,0,1
Mouse7,1,40,0,1
Mouse7,1,43,0,1
Mouse7,1,44,0,1
Mouse7,1,48,0,1
Mouse7,1,50,0,1
Mouse7,1,51,1,1
Mouse7,1,53,1,1
Mouse7,1,55,1,1
Mouse7,1,57,1,1
Mouse7,1,60,0,1
Mouse7,1,62,1,1
Mouse7,1,63,1,1
Mouse7,1,64,1,1
Mouse7,1,65,1,1
Mouse7,1,66,0,1
Mouse7,1,68,1,1
Mouse7,1,69,0,1
Mouse7,1,70,0,1
Mouse7,1,79,1,1
Mouse7,1,82,0,1
Mouse7,1,83,0,1
Mouse7,1,84,1,1
Mouse7,1,85,0,1
Mouse7,1,86,0,1
Mouse7,1,87,1,1
Mouse7,1,88,1,1
Mouse7,1,89,0,1
Mouse7,1,90,1,1
Mouse7,1,91,0,1
Mouse7,1,92,1,1
Mouse7,1,93,0,1
Mouse7,1,94,0,1
Mouse7,1,95,1,1
Mouse7,1,96,1,1
Mouse7,1,97,1,1
Mouse7,1,98,0,1
Mouse7,1,99,1,1
Mouse7,1,101,0,1
Mouse7,1,105,1,1
Mouse7,1,106,0,1
Mouse7,1,108,1,1
Mouse7,1,110,0,1
Mouse7,1,111,1,1
Mouse7,1,112,1,1
Mouse7,1,118,0,1
Mouse7,1,128,0,1
Mouse7,1,130,1,1
Mouse7,1,133,1,1
Mouse7,1,135,1,1
Mouse7,1,136,1,1
Mouse7,1,137,0,1
Mouse7,1,138,0,1
Mouse7,1,142,1,1
Mouse7,1,143,1,1
Mouse7,1,144,1,1
Mouse7,1,145,1,1
Mouse7,1,148,1,1
Mouse7,1,150,1,1
Mouse7,1,151,1,1
Mouse7,1,152,1,1
Mouse7,1,153,1,1
Mouse7,1,156,0,1
Mouse7,1,158,1,1
Mouse7,1,160,0,1
Mouse7,1,161,1,1
Mouse7,1,162,1,1
Mouse7,1,163,1,1
Mouse7,1,164,1,1
Mouse7,1,165,1,1
Mouse7,1,166,0,1
Mouse7,1,167,0,1
Mouse7,1,168,0,1
Mouse7,1,169,1,1
Mouse7,1,170,1,1
Mouse7,1,172,1,1
Mouse7,1,173,0,1
Mouse7,1,175,1,1
Mouse7,1,176,1,1
Mouse7,1,177,0,1
Mouse7,1,178,1,1
Mouse7,1,180,1,1
Mouse7,1,181,1,1
Mouse7,1,182,0,1
Mouse7,2,5,0,1
Mouse7,2,6,0,1
Mouse7,2,7,1,1
Mouse7,2,12,1,1
Mouse7,2,14,1,1
Mouse7,2,15,1,1
Mouse7,2,16,1,1
Mouse7,2,17,1,1
Mouse7,2,18,1,1
Mouse7,2,19,1,1
Mouse7,2,20,0,1
Mouse7,2,22,0,1
Mouse7,2,23,1,1
Mouse7,2,24,0,1
Mouse7,2,25,1,1
Mouse7,2,26,0,1
Mouse7,2,27,1,1
Mouse7,2,28,1,1
Mouse7,2,30,1,1
Mouse7,2,31,0,1
Mouse7,2,32,1,1
Mouse7,2,33,0,1
Mouse7,2,35,0,1
Mouse7,2,37,1,1
Mouse7,2,38,0,1
Mouse7,2,39,1,1
Mouse7,2,42,0,1
Mouse7,2,46,1,1
Mouse7,2,47,1,1
Mouse7,2,48,0,1
Mouse7,2,49,1,1
Mouse7,2,50,0,1
Mouse7,2,51,0,1
Mouse7,2,52,1,1
Mouse7,2,54,0,1
Mouse7,2,55,0,1
Mouse7,2,56,1,1
Mouse7,2,60,1,1
Mouse7,2,63,0,1
Mouse7,2,64,0,1
Mouse7,2,65,1,1
Mouse7,2,66,1,1
Mouse7,2,67,0,1
Mouse7,2,68,1,1
Mouse7,2,77,0,1
Mouse7,2,78,1,1
Mouse7,2,79,0,1
Mouse7,2,80,0,1
Mouse7,2,82,1,1
Mouse7,2,83,1,1
Mouse7,2,84,1,1
Mouse7,2,85,1,1
Mouse7,2,86,0,1
Mouse7,2,88,1,1
Mouse7,2,89,0,1
Mouse7,2,91,1,1
Mouse7,2,92,1,1
Mouse7,2,93,1,1
Mouse7,2,94,0,1
Mouse7,2,95,1,1
Mouse7,2,96,1,1
Mouse7,2,97,1,1
Mouse7,2,98,1,1
Mouse7,2,99,0,1
Mouse7,2,101,0,1
Mouse7,2,103,0,1
Mouse7,2,104,1,1
Mouse7,2,106,0,1
Mouse7,2,107,0,1
Mouse7,2,110,1,1
Mouse7,2,111,1,1
Mouse7,2,112,1,1
Mouse7,2,115,1,1
Mouse7,2,116,1,1
Mouse7,2,117,0,1
Mouse7,2,118,0,1
Mouse7,2,120,0,1
Mouse7,2,121,1,1
Mouse7,2,122,1,1
Mouse7,2,130,0,1
Mouse7,2,131,1,1
Mouse7,2,132,0,1
Mouse7,2,133,1,1
Mouse7,2,134,0,1
Mouse7,2,135,1,1
Mouse7,2,136,1,1
Mouse7,2,137,0,1
Mouse7,2,140,0,1
Mouse7,2,141,1,1
Mouse7,2,142,0,1
Mouse7,2,143,0,1
Mouse7,2,145,0,1
Mouse7,2,146,1,1
Mouse7,2,147,0,1
Mouse7,2,151,0,1
Mouse7,2,152,1,1
Mouse7,2,154,1,1
Mouse7,2,156,0,1
Mouse7,2,157,1,1
Mouse7,2,160,1,1
Mouse7,2,162,1,1
Mouse7,2,163,0,1
Mouse7,2,165,0,1
Mouse7,2,167,0,1
Mouse7,2,168,0,1
Mouse7,2,169,1,1
Mouse7,2,171,0,1
Mouse7,2,172,0,1
Mouse7,2,173,0,1
Mouse7,2,175,1,1
Mouse7,2,176,0,1
Mouse7,2,177,1,1
Mouse7,2,178,0,1
Mouse7,2,179,0,1
Mouse7,2,180,1,1
Mouse7,2,181,0,1
Mouse7,2,184,1,1
Mouse7,2,185,1,1
Mouse7,2,186,0,1
Mouse7,2,187,0,1
Mouse7,2,190,1,1
Mouse7,2,191,1,1
Mouse7,2,193,0,1
Mouse7,2,194,1,1
Mouse7,2,195,1,1
Mouse7,2,197,1,1
Mouse7,3,4,1,1
Mouse7,3,5,1,1
Mouse7,3,6,0,1
Mouse7,3,7,1,1
Mouse7,3,8,0,1
Mouse7,3,9,0,1
Mouse7,3,10,0,1
Mouse7,3,11,1,1
Mouse7,3,12,1,1
Mouse7,3,13,1,1
Mouse7,3,14,0,1
Mouse7,3,16,0,1
Mouse7,3,17,1,1
Mouse7,3,18,0,1
Mouse7,3,19,1,1
Mouse7,3,21,1,1
Mouse7,3,22,1,1
Mouse7,3,23,0,1
Mouse7,3,24,0,1
Mouse7,3,25,1,1
Mouse7,3,28,1,1
Mouse7,3,29,0,1
Mouse7,3,33,1,1
Mouse7,3,35,1,1
Mouse7,3,36,0,1
Mouse7,3,37,0,1
Mouse7,3,38,0,1
Mouse7,3,39,1,1
Mouse7,3,40,1,1
Mouse7,3,41,0,1
Mouse7,3,42,0,1
Mouse7,3,43,0,1
Mouse7,3,45,0,1
Mouse7,3,46,1,1
Mouse7,3,48,0,1
Mouse7,3,51,0,1
Mouse7,3,52,1,1
Mouse7,3,54,1,1
Mouse7,3,55,0,1
Mouse7,3,56,1,1
Mouse7,3,57,1,1
Mouse7,3,58,1,1
Mouse7,3,62,0,1
Mouse7,3,63,1,1
Mouse7,3,64,1,1
Mouse7,3,65,1,1
Mouse7,3,66,0,1
Mouse7,3,67,0,1
Mouse7,3,71,1,1
Mouse7,3,78,1,1
Mouse7,3,80,1,1
Mouse7,3,81,1,1
Mouse7,3,85,1,1
Mouse7,3,87,1,1
Mouse7,3,88,1,1
Mouse7,3,89,1,1
Mouse7,3,91,1,1
Mouse7,3,94,0,1
Mouse7,3,97,1,1
Mouse7,3,99,1,1
Mouse7,3,100,1,1
Mouse7,3,101,1,1
Mouse7,3,103,0,1
Mouse7,3,105,0,1
Mouse7,3,106,0,1
Mouse7,3,107,1,1
Mouse7,3,108,1,1
Mouse7,3,109,0,1
Mouse7,3,110,1,1
Mouse7,3,112,1,1
Mouse7,3,113,0,1
Mouse7,3,114,1,1
Mouse7,3,116,1,1
Mouse7,3,117,1,1
Mouse7,3,121,1,1
Mouse7,3,125,1,1
Mouse8,1,2,1,2
Mouse8,1,3,0,2
Mouse8,1,5,1,2
Mouse8,1,6,1,2
Mouse8,1,7,1,2
Mouse8,1,8,1,2
Mouse8,1,9,1,2
Mouse8,1,10,1,2
Mouse8,1,11,1,2
Mouse8,1,12,0,2
Mouse8,1,13,0,2
Mouse8,1,14,0,2
Mouse8,1,15,1,2
Mouse8,1,16,0,2
Mouse8,1,17,1,2
Mouse8,1,18,1,2
Mouse8,1,19,1,2
Mouse8,1,20,1,2
Mouse8,1,21,1,2
Mouse8,1,22,0,2
Mouse8,1,23,0,2
Mouse8,1,24,1,2
Mouse8,1,25,0,2
Mouse8,1,26,1,2
Mouse8,1,27,1,2
Mouse8,1,28,1,2
Mouse8,1,29,1,2
Mouse8,1,32,0,2
Mouse8,1,34,1,2
Mouse8,1,35,0,2
Mouse8,1,38,0,2
Mouse8,1,39,0,2
Mouse8,1,40,1,2
Mouse8,1,41,1,2
Mouse8,1,42,0,2
Mouse8,1,45,0,2
Mouse8,1,47,0,2
Mouse8,1,51,0,2
Mouse8,1,52,1,2
Mouse8,1,55,0,2
Mouse8,1,57,1,2
Mouse8,1,58,0,2
Mouse8,1,60,1,2
Mouse8,1,61,1,2
Mouse8,1,62,1,2
Mouse8,1,63,0,2
Mouse8,1,64,1,2
Mouse8,1,66,1,2
Mouse8,1,68,0,2
Mouse8,1,70,1,2
Mouse8,1,71,1,2
Mouse8,1,72,0,2
Mouse8,1,73,0,2
Mouse8,1,74,0,2
Mouse8,1,75,0,2
Mouse8,1,77,0,2
Mouse8,1,78,0,2
Mouse8,1,79,0,2
Mouse8,1,80,0,2
Mouse8,1,85,0,2
Mouse8,1,86,0,2
Mouse8,1,88,1,2
Mouse8,1,89,1,2
Mouse8,1,90,0,2
Mouse8,1,91,1,2
Mouse8,1,92,0,2
Mouse8,1,93,0,2
Mouse8,1,94,1,2
Mouse8,1,95,0,2
Mouse8,1,97,1,2
Mouse8,1,98,0,2
Mouse8,1,99,1,2
Mouse8,1,100,0,2
Mouse8,1,101,0,2
Mouse8,1,102,1,2
Mouse8,1,103,0,2
Mouse8,1,104,1,2
Mouse8,1,105,0,2
Mouse8,1,107,0,2
Mouse8,1,108,0,2
Mouse8,1,109,0,2
Mouse8,1,111,1,2
Mouse8,1,114,1,2
Mouse8,1,115,1,2
Mouse8,1,122,1,2
Mouse8,1,123,0,2
Mouse8,1,124,1,2
Mouse8,1,125,1,2
Mouse8,1,126,0,2
Mouse8,1,127,1,2
Mouse8,1,128,0,2
Mouse8,1,129,0,2
Mouse8,1,130,0,2
Mouse8,1,131,1,2
Mouse8,1,133,0,2
Mouse8,1,137,1,2
Mouse8,1,138,0,2
Mouse8,1,139,0,2
Mouse8,1,144,0,2
Mouse8,1,145,1,2
Mouse8,1,147,0,2
Mouse8,1,148,1,2
Mouse8,1,149,1,2
Mouse8,1,151,1,2
Mouse8,1,152,1,2
Mouse8,1,153,0,2
Mouse8,1,154,1,2
Mouse8,1,155,1,2
Mouse8,1,156,0,2
Mouse8,1,157,0,2
Mouse8,1,158,0,2
Mouse8,1,159,0,2
Mouse8,1,160,0,2
Mouse8,1,162,0,2
Mouse8,1,163,1,2
Mouse8,1,165,1,2
Mouse8,1,166,0,2
Mouse8,1,167,0,2
Mouse8,1,169,0,2
Mouse8,1,170,0,2
Mouse8,1,175,0,2
Mouse8,1,176,0,2
Mouse8,1,179,1,2
Mouse8,1,180,1,2
Mouse8,1,181,1,2
Mouse8,1,182,1,2
Mouse8,1,183,1,2
Mouse8,1,184,0,2
Mouse8,1,185,1,2
Mouse8,1,187,0,2
Mouse8,1,195,0,2
Mouse8,1,196,1,2
Mouse8,1,197,0,2
Mouse8,1,198,0,2
Mouse8,1,200,1,2
Mouse8,1,201,0,2
Mouse8,1,203,0,2
Mouse8,1,206,1,2
Mouse8,1,207,1,2
Mouse8,1,209,1,2
Mouse8,1,210,0,2
Mouse8,1,217,0,2
Mouse8,1,220,1,2
Mouse8,1,221,1,2
Mouse8,1,222,1,2
Mouse8,1,223,0,2
Mouse8,1,224,0,2
Mouse8,1,225,1,2
Mouse8,1,226,1,2
Mouse8,1,227,1,2
Mouse8,1,228,0,2
Mouse8,1,229,0,2
Mouse8,1,230,0,2
Mouse8,1,232,0,2
Mouse8,1,233,0,2
Mouse8,1,234,0,2
Mouse8,1,235,1,2
Mouse8,1,236,1,2
Mouse8,1,237,0,2
Mouse8,1,238,0,2
Mouse8,1,240,0,2
Mouse8,2,2,1,2
Mouse8,2,3,1,2
Mouse8,2,5,0,2
Mouse8,2,6,1,2
Mouse8,2,7,0,2
Mouse8,2,8,1,2
Mouse8,2,9,0,2
Mouse8,2,10,0,2
Mouse8,2,12,1,2
Mouse8,2,13,0,2
Mouse8,2,14,0,2
Mouse8,2,15,1,2
Mouse8,2,19,1,2
Mouse8,2,20,0,2
Mouse8,2,21,0,2
Mouse8,2,24,0,2
Mouse8,2,27,1,2
Mouse8,2,28,0,2
Mouse8,2,31,0,2
Mouse8,2,32,0,2
Mouse8,2,33,1,2
Mouse8,2,39,1,2
Mouse8,2,40,0,2
Mouse8,2,41,1,2
Mouse8,2,42,0,2
Mouse8,2,44,1,2
Mouse8,2,45,0,2
Mouse8,2,48,1,2
Mouse8,2,49,1,2
Mouse8,2,51,0,2
Mouse8,2,66,0,2
Mouse8,2,67,1,2
Mouse8,2,68,1,2
Mouse8,2,69,1,2
Mouse8,2,70,1,2
Mouse8,2,71,1,2
Mouse8,2,73,0,2
Mouse8,2,76,1,2
Mouse8,2,77,0,2
Mouse8,2,78,0,2
Mouse8,2,80,0,2
Mouse8,2,82,1,2
Mouse8,2,86,1,2
Mouse8,2,87,1,2
Mouse8,2,88,1,2
Mouse8,2,89,1,2
Mouse8,2,90,0,2
Mouse8,2,92,1,2
Mouse8,2,95,0,2
Mouse8,2,96,1,2
Mouse8,2,98,1,2
Mouse8,2,99,1,2
Mouse8,2,100,0,2
Mouse8,2,101,0,2
Mouse8,2,103,0,2
Mouse8,2,105,1,2
Mouse8,2,107,1,2
Mouse8,2,109,1,2
Mouse8,2,110,1,2
Mouse8,2,116,0,2
Mouse8,2,119,1,2
Mouse8,2,120,0,2
Mouse8,2,121,0,2
Mouse8,2,125,1,2
Mouse8,2,126,1,2
Mouse8,2,128,1,2
Mouse8,2,129,1,2
Mouse8,2,135,1,2
Mouse8,2,136,0,2
Mouse8,2,137,1,2
Mouse8,2,138,0,2
Mouse8,2,142,0,2
Mouse8,2,145,0,2
Mouse8,2,146,1,2
Mouse8,2,148,0,2
Mouse8,2,149,1,2
Mouse8,2,151,1,2
Mouse8,2,152,1,2
Mouse8,2,153,1,2
Mouse8,2,156,1,2
Mouse8,2,157,1,2
Mouse8,2,158,0,2
Mouse8,2,159,0,2
Mouse8,2,160,0,2
Mouse8,2,161,1,2
Mouse8,2,162,0,2
Mouse8,2,165,0,2
Mouse8,2,168,1,2
Mouse8,2,169,0,2
Mouse8,2,170,0,2
Mouse8,2,171,0,2
Mouse8,2,173,1,2
Mouse8,2,175,0,2
Mouse8,2,177,0,2
Mouse8,2,178,0,2
Mouse8,2,183,1,2
Mouse8,2,184,1,2
Mouse8,2,185,0,2
Mouse8,2,187,0,2
Mouse8,2,188,0,2
Mouse8,2,189,0,2
Mouse8,2,190,0,2
Mouse8,2,191,0,2
Mouse8,2,192,0,2
Mouse8,2,193,0,2
Mouse8,2,196,0,2
Mouse8,2,199,0,2
Mouse8,2,200,1,2
Mouse8,2,201,0,2
Mouse8,2,202,1,2
Mouse8,2,206,0,2
Mouse8,2,207,1,2
Mouse8,2,208,0,2
Mouse8,2,209,1,2
Mouse8,2,210,0,2
Mouse8,2,212,0,2
Mouse8,2,215,0,2
Mouse8,2,217,0,2
Mouse8,3,2,1,2
Mouse8,3,3,1,2
Mouse8,3,4,1,2
Mouse8,3,5,1,2
Mouse8,3,6,1,2
Mouse8,3,7,1,2
Mouse8,3,8,1,2
Mouse8,3,9,0,2
Mouse8,3,10,0,2
Mouse8,3,12,0,2
Mouse8,3,14,0,2
Mouse8,3,15,1,2
Mouse8,3,16,1,2
Mouse8,3,17,0,2
Mouse8,3,19,0,2
Mouse8,3,20,1,2
Mouse8,3,21,0,2
Mouse8,3,22,0,2
Mouse8,3,24,0,2
Mouse8,3,25,1,2
Mouse8,3,28,0,2
Mouse8,3,29,1,2
Mouse8,3,31,0,2
Mouse8,3,34,0,2
Mouse8,3,35,0,2
Mouse8,3,36,0,2
Mouse8,3,37,1,2
Mouse8,3,40,1,2
Mouse8,3,42,0,2
Mouse8,3,43,0,2
Mouse8,3,44,1,2
Mouse8,3,45,1,2
Mouse8,3,46,1,2
Mouse8,3,47,1,2
Mouse8,3,50,0,2
Mouse8,3,52,0,2
Mouse8,3,54,1,2
Mouse8,3,55,1,2
Mouse8,3,56,1,2
Mouse8,3,57,1,2
Mouse8,3,59,0,2
Mouse8,3,64,0,2
Mouse8,3,66,0,2
Mouse8,3,68,1,2
Mouse8,3,69,1,2
Mouse8,3,71,1,2
Mouse8,3,72,0,2
Mouse8,3,73,0,2
Mouse8,3,75,0,2
Mouse8,3,76,0,2
Mouse8,3,80,1,2
Mouse8,3,81,1,2
Mouse8,3,82,1,2
Mouse8,3,83,1,2
Mouse8,3,84,1,2
Mouse8,3,85,0,2
Mouse8,3,88,1,2
Mouse8,3,89,1,2
Mouse8,3,91,1,2
Mouse8,3,92,0,2
Mouse8,3,96,1,2
Mouse8,3,97,1,2
Mouse8,3,98,1,2
Mouse8,3,99,1,2
Mouse8,3,100,1,2
Mouse8,3,101,1,2
Mouse8,3,106,0,2
Mouse8,3,107,0,2
Mouse8,3,108,0,2
Mouse8,3,110,0,2
Mouse8,3,111,0,2
Mouse8,3,113,0,2
Mouse8,3,114,0,2
Mouse8,3,115,0,2
Mouse8,3,117,0,2
Mouse8,3,118,0,2
Mouse8,3,120,1,2
Mouse8,3,121,1,2
Mouse8,3,122,0,2
Mouse8,3,123,0,2
Mouse8,3,124,1,2
Mouse8,3,134,0,2
Mouse8,3,135,0,2
Mouse8,3,136,1,2
Mouse8,3,138,1,2
Mouse8,3,141,0,2
Mouse8,3,145,1,2
Mouse8,3,147,0,2
Mouse8,3,149,1,2
Mouse8,3,150,0,2
Mouse8,3,151,0,2
Mouse8,3,153,0,2
Mouse8,3,156,1,2
Mouse8,3,158,1,2
Mouse8,3,159,0,2
Mouse8,3,160,0,2
Mouse8,3,161,0,2
Mouse8,3,162,0,2
Mouse8,3,164,1,2
Mouse8,3,166,1,2
Mouse8,3,167,1,2
Mouse8,3,169,1,2
Mouse8,3,170,0,2
Mouse8,3,171,1,2
Mouse8,3,172,0,2
Mouse8,3,173,0,2
Mouse8,3,174,0,2
Mouse8,3,175,0,2
Mouse8,3,178,0,2
Mouse8,3,179,0,2
Mouse8,3,181,1,2
Mouse8,3,184,1,2
Mouse8,3,186,0,2
Mouse8,3,190,1,2
Mouse8,3,191,1,2
Mouse8,3,192,0,2
Mouse9,1,3,1,2
Mouse9,1,8,0,2
Mouse9,1,9,1,2
Mouse9,1,10,0,2
Mouse9,1,14,0,2
Mouse9,1,16,1,2
Mouse9,1,17,0,2
Mouse9,1,18,1,2
Mouse9,1,21,1,2
Mouse9,1,22,1,2
Mouse9,1,23,1,2
Mouse9,1,24,0,2
Mouse9,1,25,1,2
Mouse9,1,26,0,2
Mouse9,1,28,0,2
Mouse9,1,29,0,2
Mouse9,1,30,1,2
Mouse9,1,31,0,2
Mouse9,1,33,1,2
Mouse9,1,35,1,2
Mouse9,1,36,0,2
Mouse9,1,38,0,2
Mouse9,1,39,0,2
Mouse9,1,40,1,2
Mouse9,1,42,1,2
Mouse9,1,44,1,2
Mouse9,1,45,1,2
Mouse9,1,46,0,2
Mouse9,1,47,1,2
Mouse9,1,48,0,2
Mouse9,1,49,1,2
Mouse9,1,50,0,2
Mouse9,1,51,0,2
Mouse9,1,52,1,2
Mouse9,1,53,0,2
Mouse9,1,54,0,2
Mouse9,1,55,0,2
Mouse9,1,56,1,2
Mouse9,1,57,1,2
Mouse9,1,61,1,2
Mouse9,1,62,1,2
Mouse9,1,64,0,2
Mouse9,1,65,1,2
Mouse9,1,66,0,2
Mouse9,1,67,0,2
Mouse9,1,69,0,2
Mouse9,1,75,0,2
Mouse9,1,77,0,2
Mouse9,1,79,0,2
Mouse9,1,86,1,2
Mouse9,1,87,1,2
Mouse9,1,88,1,2
Mouse9,1,89,1,2
Mouse9,1,91,1,2
Mouse9,1,92,1,2
Mouse9,1,93,0,2
Mouse9,1,94,1,2
Mouse9,1,95,1,2
Mouse9,1,97,0,2
Mouse9,1,98,0,2
Mouse9,1,99,1,2
Mouse9,1,100,0,2
Mouse9,1,102,1,2
Mouse9,1,103,1,2
Mouse9,1,104,0,2
Mouse9,1,106,0,2
Mouse9,1,108,1,2
Mouse9,1,110,0,2
Mouse9,1,111,1,2
Mouse9,1,112,0,2
Mouse9,1,113,1,2
Mouse9,1,115,1,2
Mouse9,1,117,1,2
Mouse9,1,119,1,2
Mouse9,1,120,0,2
Mouse9,1,121,1,2
Mouse9,1,124,0,2
Mouse9,1,126,1,2
Mouse9,1,128,0,2
Mouse9,1,129,1,2
Mouse9,1,130,1,2
Mouse9,1,132,1,2
Mouse9,1,134,1,2
Mouse9,1,135,0,2
Mouse9,1,137,0,2
Mouse9,1,138,0,2
Mouse9,1,140,0,2
Mouse9,1,141,0,2
Mouse9,1,142,0,2
Mouse9,1,146,1,2
Mouse9,1,148,1,2
Mouse9,1,149,0,2
Mouse9,1,155,1,2
Mouse9,1,156,0,2
Mouse9,1,157,1,2
Mouse9,1,160,0,2
Mouse9,1,161,1,2
Mouse9,1,163,1,2
Mouse9,1,164,1,2
Mouse9,1,166,1,2
Mouse9,1,167,0,2
Mouse9,1,169,0,2
Mouse9,1,170,0,2
Mouse9,1,173,1,2
Mouse9,1,179,0,2
Mouse9,1,180,0,2
Mouse9,1,191,0,2
Mouse9,1,194,0,2
Mouse9,1,197,1,2
Mouse9,1,198,1,2
Mouse9,1,199,1,2
Mouse9,1,200,0,2
Mouse9,1,201,1,2
Mouse9,1,204,1,2
Mouse9,1,206,1,2
Mouse9,1,208,0,2
Mouse9,1,211,1,2
Mouse9,1,212,1,2
Mouse9,1,214,0,2
Mouse9,1,216,0,2
Mouse9,1,217,0,2
Mouse9,1,218,1,2
Mouse9,1,222,0,2
Mouse9,1,223,0,2
Mouse9,1,224,1,2
Mouse9,1,226,1,2
Mouse9,1,229,1,2
Mouse9,2,5,0,2
Mouse9,2,6,0,2
Mouse9,2,7,1,2
Mouse9,2,8,1,2
Mouse9,2,9,1,2
Mouse9,2,10,0,2
Mouse9,2,11,1,2
Mouse9,2,12,1,2
Mouse9,2,13,1,2
Mouse9,2,14,1,2
Mouse9,2,15,0,2
Mouse9,2,17,1,2
Mouse9,2,18,1,2
Mouse9,2,19,1,2
Mouse9,2,20,0,2
Mouse9,2,21,0,2
Mouse9,2,23,0,2
Mouse9,2,24,0,2
Mouse9,2,25,0,2
Mouse9,2,30,1,2
Mouse9,2,33,0,2
Mouse9,2,36,0,2
Mouse9,2,40,1,2
Mouse9,2,43,1,2
Mouse9,2,45,1,2
Mouse9,2,46,1,2
Mouse9,2,47,0,2
Mouse9,2,48,0,2
Mouse9,2,49,0,2
Mouse9,2,51,1,2
Mouse9,2,53,0,2
Mouse9,2,55,1,2
Mouse9,2,56,1,2
Mouse9,2,59,1,2
Mouse9,2,60,0,2
Mouse9,2,67,1,2
Mouse9,2,70,0,2
Mouse9,2,72,1,2
Mouse9,2,73,0,2
Mouse9,2,75,1,2
Mouse9,2,77,0,2
Mouse9,2,83,1,2
Mouse9,2,88,1,2
Mouse9,2,91,0,2
Mouse9,2,92,1,2
Mouse9,2,96,1,2
Mouse9,2,98,1,2
Mouse9,2,99,0,2
Mouse9,2,100,0,2
Mouse9,2,101,0,2
Mouse9,2,103,1,2
Mouse9,2,104,0,2
Mouse9,2,105,1,2
Mouse9,2,106,0,2
Mouse9,2,107,1,2
Mouse9,2,108,1,2
Mouse9,2,109,0,2
Mouse9,2,110,1,2
Mouse9,2,111,1,2
Mouse9,2,112,1,2
Mouse9,2,113,0,2
Mouse9,2,114,1,2
Mouse9,2,115,1,2
Mouse9,2,116,0,2
Mouse9,2,117,1,2
Mouse9,2,121,1,2
Mouse9,2,123,1,2
Mouse9,2,124,1,2
Mouse9,2,125,0,2
Mouse9,2,126,0,2
Mouse9,2,127,0,2
Mouse9,2,128,0,2
Mouse9,2,129,0,2
Mouse9,2,130,1,2
Mouse9,2,131,0,2
Mouse9,2,133,1,2
Mouse9,2,135,1,2
Mouse9,2,138,1,2
Mouse9,2,139,0,2
Mouse9,2,140,0,2
Mouse9,2,151,0,2
Mouse9,2,154,0,2
Mouse9,2,156,1,2
Mouse9,2,157,0,2
Mouse9,2,159,0,2
Mouse9,2,163,1,2
Mouse9,2,164,1,2
Mouse9,2,165,1,2
Mouse9,2,166,1,2
Mouse9,2,168,0,2
Mouse9,2,169,1,2
Mouse9,2,170,1,2
Mouse9,2,171,0,2
Mouse9,2,172,0,2
Mouse9,2,173,0,2
Mouse9,2,175,1,2
Mouse9,2,176,1,2
Mouse9,2,177,0,2
Mouse9,2,178,0,2
Mouse9,2,179,0,2
Mouse9,2,181,1,2
Mouse9,2,182,1,2
Mouse9,2,186,1,2
Mouse9,2,190,1,2
Mouse9,2,191,1,2
Mouse9,2,194,0,2
Mouse9,2,197,0,2
Mouse9,2,202,0,2
Mouse9,2,204,1,2
Mouse9,2,205,1,2
Mouse9,2,208,0,2
Mouse9,2,211,1,2
Mouse9,2,212,0,2
Mouse9,2,214,0,2
Mouse9,2,220,1,2
Mouse9,2,222,1,2
Mouse9,2,223,0,2
Mouse9,2,227,1,2
Mouse9,2,229,1,2
Mouse9,2,230,1,2
Mouse9,2,232,1,2
Mouse9,2,233,1,2
Mouse9,3,9,1,2
Mouse9,3,10,1,2
Mouse9,3,11,0,2
Mouse9,3,12,1,2
Mouse9,3,13,0,2
Mouse9,3,14,0,2
Mouse9,3,15,1,2
Mouse9,3,16,1,2
Mouse9,3,17,0,2
Mouse9,3,18,1,2
Mouse9,3,19,0,2
Mouse9,3,20,1,2
Mouse9,3,21,1,2
Mouse9,3,22,1,2
Mouse9,3,23,1,2
Mouse9,3,24,1,2
Mouse9,3,25,1,2
Mouse9,3,26,0,2
Mouse9,3,27,0,2
Mouse9,3,28,1,2
Mouse9,3,29,0,2
Mouse9,3,30,1,2
Mouse9,3,31,0,2
Mouse9,3,32,1,2
Mouse9,3,33,1,2
Mouse9,3,34,0,2
Mouse9,3,35,0,2
Mouse9,3,36,0,2
Mouse9,3,37,0,2
Mouse9,3,40,1,2
Mouse9,3,41,1,2
Mouse9,3,42,0,2
Mouse9,3,44,1,2
Mouse9,3,45,1,2
Mouse9,3,46,1,2
Mouse9,3,47,0,2
Mouse9,3,48,0,2
Mouse9,3,49,0,2
Mouse9,3,50,1,2
Mouse9,3,51,0,2
Mouse9,3,52,0,2
Mouse9,3,53,1,2
Mouse9,3,54,1,2
Mouse9,3,55,0,2
Mouse9,3,56,0,2
Mouse9,3,57,1,2
Mouse9,3,58,1,2
Mouse9,3,59,1,2
Mouse9,3,60,0,2
Mouse9,3,61,1,2
Mouse9,3,62,0,2
Mouse9,3,63,0,2
Mouse9,3,64,0,2
Mouse9,3,66,1,2
Mouse9,3,67,1,2
Mouse9,3,68,1,2
Mouse9,3,69,1,2
Mouse9,3,70,1,2
Mouse9,3,75,1,2
Mouse9,3,77,1,2
Mouse9,3,78,0,2
Mouse9,3,79,0,2
Mouse9,3,81,1,2
Mouse9,3,82,1,2
Mouse9,3,83,0,2
Mouse9,3,84,1,2
Mouse9,3,85,1,2
Mouse9,3,88,1,2
Mouse9,3,89,1,2
Mouse9,3,90,1,2
Mouse9,3,91,1,2
Mouse9,3,97,0,2
Mouse9,3,99,1,2
Mouse9,3,101,0,2
Mouse9,3,106,1,2
Mouse9,3,107,1,2
Mouse9,3,108,1,2
Mouse9,3,109,0,2
Mouse9,3,110,1,2
Mouse9,3,111,1,2
Mouse9,3,112,1,2
Mouse9,3,113,0,2
Mouse9,3,115,0,2
Mouse9,3,118,1,2
Mouse9,3,120,1,2
Mouse9,3,121,1,2
Mouse9,3,123,1,2
Mouse9,3,126,0,2
Mouse9,3,127,0,2
Mouse9,3,130,1,2
Mouse9,3,131,1,2
Mouse9,3,132,0,2
Mouse9,3,133,0,2
Mouse9,3,134,0,2
Mouse9,3,136,1,2
Mouse9,3,137,1,2
Mouse9,3,138,1,2
Mouse9,3,139,1,2
Mouse9,3,140,1,2
Mouse9,3,142,1,2
Mouse9,3,145,1,2
Mouse9,3,146,0,2
Mouse9,3,147,0,2
Mouse9,3,148,1,2
Mouse9,3,149,1,2
Mouse9,3,154,1,2
Mouse9,3,156,0,2
Mouse9,3,159,1,2
Mouse9,3,162,1,2
Mouse9,3,163,1,2
Mouse9,3,164,0,2
Mouse9,3,165,1,2
Mouse9,3,166,1,2
Mouse9,3,167,1,2
Mouse9,3,168,1,2
Mouse9,3,169,1,2
Mouse9,3,170,1,2
Mouse9,3,171,0,2
Mouse9,3,172,0,2
Mouse9,3,173,1,2
Mouse9,3,174,0,2
Mouse9,3,175,0,2
Mouse9,3,176,0,2
Mouse9,3,179,1,2
Mouse9,3,180,0,2
Mouse9,3,181,0,2
Mouse9,3,182,1,2
Mouse9,3,184,1,2
Mouse9,3,185,0,2
Mouse9,3,187,0,2
Mouse9,3,188,0,2
Mouse9,3,189,0,2
Mouse9,3,190,1,2
Mouse9,3,193,0,2
Mouse9,3,194,0,2
Mouse9,3,195,1,2
Mouse9,3,196,0,2
Mouse9,3,197,1,2
Mouse9,3,200,1,2
Mouse9,3,201,1,2
Mouse9,3,202,0,2
Mouse9,3,204,0,2
Mouse9,3,205,0,2
Mouse9,3,206,0,2
Mouse9,3,207,0,2
Mouse9,3,208,0,2
Mouse9,3,209,1,2
Mouse9,3,211,1,2
Mouse9,3,212,1,2
Mouse9,3,213,1,2
Mouse9,3,214,1,2
Mouse9,3,215,1,2
Mouse9,3,216,0,2
Mouse9,3,224,1,2
Mouse9,3,225,1,2
Mouse9,3,226,1,2
Mouse9,3,227,1,2
Mouse9,3,228,0,2
Mouse9,3,229,1,2
Mouse9,3,230,1,2
Mouse9,3,231,0,2
Mouse9,3,235,0,2
Mouse9,3,236,0,2
Mouse9,3,237,1,2
Mouse9,3,238,0,2
Mouse9,3,239,0,2
Mouse9,3,241,1,2
Mouse9,3,242,1,2
Mouse9,3,248,1,2
Mouse9,3,249,1,2
Mouse9,3,250,1,2
Mouse9,3,251,0,2
Mouse9,3,252,1,2
Mouse9,3,253,0,2
Mouse9,3,254,1,2
Mouse9,3,255,0,2
Mouse9,3,256,1,2
Mouse9,3,257,1,2
Mouse9,3,258,1,2
Mouse9,3,260,0,2
Mouse10,1,3,0,2
Mouse10,1,6,1,2
Mouse10,1,9,0,2
Mouse10,1,10,0,2
Mouse10,1,13,0,2
Mouse10,1,18,0,2
Mouse10,1,27,0,2
Mouse10,1,29,0,2
Mouse10,1,30,1,2
Mouse10,1,32,1,2
Mouse10,1,34,0,2
Mouse10,1,35,0,2
Mouse10,1,36,1,2
Mouse10,1,45,1,2
Mouse10,1,49,1,2
Mouse10,1,56,1,2
Mouse10,1,57,0,2
Mouse10,1,58,0,2
Mouse10,1,59,0,2
Mouse10,1,62,1,2
Mouse10,1,68,0,2
Mouse10,1,69,1,2
Mouse10,1,72,1,2
Mouse10,1,73,0,2
Mouse10,1,74,0,2
Mouse10,1,77,1,2
Mouse10,1,78,1,2
Mouse10,1,80,1,2
Mouse10,1,81,1,2
Mouse10,1,82,0,2
Mouse10,1,83,1,2
Mouse10,1,84,1,2
Mouse10,1,85,1,2
Mouse10,1,86,0,2
Mouse10,1,89,0,2
Mouse10,1,90,1,2
Mouse10,1,91,1,2
Mouse10,1,95,1,2
Mouse10,1,96,0,2
Mouse10,1,97,1,2
Mouse10,1,99,0,2
Mouse10,1,103,1,2
Mouse10,1,109,0,2
Mouse10,1,112,0,2
Mouse10,1,113,0,2
Mouse10,1,115,1,2
Mouse10,1,118,1,2
Mouse10,1,119,1,2
Mouse10,1,120,1,2
Mouse10,1,123,1,2
Mouse10,1,124,1,2
Mouse10,1,127,1,2
Mouse10,1,128,0,2
Mouse10,1,129,1,2
Mouse10,1,130,0,2
Mouse10,1,133,1,2
Mouse10,1,136,0,2
Mouse10,1,137,1,2
Mouse10,1,138,0,2
Mouse10,1,146,0,2
Mouse10,1,148,1,2
Mouse10,1,149,1,2
Mouse10,1,151,0,2
Mouse10,1,155,1,2
Mouse10,1,158,1,2
Mouse10,1,159,1,2
Mouse10,1,160,0,2
Mouse10,1,161,0,2
Mouse10,1,163,0,2
Mouse10,1,168,0,2
Mouse10,1,169,0,2
Mouse10,1,174,0,2
Mouse10,1,176,0,2
Mouse10,2,2,0,2
Mouse10,2,7,1,2
Mouse10,2,8,0,2
Mouse10,2,9,0,2
Mouse10,2,12,1,2
Mouse10,2,13,1,2
Mouse10,2,15,1,2
Mouse10,2,16,1,2
Mouse10,2,17,0,2
Mouse10,2,18,0,2
Mouse10,2,20,1,2
Mouse10,2,21,1,2
Mouse10,2,23,0,2
Mouse10,2,24,0,2
Mouse10,2,25,1,2
Mouse10,2,28,0,2
Mouse10,2,31,0,2
Mouse10,2,32,0,2
Mouse10,2,34,1,2
Mouse10,2,36,1,2
Mouse10,2,38,1,2
Mouse10,2,40,1,2
Mouse10,2,47,0,2
Mouse10,2,50,1,2
Mouse10,2,51,0,2
Mouse10,2,52,1,2
Mouse10,2,55,0,2
Mouse10,2,60,1,2
Mouse10,2,62,1,2
Mouse10,2,63,1,2
Mouse10,2,64,1,2
Mouse10,2,66,0,2
Mouse10,2,67,1,2
Mouse10,2,70,1,2
Mouse10,2,72,1,2
Mouse10,2,73,0,2
Mouse10,2,74,1,2
Mouse10,2,75,1,2
Mouse10,2,79,0,2
Mouse10,2,80,0,2
Mouse10,2,82,1,2
Mouse10,2,86,1,2
Mouse10,2,92,0,2
Mouse10,2,93,0,2
Mouse10,2,95,1,2
Mouse10,2,96,1,2
Mouse10,2,98,1,2
Mouse10,2,103,0,2
Mouse10,2,108,1,2
Mouse10,2,110,0,2
Mouse10,2,111,0,2
Mouse10,2,117,1,2
Mouse10,2,122,1,2
Mouse10,2,123,1,2
Mouse10,2,124,0,2
Mouse10,2,125,1,2
Mouse10,2,126,0,2
Mouse10,2,128,1,2
Mouse10,2,131,0,2
Mouse10,2,139,1,2
Mouse10,2,140,0,2
Mouse10,2,152,1,2
Mouse10,2,153,0,2
Mouse10,2,155,0,2
Mouse10,2,156,0,2
Mouse10,2,157,1,2
Mouse10,2,158,1,2
Mouse10,2,159,0,2
Mouse10,2,160,1,2
Mouse10,2,161,1,2
Mouse10,2,162,1,2
Mouse10,2,163,1,2
Mouse10,2,164,1,2
Mouse10,2,165,0,2
Mouse10,2,166,0,2
Mouse10,2,167,1,2
Mouse10,2,168,0,2
Mouse10,2,169,0,2
Mouse10,2,170,1,2
Mouse10,2,171,1,2
Mouse10,2,175,1,2
Mouse10,2,176,1,2
Mouse10,3,3,1,2
Mouse10,3,4,1,2
Mouse10,3,8,1,2
Mouse10,3,14,0,2
Mouse10,3,20,1,2
Mouse10,3,24,0,2
Mouse10,3,38,0,2
Mouse10,3,39,1,2
Mouse10,3,40,1,2
Mouse10,3,41,1,2
Mouse10,3,42,1,2
Mouse10,3,43,0,2
Mouse10,3,45,0,2
Mouse10,3,48,0,2
Mouse10,3,50,0,2
Mouse10,3,53,0,2
Mouse10,3,55,0,2
Mouse10,3,58,1,2
Mouse10,3,60,0,2
Mouse10,3,61,1,2
Mouse10,3,63,0,2
Mouse10,3,67,0,2
Mouse10,3,68,1,2
Mouse10,3,72,1,2
Mouse10,3,75,0,2
Mouse10,3,76,0,2
Mouse10,3,82,1,2
Mouse10,3,83,1,2
Mouse10,3,85,0,2
Mouse10,3,87,1,2
Mouse10,3,90,0,2
Mouse10,3,94,0,2
Mouse10,3,100,0,2
Mouse10,3,102,0,2
Mouse10,3,103,0,2
Mouse10,3,104,1,2
Mouse10,3,105,1,2
Mouse10,3,106,1,2
Mouse10,3,107,1,2
Mouse10,3,109,1,2
Mouse10,3,110,0,2
Mouse10,3,111,1,2
Mouse10,3,112,0,2
Mouse10,3,113,0,2
Mouse10,3,115,1,2
Mouse10,3,118,1,2
Mouse10,3,119,0,2
Mouse10,3,122,1,2
Mouse10,3,123,1,2
Mouse10,3,124,1,2
Mouse10,3,125,1,2
Mouse10,3,126,1,2
Mouse10,3,127,1,2
Mouse10,3,128,0,2
Mouse10,3,131,1,2
Mouse10,3,132,0,2
Mouse10,3,133,0,2
Mouse10,3,134,1,2
Mouse10,3,135,1,2
Mouse10,3,136,1,2
Mouse10,3,137,1,2
Mouse10,3,141,1,2
Mouse10,3,142,0,2
Mouse10,3,143,1,2
Mouse10,3,144,1,2
Mouse10,3,146,1,2
Mouse10,3,147,1,2
Mouse10,3,150,0,2
Mouse10,3,151,0,2
Mouse10,3,155,0,2
Mouse10,3,158,0,2
Mouse10,3,159,0,2
Mouse10,3,162,0,2
Mouse10,3,163,0,2
Mouse10,3,164,1,2
Mouse10,3,165,1,2
Mouse10,3,166,0,2
Mouse10,3,167,0,2
Mouse10,3,171,1,2
Mouse10,3,175,1,2
Mouse10,3,181,1,2
Mouse10,3,182,1,2
Mouse10,3,183,1,2
Mouse10,3,184,1,2
Mouse10,3,185,1,2
Mouse10,3,186,1,2
Mouse10,3,187,0,2
Mouse10,3,188,0,2
Mouse10,3,189,1,2
Mouse10,3,191,1,2
Mouse10,3,192,1,2
Mouse10,3,193,0,2
Mouse11,1,2,1,2
Mouse11,1,3,1,2
Mouse11,1,4,1,2
Mouse11,1,5,1,2
Mouse11,1,6,1,2
Mouse11,1,7,1,2
Mouse11,1,8,0,2
Mouse11,1,9,1,2
Mouse11,1,10,0,2
Mouse11,1,12,1,2
Mouse11,1,14,0,2
Mouse11,1,15,0,2
Mouse11,1,16,1,2
Mouse11,1,17,0,2
Mouse11,1,18,0,2
Mouse11,1,19,0,2
Mouse11,1,20,0,2
Mouse11,1,21,0,2
Mouse11,1,24,0,2
Mouse11,1,29,1,2
Mouse11,1,30,0,2
Mouse11,1,31,0,2
Mouse11,1,32,0,2
Mouse11,1,33,1,2
Mouse11,1,34,1,2
Mouse11,1,36,1,2
Mouse11,1,37,0,2
Mouse11,1,38,0,2
Mouse11,1,39,0,2
Mouse11,1,41,1,2
Mouse11,1,42,0,2
Mouse11,1,44,0,2
Mouse11,1,46,0,2
Mouse11,1,48,1,2
Mouse11,1,49,1,2
Mouse11,1,50,1,2
Mouse11,1,53,0,2
Mouse11,1,54,0,2
Mouse11,1,57,1,2
Mouse11,1,59,1,2
Mouse11,1,60,0,2
Mouse11,1,63,1,2
Mouse11,1,64,1,2
Mouse11,1,65,0,2
Mouse11,1,69,0,2
Mouse11,1,74,0,2
Mouse11,1,75,1,2
Mouse11,1,76,0,2
Mouse11,1,77,0,2
Mouse11,1,78,0,2
Mouse11,1,79,0,2
Mouse11,1,80,0,2
Mouse11,1,84,0,2
Mouse11,1,86,0,2
Mouse11,1,91,0,2
Mouse11,1,93,1,2
Mouse11,1,94,0,2
Mouse11,1,95,0,2
Mouse11,1,96,0,2
Mouse11,1,97,1,2
Mouse11,1,98,0,2
Mouse11,1,99,1,2
Mouse11,1,100,0,2
Mouse11,1,101,0,2
Mouse11,1,102,1,2
Mouse11,1,103,1,2
Mouse11,1,105,1,2
Mouse11,1,106,0,2
Mouse11,1,107,0,2
Mouse11,1,108,0,2
Mouse11,1,109,1,2
Mouse11,1,110,0,2
Mouse11,1,111,1,2
Mouse11,1,112,1,2
Mouse11,1,113,0,2
Mouse11,1,114,0,2
Mouse11,1,115,0,2
Mouse11,1,116,0,2
Mouse11,1,117,0,2
Mouse11,1,118,1,2
Mouse11,1,119,0,2
Mouse11,1,120,0,2
Mouse11,1,121,0,2
Mouse11,1,122,0,2
Mouse11,1,125,0,2
Mouse11,1,129,1,2
Mouse11,1,130,0,2
Mouse11,1,131,0,2
Mouse11,1,132,0,2
Mouse11,1,133,0,2
Mouse11,1,136,0,2
Mouse11,1,137,1,2
Mouse11,1,138,1,2
Mouse11,1,139,0,2
Mouse11,1,140,1,2
Mouse11,1,141,0,2
Mouse11,1,142,0,2
Mouse11,1,143,0,2
Mouse11,1,144,1,2
Mouse11,1,145,0,2
Mouse11,1,146,1,2
Mouse11,1,147,1,2
Mouse11,1,148,0,2
Mouse11,1,149,0,2
Mouse11,1,151,1,2
Mouse11,1,152,1,2
Mouse11,1,153,1,2
Mouse11,1,154,1,2
Mouse11,1,156,1,2
Mouse11,1,157,0,2
Mouse11,1,158,0,2
Mouse11,1,159,1,2
Mouse11,1,160,1,2
Mouse11,1,162,0,2
Mouse11,1,163,0,2
Mouse11,1,164,0,2
Mouse11,1,165,1,2
Mouse11,1,166,0,2
Mouse11,1,167,0,2
Mouse11,1,169,0,2
Mouse11,1,170,0,2
Mouse11,1,172,0,2
Mouse11,1,174,0,2
Mouse11,1,175,1,2
Mouse11,1,176,0,2
Mouse11,1,177,0,2
Mouse11,1,178,0,2
Mouse11,1,181,0,2
Mouse11,1,182,0,2
Mouse11,1,183,0,2
Mouse11,1,184,0,2
Mouse11,1,185,0,2
Mouse11,1,187,0,2
Mouse11,1,188,0,2
Mouse11,1,189,0,2
Mouse11,1,190,0,2
Mouse11,1,191,1,2
Mouse11,1,192,0,2
Mouse11,1,193,0,2
Mouse11,1,195,0,2
Mouse11,1,203,0,2
Mouse11,1,204,0,2
Mouse11,1,205,0,2
Mouse11,1,206,0,2
Mouse11,1,208,0,2
Mouse11,1,211,0,2
Mouse11,1,213,0,2
Mouse11,1,214,0,2
Mouse11,1,215,0,2
Mouse11,1,217,0,2
Mouse11,1,219,1,2
Mouse11,1,220,0,2
Mouse11,1,221,1,2
Mouse11,1,222,0,2
Mouse11,1,223,0,2
Mouse11,1,224,0,2
Mouse11,1,225,0,2
Mouse11,1,227,1,2
Mouse11,1,229,1,2
Mouse11,1,230,1,2
Mouse11,1,231,1,2
Mouse11,1,232,1,2
Mouse11,1,233,0,2
Mouse11,1,234,0,2
Mouse11,1,235,1,2
Mouse11,1,236,1,2
Mouse11,1,237,1,2
Mouse11,1,238,1,2
Mouse11,1,239,0,2
Mouse11,1,240,1,2
Mouse11,1,241,1,2
Mouse11,1,242,0,2
Mouse11,1,243,1,2
Mouse11,1,244,0,2
Mouse11,1,245,1,2
Mouse11,1,246,1,2
Mouse11,1,247,0,2
Mouse11,1,248,0,2
Mouse11,1,249,0,2
Mouse11,1,250,1,2
Mouse11,1,251,0,2
Mouse11,1,252,0,2
Mouse11,1,253,1,2
Mouse11,1,255,1,2
Mouse11,1,256,0,2
Mouse11,1,257,1,2
Mouse11,1,258,0,2
Mouse11,1,259,0,2
Mouse11,1,261,0,2
Mouse11,1,262,0,2
Mouse11,1,263,1,2
Mouse11,1,264,1,2
Mouse11,1,265,1,2
Mouse11,1,266,0,2
Mouse11,1,267,0,2
Mouse11,1,268,1,2
Mouse11,1,269,0,2
Mouse11,1,270,0,2
Mouse11,1,274,0,2
Mouse11,1,278,1,2
Mouse11,1,280,1,2
Mouse11,1,281,1,2
Mouse11,1,283,0,2
Mouse11,1,294,0,2
Mouse11,1,295,0,2
Mouse11,1,298,0,2
Mouse11,2,2,1,2
Mouse11,2,3,1,2
Mouse11,2,4,0,2
Mouse11,2,5,1,2
Mouse11,2,6,1,2
Mouse11,2,7,1,2
Mouse11,2,8,1,2
Mouse11,2,9,0,2
Mouse11,2,10,1,2
Mouse11,2,11,0,2
Mouse11,2,12,1,2
Mouse11,2,14,0,2
Mouse11,2,15,0,2
Mouse11,2,16,0,2
Mouse11,2,17,1,2
Mouse11,2,18,1,2
Mouse11,2,19,1,2
Mouse11,2,20,0,2
Mouse11,2,21,0,2
Mouse11,2,22,0,2
Mouse11,2,23,0,2
Mouse11,2,24,0,2
Mouse11,2,26,1,2
Mouse11,2,27,1,2
Mouse11,2,28,1,2
Mouse11,2,29,1,2
Mouse11,2,30,1,2
Mouse11,2,31,1,2
Mouse11,2,32,0,2
Mouse11,2,37,0,2
Mouse11,2,38,0,2
Mouse11,2,39,1,2
Mouse11,2,40,0,2
Mouse11,2,41,1,2
Mouse11,2,42,0,2
Mouse11,2,43,0,2
Mouse11,2,44,1,2
Mouse11,2,45,0,2
Mouse11,2,46,1,2
Mouse11,2,47,1,2
Mouse11,2,48,0,2
Mouse11,2,50,0,2
Mouse11,2,51,1,2
Mouse11,2,52,1,2
Mouse11,2,53,0,2
Mouse11,2,55,1,2
Mouse11,2,56,1,2
Mouse11,2,57,1,2
Mouse11,2,59,1,2
Mouse11,2,60,1,2
Mouse11,2,61,1,2
Mouse11,2,62,0,2
Mouse11,2,67,0,2
Mouse11,2,68,0,2
Mouse11,2,69,1,2
Mouse11,2,70,1,2
Mouse11,2,71,1,2
Mouse11,2,72,1,2
Mouse11,2,73,1,2
Mouse11,2,74,0,2
Mouse11,2,76,0,2
Mouse11,2,79,1,2
Mouse11,2,80,1,2
Mouse11,2,81,0,2
Mouse11,2,83,1,2
Mouse11,2,96,0,2
Mouse11,2,97,0,2
Mouse11,2,100,1,2
Mouse11,2,101,1,2
Mouse11,2,102,1,2
Mouse11,2,103,0,2
Mouse11,2,104,0,2
Mouse11,2,110,1,2
Mouse11,2,112,1,2
Mouse11,2,113,0,2
Mouse11,2,115,0,2
Mouse11,2,116,1,2
Mouse11,2,120,1,2
Mouse11,2,121,1,2
Mouse11,2,122,1,2
Mouse11,2,123,1,2
Mouse11,2,124,0,2
Mouse11,2,125,1,2
Mouse11,2,126,1,2
Mouse11,2,127,0,2
Mouse11,2,128,1,2
Mouse11,2,129,1,2
Mouse11,2,130,0,2
Mouse11,2,134,1,2
Mouse11,2,135,1,2
Mouse11,2,143,0,2
Mouse11,2,144,0,2
Mouse11,2,147,1,2
Mouse11,2,148,1,2
Mouse11,2,150,1,2
Mouse11,2,153,1,2
Mouse11,2,154,0,2
Mouse11,2,155,0,2
Mouse11,2,158,1,2
Mouse11,2,159,0,2
Mouse11,2,160,1,2
Mouse11,2,161,1,2
Mouse11,2,162,1,2
Mouse11,2,163,0,2
Mouse11,2,166,1,2
Mouse11,2,167,0,2
Mouse11,2,168,0,2
Mouse11,2,169,0,2
Mouse11,2,170,0,2
Mouse11,2,172,1,2
Mouse11,2,173,1,2
Mouse11,2,174,1,2
Mouse11,2,175,1,2
Mouse11,2,176,0,2
Mouse11,2,177,0,2
Mouse11,2,179,1,2
Mouse11,2,180,0,2
Mouse11,2,183,1,2
Mouse11,2,184,1,2
Mouse11,2,185,1,2
Mouse11,2,186,1,2
Mouse11,2,187,0,2
Mouse11,2,188,0,2
Mouse11,2,190,0,2
Mouse11,2,191,1,2
Mouse11,2,193,1,2
Mouse11,2,194,1,2
Mouse11,2,195,1,2
Mouse11,2,196,1,2
Mouse11,2,197,1,2
Mouse11,2,198,0,2
Mouse11,2,199,1,2
Mouse11,2,200,1,2
Mouse11,2,201,1,2
Mouse11,2,202,0,2
Mouse11,2,203,1,2
Mouse11,2,204,0,2
Mouse11,2,205,1,2
Mouse11,2,208,0,2
Mouse11,2,213,0,2
Mouse11,2,214,0,2
Mouse11,2,215,0,2
Mouse11,2,216,0,2
Mouse11,2,220,1,2
Mouse11,2,221,0,2
Mouse11,2,226,1,2
Mouse11,2,228,1,2
Mouse11,2,229,0,2
Mouse11,2,232,0,2
Mouse11,2,233,1,2
Mouse11,2,234,0,2
Mouse11,2,236,1,2
Mouse11,2,237,1,2
Mouse11,2,239,0,2
Mouse11,2,243,1,2
Mouse11,2,244,0,2
Mouse11,2,245,0,2
Mouse11,2,247,0,2
Mouse11,2,248,0,2
Mouse11,2,249,0,2
Mouse11,2,250,0,2
Mouse11,2,251,0,2
Mouse11,2,254,1,2
Mouse11,2,256,1,2
Mouse11,2,258,0,2
Mouse11,2,259,1,2
Mouse11,2,262,1,2
Mouse11,2,265,1,2
Mouse11,2,266,1,2
Mouse11,2,267,0,2
Mouse11,2,268,1,2
Mouse11,2,269,0,2
Mouse11,2,270,1,2
Mouse11,2,271,1,2
Mouse11,2,272,1,2
Mouse11,2,273,1,2
Mouse11,2,274,1,2
Mouse11,3,2,1,2
Mouse11,3,3,0,2
Mouse11,3,4,1,2
Mouse11,3,5,1,2
Mouse11,3,6,0,2
Mouse11,3,7,1,2
Mouse11,3,8,1,2
Mouse11,3,9,0,2
Mouse11,3,10,1,2
Mouse11,3,11,1,2
Mouse11,3,15,0,2
Mouse11,3,17,0,2
Mouse11,3,18,0,2
Mouse11,3,19,0,2
Mouse11,3,23,1,2
Mouse11,3,24,1,2
Mouse11,3,26,1,2
Mouse11,3,27,1,2
Mouse11,3,28,1,2
Mouse11,3,30,0,2
Mouse11,3,31,0,2
Mouse11,3,32,1,2
Mouse11,3,33,1,2
Mouse11,3,35,1,2
Mouse11,3,36,0,2
Mouse11,3,37,1,2
Mouse11,3,38,0,2
Mouse11,3,39,1,2
Mouse11,3,40,0,2
Mouse11,3,41,0,2
Mouse11,3,43,1,2
Mouse11,3,45,1,2
Mouse11,3,46,1,2
Mouse11,3,47,1,2
Mouse11,3,48,1,2
Mouse11,3,51,0,2
Mouse11,3,53,0,2
Mouse11,3,55,0,2
Mouse11,3,56,1,2
Mouse11,3,57,0,2
Mouse11,3,58,0,2
Mouse11,3,62,1,2
Mouse11,3,63,0,2
Mouse11,3,64,1,2
Mouse11,3,65,1,2
Mouse11,3,66,1,2
Mouse11,3,67,0,2
Mouse11,3,68,0,2
Mouse11,3,71,1,2
Mouse11,3,75,0,2
Mouse11,3,76,1,2
Mouse11,3,77,1,2
Mouse11,3,79,0,2
Mouse11,3,80,1,2
Mouse11,3,81,0,2
Mouse11,3,85,1,2
Mouse11,3,86,0,2
Mouse11,3,88,0,2
Mouse11,3,91,1,2
Mouse11,3,92,0,2
Mouse11,3,93,1,2
Mouse11,3,94,1,2
Mouse11,3,95,1,2
Mouse11,3,97,0,2
Mouse11,3,98,1,2
Mouse11,3,99,1,2
Mouse11,3,100,0,2
Mouse11,3,102,0,2
Mouse11,3,106,0,2
Mouse11,3,108,1,2
Mouse11,3,109,1,2
Mouse11,3,110,1,2
Mouse11,3,111,1,2
Mouse11,3,115,1,2
Mouse11,3,119,0,2
Mouse11,3,121,1,2
Mouse11,3,122,1,2
Mouse11,3,123,1,2
Mouse11,3,124,1,2
Mouse11,3,126,1,2
Mouse11,3,127,1,2
Mouse11,3,128,0,2
Mouse11,3,131,0,2
Mouse11,3,133,0,2
Mouse11,3,134,1,2
Mouse11,3,136,0,2
Mouse11,3,139,0,2
Mouse11,3,140,1,2
Mouse11,3,141,0,2
Mouse11,3,142,0,2
Mouse11,3,143,0,2
Mouse11,3,145,1,2
Mouse11,3,146,1,2
Mouse11,3,151,0,2
Mouse11,3,152,0,2
Mouse11,3,157,1,2
Mouse11,3,158,1,2
Mouse11,3,159,1,2
Mouse11,3,160,1,2
Mouse11,3,161,0,2
Mouse11,3,162,1,2
Mouse11,3,163,1,2
Mouse11,3,164,1,2
Mouse11,3,165,1,2
Mouse11,3,166,0,2
Mouse11,3,169,1,2
Mouse11,3,170,0,2
Mouse11,3,171,0,2
Mouse11,3,175,1,2
Mouse11,3,176,0,2
Mouse11,3,179,1,2
Mouse11,3,180,1,2
Mouse11,3,182,1,2
Mouse11,3,183,1,2
Mouse11,3,184,1,2
Mouse11,3,185,0,2
Mouse11,3,187,1,2
Mouse11,3,188,1,2
Mouse11,3,189,0,2
Mouse11,3,192,1,2
Mouse11,3,194,1,2
Mouse11,3,195,1,2
Mouse11,3,196,1,2
Mouse11,3,197,1,2
Mouse11,3,198,1,2
Mouse11,3,199,1,2
Mouse11,3,200,1,2
Mouse11,3,201,0,2
Mouse11,3,202,0,2
Mouse11,3,203,0,2
Mouse11,3,208,1,2
Mouse11,3,212,1,2
Mouse11,3,213,1,2
Mouse11,3,214,1,2
Mouse11,3,216,1,2
Mouse11,3,218,0,2
Mouse11,3,221,0,2
Mouse11,3,225,0,2
Mouse11,3,230,1,2
Mouse11,3,232,1,2
Mouse11,3,233,0,2
Mouse11,3,234,0,2
Mouse11,3,235,1,2
Mouse11,3,236,0,2
Mouse11,3,238,1,2
Mouse11,3,239,1,2
Mouse11,3,240,0,2
Mouse11,3,243,1,2
Mouse11,3,244,1,2
Mouse11,3,245,1,2
Mouse11,3,246,0,2
Mouse11,3,249,0,2
Mouse11,3,253,1,2
Mouse11,3,254,0,2
Mouse11,3,256,0,2
Mouse12,1,2,1,2
Mouse12,1,3,1,2
Mouse12,1,4,1,2
Mouse12,1,5,1,2
Mouse12,1,6,1,2
Mouse12,1,7,1,2
Mouse12,1,8,0,2
Mouse12,1,9,0,2
Mouse12,1,10,0,2
Mouse12,1,11,0,2
Mouse12,1,12,0,2
Mouse12,1,13,0,2
Mouse12,1,14,1,2
Mouse12,1,15,0,2
Mouse12,1,16,0,2
Mouse12,1,17,0,2
Mouse12,1,18,0,2
Mouse12,1,19,1,2
Mouse12,1,20,0,2
Mouse12,1,21,1,2
Mouse12,1,24,0,2
Mouse12,1,25,0,2
Mouse12,1,27,0,2
Mouse12,1,28,1,2
Mouse12,1,29,0,2
Mouse12,1,30,0,2
Mouse12,1,31,1,2
Mouse12,1,32,0,2
Mouse12,1,33,0,2
Mouse12,1,34,1,2
Mouse12,1,35,0,2
Mouse12,1,36,0,2
Mouse12,1,37,0,2
Mouse12,1,38,0,2
Mouse12,1,39,0,2
Mouse12,1,40,1,2
Mouse12,1,41,1,2
Mouse12,1,42,0,2
Mouse12,1,43,0,2
Mouse12,1,44,0,2
Mouse12,1,53,0,2
Mouse12,1,54,0,2
Mouse12,1,61,0,2
Mouse12,1,63,0,2
Mouse12,1,65,1,2
Mouse12,1,66,1,2
Mouse12,1,67,0,2
Mouse12,1,69,0,2
Mouse12,1,70,1,2
Mouse12,1,71,0,2
Mouse12,1,72,0,2
Mouse12,1,73,1,2
Mouse12,1,74,0,2
Mouse12,1,75,0,2
Mouse12,1,76,0,2
Mouse12,1,77,0,2
Mouse12,1,78,0,2
Mouse12,1,81,0,2
Mouse12,1,88,0,2
Mouse12,1,95,0,2
Mouse12,1,106,1,2
Mouse12,1,109,0,2
Mouse12,1,110,0,2
Mouse12,1,112,0,2
Mouse12,1,117,1,2
Mouse12,1,119,1,2
Mouse12,1,124,1,2
Mouse12,1,128,0,2
Mouse12,1,135,1,2
Mouse12,1,136,1,2
Mouse12,1,137,0,2
Mouse12,1,138,1,2
Mouse12,1,139,1,2
Mouse12,1,143,1,2
Mouse12,1,145,0,2
Mouse12,1,146,1,2
Mouse12,1,147,1,2
Mouse12,1,149,0,2
Mouse12,1,151,0,2
Mouse12,1,153,1,2
Mouse12,1,154,0,2
Mouse12,1,156,0,2
Mouse12,1,157,0,2
Mouse12,1,158,1,2
Mouse12,1,159,0,2
Mouse12,1,160,1,2
Mouse12,1,161,1,2
Mouse12,1,163,1,2
Mouse12,1,165,1,2
Mouse12,1,167,0,2
Mouse12,1,169,0,2
Mouse12,1,170,0,2
Mouse12,1,171,0,2
Mouse12,1,173,1,2
Mouse12,2,3,0,2
Mouse12,2,4,1,2
Mouse12,2,5,0,2
Mouse12,2,6,0,2
Mouse12,2,8,1,2
Mouse12,2,9,0,2
Mouse12,2,17,1,2
Mouse12,2,18,1,2
Mouse12,2,20,1,2
Mouse12,2,21,0,2
Mouse12,2,24,1,2
Mouse12,2,27,0,2
Mouse12,2,29,1,2
Mouse12,2,30,0,2
Mouse12,2,33,0,2
Mouse12,2,36,1,2
Mouse12,2,37,0,2
Mouse12,2,40,1,2
Mouse12,2,41,1,2
Mouse12,2,43,0,2
Mouse12,2,45,0,2
Mouse12,2,49,0,2
Mouse12,2,50,0,2
Mouse12,2,53,1,2
Mouse12,2,54,1,2
Mouse12,2,56,1,2
Mouse12,2,57,1,2
Mouse12,2,58,1,2
Mouse12,2,59,0,2
Mouse12,2,61,0,2
Mouse12,2,66,0,2
Mouse12,2,67,1,2
Mouse12,2,68,1,2
Mouse12,2,69,0,2
Mouse12,2,71,0,2
Mouse12,2,73,1,2
Mouse12,2,75,0,2
Mouse12,2,76,0,2
Mouse12,2,77,0,2
Mouse12,2,78,1,2
Mouse12,2,79,1,2
Mouse12,2,81,1,2
Mouse12,2,82,0,2
Mouse12,2,83,1,2
Mouse12,2,84,0,2
Mouse12,2,85,0,2
Mouse12,2,86,1,2
Mouse12,2,87,0,2
Mouse12,2,88,0,2
Mouse12,2,89,0,2
Mouse12,2,91,0,2
Mouse12,2,92,1,2
Mouse12,2,93,1,2
Mouse12,2,94,1,2
Mouse12,2,95,0,2
Mouse12,2,100,0,2
Mouse12,2,103,0,2
Mouse12,2,108,0,2
Mouse12,2,110,0,2
Mouse12,2,112,1,2
Mouse12,2,116,1,2
Mouse12,3,2,1,2
Mouse12,3,3,0,2
Mouse12,3,4,1,2
Mouse12,3,5,1,2
Mouse12,3,10,0,2
Mouse12,3,11,0,2
Mouse12,3,13,1,2
Mouse12,3,14,0,2
Mouse12,3,15,1,2
Mouse12,3,16,1,2
Mouse12,3,17,1,2
Mouse12,3,19,1,2
Mouse12,3,21,0,2
Mouse12,3,22,0,2
Mouse12,3,23,0,2
Mouse12,3,27,0,2
Mouse12,3,28,0,2
Mouse12,3,30,1,2
Mouse12,3,31,0,2
Mouse12,3,34,1,2
Mouse12,3,37,1,2
Mouse12,3,41,1,2
Mouse12,3,42,1,2
Mouse12,3,43,1,2
Mouse12,3,44,1,2
Mouse12,3,45,1,2
Mouse12,3,52,1,2
Mouse12,3,53,0,2
Mouse12,3,54,0,2
Mouse12,3,55,1,2
Mouse12,3,56,0,2
Mouse12,3,57,0,2
Mouse12,3,59,0,2
Mouse12,3,60,1,2
Mouse12,3,61,0,2
Mouse12,3,64,1,2
Mouse12,3,65,0,2
Mouse12,3,66,1,2
Mouse12,3,67,1,2
Mouse12,3,68,1,2
Mouse12,3,69,0,2
Mouse12,3,72,1,2
Mouse12,3,73,0,2
Mouse12,3,74,0,2
Mouse12,3,75,1,2
Mouse12,3,76,1,2
Mouse12,3,77,0,2
Mouse12,3,78,1,2
Mouse12,3,79,1,2
Mouse12,3,80,1,2
Mouse12,3,81,0,2
Mouse12,3,82,1,2
Mouse12,3,83,1,2
Mouse12,3,84,1,2
Mouse12,3,86,0,2
Mouse12,3,87,0,2
Mouse12,3,90,0,2
Mouse12,3,91,0,2
Mouse12,3,93,0,2
Mouse12,3,99,1,2
Mouse12,3,100,0,2
Mouse12,3,101,1,2
Mouse12,3,102,1,2
Mouse12,3,104,1,2
Mouse12,3,105,0,2
Mouse12,3,109,1,2
Mouse12,3,110,1,2
Mouse12,3,112,1,2
Mouse12,3,113,1,2
Mouse12,3,114,1,2
Mouse12,3,115,1,2
Mouse12,3,116,0,2
Mouse12,3,117,0,2
Mouse12,3,122,0,2
Mouse12,3,123,1,2
Mouse12,3,124,0,2
Mouse12,3,125,0,2
Mouse12,3,126,0,2
Mouse12,3,127,0,2
Mouse12,3,128,0,2
Mouse12,3,129,1,2
Mouse12,3,131,0,2
Mouse12,3,132,0,2
Mouse12,3,133,1,2
Mouse12,3,134,0,2
Mouse12,3,145,0,2
Mouse12,3,148,0,2
Mouse12,3,150,0,2
Mouse12,3,151,1,2
Mouse12,3,152,0,2
Mouse12,3,153,1,2
Mouse12,3,154,0,2
Mouse12,3,156,0,2
Mouse12,3,158,1,2
Mouse12,3,159,1,2
Mouse12,3,160,1,2
Mouse12,3,162,0,2
Mouse12,3,164,1,2
Mouse12,3,168,0,2
Mouse12,3,169,1,2
Mouse12,3,170,0,2
Mouse13,1,4,1,2
Mouse13,1,5,0,2
Mouse13,1,6,1,2
Mouse13,1,7,0,2
Mouse13,1,11,0,2
Mouse13,1,18,1,2
Mouse13,1,19,1,2
Mouse13,1,21,0,2
Mouse13,1,22,0,2
Mouse13,1,23,0,2
Mouse13,1,24,0,2
Mouse13,1,26,0,2
Mouse13,1,27,0,2
Mouse13,1,28,0,2
Mouse13,1,35,0,2
Mouse13,1,36,0,2
Mouse13,1,39,1,2
Mouse13,1,41,0,2
Mouse13,1,43,0,2
Mouse13,1,44,0,2
Mouse13,1,45,0,2
Mouse13,1,47,1,2
Mouse13,1,48,1,2
Mouse13,1,49,1,2
Mouse13,1,50,0,2
Mouse13,1,51,0,2
Mouse13,1,52,0,2
Mouse13,1,55,1,2
Mouse13,1,57,1,2
Mouse13,1,58,1,2
Mouse13,1,59,0,2
Mouse13,1,63,1,2
Mouse13,1,64,0,2
Mouse13,1,65,1,2
Mouse13,1,66,1,2
Mouse13,1,67,0,2
Mouse13,1,68,0,2
Mouse13,1,69,0,2
Mouse13,1,70,0,2
Mouse13,1,72,1,2
Mouse13,1,73,0,2
Mouse13,1,75,0,2
Mouse13,1,76,1,2
Mouse13,1,77,1,2
Mouse13,1,78,0,2
Mouse13,1,80,0,2
Mouse13,1,81,1,2
Mouse13,1,82,1,2
Mouse13,1,84,0,2
Mouse13,1,86,0,2
Mouse13,1,91,1,2
Mouse13,1,92,0,2
Mouse13,1,93,0,2
Mouse13,1,94,0,2
Mouse13,1,96,0,2
Mouse13,1,98,1,2
Mouse13,1,99,1,2
Mouse13,1,102,0,2
Mouse13,1,103,1,2
Mouse13,1,104,1,2
Mouse13,1,105,0,2
Mouse13,1,106,0,2
Mouse13,1,107,1,2
Mouse13,1,108,0,2
Mouse13,1,109,1,2
Mouse13,1,110,1,2
Mouse13,1,111,1,2
Mouse13,1,112,1,2
Mouse13,1,113,1,2
Mouse13,1,114,1,2
Mouse13,1,115,0,2
Mouse13,1,116,1,2
Mouse13,1,117,0,2
Mouse13,1,119,0,2
Mouse13,1,120,1,2
Mouse13,1,121,0,2
Mouse13,1,122,0,2
Mouse13,1,123,0,2
Mouse13,1,126,0,2
Mouse13,1,129,1,2
Mouse13,1,131,0,2
Mouse13,1,132,0,2
Mouse13,1,133,0,2
Mouse13,1,136,0,2
Mouse13,1,137,0,2
Mouse13,1,138,1,2
Mouse13,1,140,0,2
Mouse13,1,142,1,2
Mouse13,1,144,1,2
Mouse13,1,145,1,2
Mouse13,1,146,1,2
Mouse13,1,149,1,2
Mouse13,1,150,1,2
Mouse13,1,151,1,2
Mouse13,1,152,1,2
Mouse13,1,153,1,2
Mouse13,1,154,0,2
Mouse13,1,159,0,2
Mouse13,1,160,1,2
Mouse13,1,164,0,2
Mouse13,1,165,0,2
Mouse13,1,166,0,2
Mouse13,1,168,1,2
Mouse13,1,169,1,2
Mouse13,1,170,1,2
Mouse13,1,172,1,2
Mouse13,1,175,1,2
Mouse13,1,176,0,2
Mouse13,1,178,0,2
Mouse13,1,179,1,2
Mouse13,1,180,1,2
Mouse13,1,181,1,2
Mouse13,1,184,1,2
Mouse13,1,190,1,2
Mouse13,1,192,0,2
Mouse13,2,3,1,2
Mouse13,2,4,0,2
Mouse13,2,5,1,2
Mouse13,2,6,1,2
Mouse13,2,7,1,2
Mouse13,2,8,0,2
Mouse13,2,10,0,2
Mouse13,2,11,1,2
Mouse13,2,12,0,2
Mouse13,2,13,1,2
Mouse13,2,14,0,2
Mouse13,2,15,0,2
Mouse13,2,16,0,2
Mouse13,2,17,0,2
Mouse13,2,18,1,2
Mouse13,2,19,1,2
Mouse13,2,20,0,2
Mouse13,2,23,1,2
Mouse13,2,24,1,2
Mouse13,2,25,1,2
Mouse13,2,26,0,2
Mouse13,2,27,0,2
Mouse13,2,28,1,2
Mouse13,2,29,1,2
Mouse13,2,30,0,2
Mouse13,2,31,0,2
Mouse13,2,32,1,2
Mouse13,2,33,0,2
Mouse13,2,34,0,2
Mouse13,2,36,0,2
Mouse13,2,37,0,2
Mouse13,2,38,0,2
Mouse13,2,39,0,2
Mouse13,2,40,1,2
Mouse13,2,43,0,2
Mouse13,2,47,1,2
Mouse13,2,48,1,2
Mouse13,2,49,1,2
Mouse13,2,50,0,2
Mouse13,2,52,1,2
Mouse13,2,53,1,2
Mouse13,2,55,1,2
Mouse13,2,56,1,2
Mouse13,2,57,1,2
Mouse13,2,58,0,2
Mouse13,2,59,0,2
Mouse13,2,60,0,2
Mouse13,2,62,1,2
Mouse13,2,63,1,2
Mouse13,2,64,0,2
Mouse13,2,65,1,2
Mouse13,2,66,1,2
Mouse13,2,67,0,2
Mouse13,2,69,1,2
Mouse13,2,71,1,2
Mouse13,2,72,1,2
Mouse13,2,73,0,2
Mouse13,2,75,0,2
Mouse13,2,79,1,2
Mouse13,2,80,1,2
Mouse13,2,81,1,2
Mouse13,2,84,1,2
Mouse13,2,85,1,2
Mouse13,2,90,0,2
Mouse13,2,91,0,2
Mouse13,2,94,1,2
Mouse13,2,96,1,2
Mouse13,2,97,1,2
Mouse13,2,98,1,2
Mouse13,2,99,1,2
Mouse13,2,100,1,2
Mouse13,2,101,0,2
Mouse13,2,103,0,2
Mouse13,2,105,0,2
Mouse13,2,107,0,2
Mouse13,2,110,0,2
Mouse13,2,111,1,2
Mouse13,2,113,1,2
Mouse13,2,114,0,2
Mouse13,2,117,0,2
Mouse13,2,118,0,2
Mouse13,2,119,1,2
Mouse13,2,120,0,2
Mouse13,2,121,0,2
Mouse13,2,122,0,2
Mouse13,2,123,1,2
Mouse13,2,124,0,2
Mouse13,2,125,0,2
Mouse13,2,126,1,2
Mouse13,2,127,0,2
Mouse13,2,128,0,2
Mouse13,2,130,1,2
Mouse13,2,131,1,2
Mouse13,2,132,0,2
Mouse13,2,134,1,2
Mouse13,2,135,1,2
Mouse13,2,136,1,2
Mouse13,2,137,0,2
Mouse13,2,140,1,2
Mouse13,2,141,1,2
Mouse13,2,142,0,2
Mouse13,2,144,1,2
Mouse13,2,145,0,2
Mouse13,2,146,0,2
Mouse13,2,147,1,2
Mouse13,2,148,1,2
Mouse13,2,149,0,2
Mouse13,2,151,1,2
Mouse13,2,153,0,2
Mouse13,2,154,1,2
Mouse13,2,155,1,2
Mouse13,2,156,1,2
Mouse13,2,157,0,2
Mouse13,2,158,0,2
Mouse13,2,159,1,2
Mouse13,2,160,0,2
Mouse13,2,161,0,2
Mouse13,2,166,0,2
Mouse13,2,167,0,2
Mouse13,2,170,0,2
Mouse13,2,174,0,2
Mouse13,2,177,1,2
Mouse13,2,178,0,2
Mouse13,2,179,1,2
Mouse13,2,181,0,2
Mouse13,2,182,0,2
Mouse13,2,183,1,2
Mouse13,2,185,0,2
Mouse13,3,4,1,2
Mouse13,3,5,0,2
Mouse13,3,7,0,2
Mouse13,3,8,1,2
Mouse13,3,9,0,2
Mouse13,3,10,0,2
Mouse13,3,11,0,2
Mouse13,3,12,1,2
Mouse13,3,13,0,2
Mouse13,3,14,0,2
Mouse13,3,16,0,2
Mouse13,3,17,0,2
Mouse13,3,18,1,2
Mouse13,3,19,0,2
Mouse13,3,20,0,2
Mouse13,3,21,1,2
Mouse13,3,22,0,2
Mouse13,3,23,0,2
Mouse13,3,24,1,2
Mouse13,3,26,0,2
Mouse13,3,27,0,2
Mouse13,3,28,0,2
Mouse13,3,30,1,2
Mouse13,3,32,1,2
Mouse13,3,34,0,2
Mouse13,3,35,1,2
Mouse13,3,36,1,2
Mouse13,3,37,1,2
Mouse13,3,38,1,2
Mouse13,3,39,1,2
Mouse13,3,40,1,2
Mouse13,3,41,1,2
Mouse13,3,42,0,2
Mouse13,3,43,0,2
Mouse13,3,46,0,2
Mouse13,3,47,0,2
Mouse13,3,48,0,2
Mouse13,3,50,0,2
Mouse13,3,51,0,2
Mouse13,3,52,0,2
Mouse13,3,53,0,2
Mouse13,3,54,1,2
Mouse13,3,56,0,2
Mouse13,3,57,0,2
Mouse13,3,59,1,2
Mouse13,3,60,1,2
Mouse13,3,61,1,2
Mouse13,3,62,1,2
Mouse13,3,63,1,2
Mouse13,3,64,0,2
Mouse13,3,65,1,2
Mouse13,3,66,0,2
Mouse13,3,67,1,2
Mouse13,3,68,1,2
Mouse13,3,69,1,2
Mouse13,3,70,1,2
Mouse13,3,71,1,2
Mouse13,3,72,1,2
Mouse13,3,74,0,2
Mouse13,3,75,1,2
Mouse13,3,76,0,2
Mouse13,3,77,0,2
Mouse13,3,78,0,2
Mouse13,3,79,0,2
Mouse13,3,84,0,2
Mouse13,3,86,0,2
Mouse13,3,87,1,2
Mouse13,3,88,0,2
Mouse13,3,89,0,2
Mouse13,3,90,0,2
Mouse13,3,91,1,2
Mouse13,3,92,1,2
Mouse13,3,93,1,2
Mouse13,3,96,0,2
Mouse13,3,97,0,2
Mouse13,3,98,1,2
Mouse13,3,100,0,2
Mouse13,3,105,0,2
Mouse13,3,109,0,2
Mouse13,3,110,0,2
Mouse13,3,112,1,2
Mouse13,3,113,1,2
Mouse13,3,114,1,2
Mouse13,3,115,1,2
Mouse13,3,116,1,2
Mouse13,3,117,0,2
Mouse13,3,118,1,2
Mouse13,3,119,0,2
Mouse13,3,120,0,2
Mouse13,3,121,0,2
Mouse13,3,123,0,2
Mouse13,3,124,0,2
Mouse13,3,126,1,2
Mouse13,3,127,1,2
Mouse13,3,128,1,2
Mouse13,3,129,1,2
Mouse13,3,130,1,2
Mouse13,3,131,1,2
Mouse13,3,133,0,2
Mouse13,3,137,0,2
Mouse13,3,140,1,2
Mouse13,3,141,1,2
Mouse13,3,142,1,2
Mouse13,3,143,1,2
Mouse13,3,144,1,2
Mouse13,3,145,0,2
Mouse13,3,149,0,2
Mouse13,3,150,1,2
Mouse13,3,151,0,2
Mouse13,3,152,1,2
Mouse13,3,155,0,2
Mouse13,3,157,0,2
Mouse13,3,160,1,2
Mouse13,3,161,1,2
Mouse13,3,162,1,2
Mouse13,3,163,1,2
Mouse13,3,164,1,2
Mouse13,3,165,0,2
Mouse13,3,166,1,2
Mouse13,3,167,0,2
Mouse13,3,168,0,2
Mouse13,3,169,0,2
Mouse13,3,171,1,2
Mouse13,3,172,1,2
Mouse13,3,173,1,2
Mouse13,3,174,1,2
Mouse13,3,175,0,2
Mouse13,3,178,0,2
Mouse13,3,180,1,2
Mouse13,3,181,0,2
Mouse13,3,184,0,2
Mouse13,3,185,1,2
Mouse13,3,186,1,2
Mouse13,3,187,1,2
Mouse13,3,189,0,2
Mouse13,3,190,1,2
Mouse13,3,191,0,2
Mouse13,3,194,1,2
Mouse13,3,195,1,2
Mouse13,3,196,1,2
Mouse13,3,197,1,2
Mouse13,3,199,0,2
Mouse13,3,201,0,2
Mouse13,3,202,1,2
Mouse13,3,206,1,2
Mouse13,3,207,1,2
Mouse13,3,208,1,2
Mouse13,3,209,1,2
Mouse13,3,210,0,2
Mouse13,3,211,0,2
Mouse13,3,212,0,2
Mouse14,1,2,0,2
Mouse14,1,3,1,2
Mouse14,1,4,0,2
Mouse14,1,5,1,2
Mouse14,1,6,1,2
Mouse14,1,7,1,2
Mouse14,1,8,1,2
Mouse14,1,9,1,2
Mouse14,1,10,1,2
Mouse14,1,11,0,2
Mouse14,1,12,1,2
Mouse14,1,14,1,2
Mouse14,1,15,0,2
Mouse14,1,16,1,2
Mouse14,1,17,0,2
Mouse14,1,18,0,2
Mouse14,1,19,0,2
Mouse14,1,20,0,2
Mouse14,1,24,0,2
Mouse14,1,26,1,2
Mouse14,1,28,0,2
Mouse14,1,29,0,2
Mouse14,1,31,0,2
Mouse14,1,32,0,2
Mouse14,1,35,0,2
Mouse14,1,36,1,2
Mouse14,1,37,1,2
Mouse14,1,38,0,2
Mouse14,1,40,1,2
Mouse14,1,42,1,2
Mouse14,1,43,1,2
Mouse14,1,44,1,2
Mouse14,1,46,0,2
Mouse14,1,50,1,2
Mouse14,1,51,0,2
Mouse14,1,52,1,2
Mouse14,1,53,0,2
Mouse14,1,54,1,2
Mouse14,1,55,0,2
Mouse14,1,56,0,2
Mouse14,1,57,1,2
Mouse14,1,58,1,2
Mouse14,1,59,1,2
Mouse14,1,60,0,2
Mouse14,1,61,1,2
Mouse14,1,62,0,2
Mouse14,1,63,1,2
Mouse14,1,64,1,2
Mouse14,1,65,0,2
Mouse14,1,81,1,2
Mouse14,1,82,0,2
Mouse14,1,85,0,2
Mouse14,1,87,1,2
Mouse14,1,88,1,2
Mouse14,1,89,1,2
Mouse14,1,90,0,2
Mouse14,1,91,0,2
Mouse14,1,93,0,2
Mouse14,1,94,1,2
Mouse14,1,96,0,2
Mouse14,1,97,1,2
Mouse14,1,98,1,2
Mouse14,1,99,0,2
Mouse14,1,100,1,2
Mouse14,1,101,1,2
Mouse14,1,102,1,2
Mouse14,1,103,1,2
Mouse14,1,104,0,2
Mouse14,1,105,0,2
Mouse14,1,106,1,2
Mouse14,1,107,0,2
Mouse14,1,108,0,2
Mouse14,1,109,0,2
Mouse14,1,110,0,2
Mouse14,1,111,1,2
Mouse14,1,112,0,2
Mouse14,1,113,1,2
Mouse14,1,114,0,2
Mouse14,1,115,1,2
Mouse14,1,117,0,2
Mouse14,1,121,1,2
Mouse14,1,122,1,2
Mouse14,1,125,1,2
Mouse14,1,127,0,2
Mouse14,1,128,0,2
Mouse14,1,129,0,2
Mouse14,1,130,0,2
Mouse14,1,136,0,2
Mouse14,1,137,0,2
Mouse14,1,138,0,2
Mouse14,1,140,0,2
Mouse14,1,146,1,2
Mouse14,1,147,1,2
Mouse14,1,148,0,2
Mouse14,1,149,0,2
Mouse14,1,150,0,2
Mouse14,1,151,1,2
Mouse14,1,152,1,2
Mouse14,1,153,0,2
Mouse14,1,154,0,2
Mouse14,1,155,1,2
Mouse14,1,156,0,2
Mouse14,1,158,0,2
Mouse14,1,164,0,2
Mouse14,1,165,0,2
Mouse14,1,166,0,2
Mouse14,1,167,1,2
Mouse14,1,168,0,2
Mouse14,1,170,1,2
Mouse14,1,175,0,2
Mouse14,1,176,0,2
Mouse14,1,177,1,2
Mouse14,1,178,1,2
Mouse14,1,179,0,2
Mouse14,1,180,0,2
Mouse14,1,181,0,2
Mouse14,1,182,0,2
Mouse14,1,183,0,2
Mouse14,1,186,0,2
Mouse14,1,189,1,2
Mouse14,1,191,0,2
Mouse14,1,193,0,2
Mouse14,1,203,0,2
Mouse14,1,204,1,2
Mouse14,1,206,1,2
Mouse14,1,207,0,2
Mouse14,1,208,1,2
Mouse14,1,209,1,2
Mouse14,1,210,0,2
Mouse14,1,211,0,2
Mouse14,1,212,1,2
Mouse14,1,213,0,2
Mouse14,1,214,0,2
Mouse14,1,215,0,2
Mouse14,1,216,0,2
Mouse14,1,219,0,2
Mouse14,1,223,0,2
Mouse14,1,224,1,2
Mouse14,1,225,0,2
Mouse14,1,226,0,2
Mouse14,1,227,0,2
Mouse14,1,228,0,2
Mouse14,1,231,0,2
Mouse14,1,235,1,2
Mouse14,1,237,1,2
Mouse14,1,238,0,2
Mouse14,1,240,0,2
Mouse14,1,241,0,2
Mouse14,1,242,0,2
Mouse14,1,243,0,2
Mouse14,2,2,0,2
Mouse14,2,3,1,2
Mouse14,2,4,1,2
Mouse14,2,5,1,2
Mouse14,2,6,1,2
Mouse14,2,7,0,2
Mouse14,2,10,1,2
Mouse14,2,11,1,2
Mouse14,2,12,1,2
Mouse14,2,13,0,2
Mouse14,2,14,1,2
Mouse14,2,15,1,2
Mouse14,2,16,0,2
Mouse14,2,17,0,2
Mouse14,2,18,0,2
Mouse14,2,19,0,2
Mouse14,2,20,1,2
Mouse14,2,21,1,2
Mouse14,2,22,1,2
Mouse14,2,23,1,2
Mouse14,2,24,1,2
Mouse14,2,25,1,2
Mouse14,2,27,1,2
Mouse14,2,28,0,2
Mouse14,2,29,0,2
Mouse14,2,31,0,2
Mouse14,2,33,0,2
Mouse14,2,37,0,2
Mouse14,2,38,0,2
Mouse14,2,39,0,2
Mouse14,2,42,0,2
Mouse14,2,43,1,2
Mouse14,2,45,1,2
Mouse14,2,47,1,2
Mouse14,2,48,1,2
Mouse14,2,49,1,2
Mouse14,2,50,0,2
Mouse14,2,51,1,2
Mouse14,2,53,0,2
Mouse14,2,55,0,2
Mouse14,2,56,0,2
Mouse14,2,60,1,2
Mouse14,2,61,0,2
Mouse14,2,62,1,2
Mouse14,2,63,1,2
Mouse14,2,64,0,2
Mouse14,2,66,1,2
Mouse14,2,67,1,2
Mouse14,2,68,1,2
Mouse14,2,69,0,2
Mouse14,2,70,1,2
Mouse14,2,71,1,2
Mouse14,2,72,1,2
Mouse14,2,73,0,2
Mouse14,2,74,0,2
Mouse14,2,75,1,2
Mouse14,2,76,0,2
Mouse14,2,77,0,2
Mouse14,2,80,1,2
Mouse14,2,83,0,2
Mouse14,2,84,1,2
Mouse14,2,85,0,2
Mouse14,2,88,0,2
Mouse14,2,90,1,2
Mouse14,2,92,0,2
Mouse14,2,94,0,2
Mouse14,2,95,1,2
Mouse14,2,96,0,2
Mouse14,2,97,1,2
Mouse14,2,98,1,2
Mouse14,2,99,1,2
Mouse14,2,101,1,2
Mouse14,2,102,1,2
Mouse14,2,103,0,2
Mouse14,2,105,1,2
Mouse14,2,106,0,2
Mouse14,2,108,0,2
Mouse14,2,109,0,2
Mouse14,2,110,1,2
Mouse14,2,112,1,2
Mouse14,2,113,1,2
Mouse14,2,114,1,2
Mouse14,2,115,0,2
Mouse14,2,116,1,2
Mouse14,2,118,0,2
Mouse14,2,122,0,2
Mouse14,2,126,0,2
Mouse14,2,129,1,2
Mouse14,2,130,1,2
Mouse14,2,133,1,2
Mouse14,2,134,0,2
Mouse14,2,136,0,2
Mouse14,2,138,0,2
Mouse14,2,139,1,2
Mouse14,2,140,1,2
Mouse14,2,141,0,2
Mouse14,2,142,1,2
Mouse14,2,143,0,2
Mouse14,2,144,1,2
Mouse14,2,145,1,2
Mouse14,2,146,0,2
Mouse14,2,147,0,2
Mouse14,2,149,0,2
Mouse14,2,150,1,2
Mouse14,2,151,0,2
Mouse14,2,152,0,2
Mouse14,2,153,0,2
Mouse14,2,154,1,2
Mouse14,2,155,0,2
Mouse14,2,156,1,2
Mouse14,2,157,1,2
Mouse14,2,158,1,2
Mouse14,2,159,0,2
Mouse14,2,160,1,2
Mouse14,2,161,0,2
Mouse14,2,162,0,2
Mouse14,2,163,1,2
Mouse14,2,165,0,2
Mouse14,2,169,0,2
Mouse14,2,170,1,2
Mouse14,2,171,1,2
Mouse14,2,172,0,2
Mouse14,2,173,0,2
Mouse14,2,175,0,2
Mouse14,2,178,0,2
Mouse14,2,179,1,2
Mouse14,2,180,0,2
Mouse14,2,182,0,2
Mouse14,2,183,1,2
Mouse14,2,185,1,2
Mouse14,2,186,0,2
Mouse14,2,187,1,2
Mouse14,2,188,1,2
Mouse14,2,189,1,2
Mouse14,2,190,1,2
Mouse14,2,191,0,2
Mouse14,3,2,0,2
Mouse14,3,3,1,2
Mouse14,3,4,1,2
Mouse14,3,5,0,2
Mouse14,3,6,0,2
Mouse14,3,7,0,2
Mouse14,3,8,1,2
Mouse14,3,9,1,2
Mouse14,3,10,1,2
Mouse14,3,12,0,2
Mouse14,3,13,1,2
Mouse14,3,14,1,2
Mouse14,3,15,1,2
Mouse14,3,16,1,2
Mouse14,3,17,1,2
Mouse14,3,18,1,2
Mouse14,3,19,0,2
Mouse14,3,20,1,2
Mouse14,3,21,0,2
Mouse14,3,23,0,2
Mouse14,3,27,0,2
Mouse14,3,28,0,2
Mouse14,3,31,1,2
Mouse14,3,33,0,2
Mouse14,3,34,1,2
Mouse14,3,35,0,2
Mouse14,3,38,0,2
Mouse14,3,39,1,2
Mouse14,3,40,0,2
Mouse14,3,41,0,2
Mouse14,3,42,0,2
Mouse14,3,43,1,2
Mouse14,3,44,0,2
Mouse14,3,45,0,2
Mouse14,3,47,0,2
Mouse14,3,48,1,2
Mouse14,3,55,0,2
Mouse14,3,58,1,2
Mouse14,3,59,0,2
Mouse14,3,60,0,2
Mouse14,3,61,1,2
Mouse14,3,63,1,2
Mouse14,3,64,1,2
Mouse14,3,65,0,2
Mouse14,3,66,0,2
Mouse14,3,67,1,2
Mouse14,3,68,1,2
Mouse14,3,70,0,2
Mouse14,3,72,1,2
Mouse14,3,73,0,2
Mouse14,3,75,0,2
Mouse14,3,76,1,2
Mouse14,3,77,1,2
Mouse14,3,78,1,2
Mouse14,3,79,0,2
Mouse14,3,82,1,2
Mouse14,3,83,1,2
Mouse14,3,84,0,2
Mouse14,3,85,1,2
Mouse14,3,86,1,2
Mouse14,3,87,0,2
Mouse14,3,88,1,2
Mouse14,3,89,1,2
Mouse14,3,90,0,2
Mouse14,3,92,1,2
Mouse14,3,96,1,2
Mouse14,3,98,1,2
Mouse14,3,103,1,2
Mouse14,3,104,1,2
Mouse14,3,105,1,2
Mouse14,3,106,0,2
Mouse14,3,107,0,2
Mouse14,3,110,1,2
Mouse14,3,112,0,2
Mouse14,3,113,0,2
Mouse14,3,114,1,2
Mouse14,3,115,1,2
Mouse14,3,116,0,2
Mouse14,3,117,0,2
Mouse14,3,118,1,2
Mouse14,3,119,0,2
Mouse14,3,120,0,2
Mouse14,3,122,1,2
Mouse14,3,123,1,2
Mouse14,3,124,1,2
Mouse14,3,125,1,2
Mouse14,3,126,0,2
Mouse14,3,127,0,2
Mouse14,3,128,0,2
Mouse14,3,129,0,2
Mouse14,3,130,1,2
Mouse14,3,132,1,2
Mouse14,3,133,1,2
Mouse14,3,135,1,2
Mouse14,3,138,1,2
Mouse14,3,143,1,2
Mouse14,3,144,1,2
Mouse14,3,151,0,2
Mouse14,3,153,0,2
Mouse14,3,155,1,2
Mouse14,3,156,0,2
Mouse14,3,157,1,2
Mouse14,3,158,1,2
Mouse14,3,159,1,2
Mouse14,3,160,0,2
Mouse14,3,161,1,2
Mouse14,3,162,1,2
Mouse14,3,163,1,2
Mouse14,3,165,0,2
Mouse14,3,170,0,2
Mouse14,3,173,0,2
Mouse14,3,174,0,2
Mouse14,3,175,0,2
Mouse14,3,177,0,2
Mouse14,3,178,0,2
Mouse14,3,179,0,2
Mouse14,3,181,0,2
Mouse14,3,183,1,2
Mouse14,3,184,1,2
Mouse14,3,185,0,2
Mouse14,3,186,1,2
Mouse14,3,187,0,2
Mouse14,3,188,1,2
Mouse14,3,189,1,2
Mouse14,3,191,0,2
Mouse14,3,192,0,2
Mouse14,3,195,0,2
Mouse14,3,196,1,2
Mouse14,3,197,1,2
Mouse14,3,198,0,2
Mouse14,3,199,1,2
Mouse14,3,200,1,2
Mouse14,3,201,1,2
Mouse14,3,202,1,2
Mouse14,3,203,1,2
Mouse14,3,204,0,2
Mouse14,3,205,0,2
Mouse14,3,206,0,2
Mouse14,3,209,1,2
Mouse14,3,211,0,2
Mouse14,3,212,1,2
Mouse14,3,213,0,2
Mouse14,3,214,1,2
Mouse14,3,218,1,2
Mouse14,3,220,0,2
Mouse14,3,221,0,2
Mouse14,3,223,1,2
Mouse14,3,224,1,2
Mouse14,3,225,0,2
Mouse14,3,227,0,2
Mouse14,3,228,1,2
